project_name,repository,file_path,line_number,usage_type,code_snippet,file_url
aodh,openstack/aodh,releasenotes/notes/remove-eventlet-18ada1cff213af5e.yaml,4,"Other(""Remove eventlet from Aodh in favour of threaded ap"")",Remove eventlet from Aodh in favour of threaded approach,https://opendev.org/openstack/aodh/src/branch/master/releasenotes/notes/remove-eventlet-18ada1cff213af5e.yaml
aodh,openstack/aodh,releasenotes/source/locale/de/LC_MESSAGES/releasenotes.po,241,"Other(""msgid \""Remove eventlet from Aodh in favour of thre"")","msgid ""Remove eventlet from Aodh in favour of threaded approach""",https://opendev.org/openstack/aodh/src/branch/master/releasenotes/source/locale/de/LC_MESSAGES/releasenotes.po
aodh,openstack/aodh,releasenotes/source/locale/en_GB/LC_MESSAGES/releasenotes.po,444,"Other(""msgid \""Remove eventlet from Aodh in favour of thre"")","msgid ""Remove eventlet from Aodh in favour of threaded approach""",https://opendev.org/openstack/aodh/src/branch/master/releasenotes/source/locale/en_GB/LC_MESSAGES/releasenotes.po
aodh,openstack/aodh,releasenotes/source/locale/en_GB/LC_MESSAGES/releasenotes.po,445,"Other(""msgstr \""Remove eventlet from Aodh in favour of thr"")","msgstr ""Remove eventlet from Aodh in favour of threaded approach""",https://opendev.org/openstack/aodh/src/branch/master/releasenotes/source/locale/en_GB/LC_MESSAGES/releasenotes.po
aodh,openstack/aodh,releasenotes/source/locale/ja/LC_MESSAGES/releasenotes.po,231,"Other(""msgid \""Remove eventlet from Aodh in favour of thre"")","msgid ""Remove eventlet from Aodh in favour of threaded approach""",https://opendev.org/openstack/aodh/src/branch/master/releasenotes/source/locale/ja/LC_MESSAGES/releasenotes.po
auto-scaling-sig,openstack/auto-scaling-sig,.zuul.yaml,56,"Other(""eventlet_opts:"")",eventlet_opts:,https://opendev.org/openstack/auto-scaling-sig/src/branch/master/.zuul.yaml
bifrost,openstack/bifrost,upper-constraints-cs9-py39.txt,158,"Other(""eventlet===0.40.1"")",eventlet===0.40.1,https://opendev.org/openstack/bifrost/src/branch/master/upper-constraints-cs9-py39.txt
blazar,openstack/blazar,blazar/api/v1/app.py,16,Import,import eventlet,https://opendev.org/openstack/blazar/src/branch/master/blazar/api/v1/app.py
blazar,openstack/blazar,blazar/api/v1/app.py,17,"Other(""eventlet.monkey_patch"")",eventlet.monkey_patch(,https://opendev.org/openstack/blazar/src/branch/master/blazar/api/v1/app.py
blazar,openstack/blazar,blazar/cmd/api.py,16,Import,import eventlet,https://opendev.org/openstack/blazar/src/branch/master/blazar/cmd/api.py
blazar,openstack/blazar,blazar/cmd/api.py,17,"Other(""eventlet.monkey_patch"")",eventlet.monkey_patch(,https://opendev.org/openstack/blazar/src/branch/master/blazar/cmd/api.py
blazar,openstack/blazar,blazar/cmd/api.py,23,Import,from eventlet import wsgi,https://opendev.org/openstack/blazar/src/branch/master/blazar/cmd/api.py
blazar,openstack/blazar,blazar/cmd/api.py,59,Listen,"wsgi.server(eventlet.listen((CONF.host, CONF.port), backlog=500), app)",https://opendev.org/openstack/blazar/src/branch/master/blazar/cmd/api.py
blazar,openstack/blazar,blazar/cmd/manager.py,16,Import,import eventlet,https://opendev.org/openstack/blazar/src/branch/master/blazar/cmd/manager.py
blazar,openstack/blazar,blazar/cmd/manager.py,17,MonkeyPatch,eventlet.monkey_patch(),https://opendev.org/openstack/blazar/src/branch/master/blazar/cmd/manager.py
blazar,openstack/blazar,blazar/manager/service.py,20,Import,import eventlet,https://opendev.org/openstack/blazar/src/branch/master/blazar/manager/service.py
blazar,openstack/blazar,blazar/manager/service.py,163,Spawn,event_thread = eventlet.spawn(,https://opendev.org/openstack/blazar/src/branch/master/blazar/manager/service.py
blazar,openstack/blazar,blazar/monitor/notification_monitor.py,38,Executor,executor='eventlet',https://opendev.org/openstack/blazar/src/branch/master/blazar/monitor/notification_monitor.py
blazar,openstack/blazar,blazar/rpc.py,46,Executor,"executor='eventlet',",https://opendev.org/openstack/blazar/src/branch/master/blazar/rpc.py
blazar,openstack/blazar,requirements.txt,11,"Other(""eventlet!=0.18.3,!=0.20.1,!=0.21.0,!=0.23.0,!=0.25"")","eventlet!=0.18.3,!=0.20.1,!=0.21.0,!=0.23.0,!=0.25.0,>=0.18.2 # MIT",https://opendev.org/openstack/blazar/src/branch/master/requirements.txt
ceilometer,openstack/ceilometer,releasenotes/notes/remove-eventlet-6738321434b60c78.yaml,4,"Other(""Remove eventlet from Ceilometer in favour of threa"")",Remove eventlet from Ceilometer in favour of threaded approach,https://opendev.org/openstack/ceilometer/src/branch/master/releasenotes/notes/remove-eventlet-6738321434b60c78.yaml
ceilometer,openstack/ceilometer,releasenotes/source/locale/en_GB/LC_MESSAGES/releasenotes.po,939,"Other(""msgid \""Remove eventlet from Ceilometer in favour o"")","msgid ""Remove eventlet from Ceilometer in favour of threaded approach""",https://opendev.org/openstack/ceilometer/src/branch/master/releasenotes/source/locale/en_GB/LC_MESSAGES/releasenotes.po
ceilometer,openstack/ceilometer,releasenotes/source/locale/en_GB/LC_MESSAGES/releasenotes.po,940,"Other(""msgstr \""Remove eventlet from Ceilometer in favour "")","msgstr ""Remove eventlet from Ceilometer in favour of threaded approach""",https://opendev.org/openstack/ceilometer/src/branch/master/releasenotes/source/locale/en_GB/LC_MESSAGES/releasenotes.po
ceilometer,openstack/ceilometer,releasenotes/source/mitaka.rst,51,"Other("".. releasenotes/notes/remove-eventlet-6738321434b6"")",.. releasenotes/notes/remove-eventlet-6738321434b60c78.yaml @ f24ea44401b8945c9cb8a34b2aedebba3c040691,https://opendev.org/openstack/ceilometer/src/branch/master/releasenotes/source/mitaka.rst
ceilometer,openstack/ceilometer,releasenotes/source/mitaka.rst,53,"Other(""- Remove eventlet from Ceilometer in favour of thr"")",- Remove eventlet from Ceilometer in favour of threaded approach,https://opendev.org/openstack/ceilometer/src/branch/master/releasenotes/source/mitaka.rst
charm-manila,openstack/charm-manila,src/templates/mitaka/logging.conf,43,"Other(""[logger_eventletwsgi]"")",[logger_eventletwsgi],https://opendev.org/openstack/charm-manila/src/branch/master/src/templates/mitaka/logging.conf
charm-manila,openstack/charm-manila,src/templates/mitaka/logging.conf,46,Wsgi,qualname = eventlet.wsgi.server,https://opendev.org/openstack/charm-manila/src/branch/master/src/templates/mitaka/logging.conf
charm-manila-ganesha,openstack/charm-manila-ganesha,src/templates/rocky/logging.conf,43,"Other(""[logger_eventletwsgi]"")",[logger_eventletwsgi],https://opendev.org/openstack/charm-manila-ganesha/src/branch/master/src/templates/rocky/logging.conf
charm-manila-ganesha,openstack/charm-manila-ganesha,src/templates/rocky/logging.conf,46,Wsgi,qualname = eventlet.wsgi.server,https://opendev.org/openstack/charm-manila-ganesha/src/branch/master/src/templates/rocky/logging.conf
cinder,openstack/cinder,cinder/__init__.py,21,Import,import eventlet  # noqa,https://opendev.org/openstack/cinder/src/branch/master/cinder/__init__.py
cinder,openstack/cinder,cinder/backup/api.py,25,Import,from eventlet import greenthread,https://opendev.org/openstack/cinder/src/branch/master/cinder/backup/api.py
cinder,openstack/cinder,cinder/backup/chunkeddriver.py,30,Import,import eventlet,https://opendev.org/openstack/cinder/src/branch/master/cinder/backup/chunkeddriver.py
cinder,openstack/cinder,cinder/backup/chunkeddriver.py,129,"Other(""eventlet.tpool"")",return eventlet.tpool.Proxy(result),https://opendev.org/openstack/cinder/src/branch/master/cinder/backup/chunkeddriver.py
cinder,openstack/cinder,cinder/backup/chunkeddriver.py,164,"Other(""eventlet.tpool"")",return eventlet.tpool.Proxy(writer),https://opendev.org/openstack/cinder/src/branch/master/cinder/backup/chunkeddriver.py
cinder,openstack/cinder,cinder/backup/chunkeddriver.py,169,"Other(""eventlet.tpool"")",return eventlet.tpool.Proxy(reader),https://opendev.org/openstack/cinder/src/branch/master/cinder/backup/chunkeddriver.py
cinder,openstack/cinder,cinder/backup/chunkeddriver.py,191,"Other(""The object writer methods must not have any loggin"")","The object writer methods must not have any logging calls, as eventlet",https://opendev.org/openstack/cinder/src/branch/master/cinder/backup/chunkeddriver.py
cinder,openstack/cinder,cinder/backup/chunkeddriver.py,192,"Other(""has a bug (https://github.com/eventlet/eventlet/is"")",has a bug (https://github.com/eventlet/eventlet/issues/432) that would,https://opendev.org/openstack/cinder/src/branch/master/cinder/backup/chunkeddriver.py
cinder,openstack/cinder,cinder/backup/chunkeddriver.py,201,"Other(""The object reader methods must not have any loggin"")","The object reader methods must not have any logging calls, as eventlet",https://opendev.org/openstack/cinder/src/branch/master/cinder/backup/chunkeddriver.py
cinder,openstack/cinder,cinder/backup/chunkeddriver.py,202,"Other(""has a bug (https://github.com/eventlet/eventlet/is"")",has a bug (https://github.com/eventlet/eventlet/issues/432) that would,https://opendev.org/openstack/cinder/src/branch/master/cinder/backup/chunkeddriver.py
cinder,openstack/cinder,cinder/backup/chunkeddriver.py,402,"Other(""eventlet.tpool"")",md5 = eventlet.tpool.execute(,https://opendev.org/openstack/cinder/src/branch/master/cinder/backup/chunkeddriver.py
cinder,openstack/cinder,cinder/backup/chunkeddriver.py,412,Sleep,LOG.debug('Calling eventlet.sleep(0)'),https://opendev.org/openstack/cinder/src/branch/master/cinder/backup/chunkeddriver.py
cinder,openstack/cinder,cinder/backup/chunkeddriver.py,413,Sleep,eventlet.sleep(0),https://opendev.org/openstack/cinder/src/branch/master/cinder/backup/chunkeddriver.py
cinder,openstack/cinder,cinder/backup/chunkeddriver.py,619,"Other(""eventlet.tpool"")","shalist = eventlet.tpool.execute(self._calculate_sha, data)",https://opendev.org/openstack/cinder/src/branch/master/cinder/backup/chunkeddriver.py
cinder,openstack/cinder,cinder/backup/chunkeddriver.py,771,Sleep,eventlet.sleep(0),https://opendev.org/openstack/cinder/src/branch/master/cinder/backup/chunkeddriver.py
cinder,openstack/cinder,cinder/backup/chunkeddriver.py,868,Sleep,eventlet.sleep(0),https://opendev.org/openstack/cinder/src/branch/master/cinder/backup/chunkeddriver.py
cinder,openstack/cinder,cinder/backup/drivers/ceph.py,55,Import,import eventlet,https://opendev.org/openstack/cinder/src/branch/master/cinder/backup/drivers/ceph.py
cinder,openstack/cinder,cinder/backup/drivers/ceph.py,135,"Other(""eventlet.tpool"")","meta_obj = eventlet.tpool.Proxy(rados.Object(self._client.ioctx,",https://opendev.org/openstack/cinder/src/branch/master/cinder/backup/drivers/ceph.py
cinder,openstack/cinder,cinder/backup/drivers/ceph.py,153,"Other(""eventlet.tpool"")","meta_obj = eventlet.tpool.Proxy(rados.Object(self._client.ioctx,",https://opendev.org/openstack/cinder/src/branch/master/cinder/backup/drivers/ceph.py
cinder,openstack/cinder,cinder/backup/drivers/ceph.py,166,"Other(""eventlet.tpool"")","meta_obj = eventlet.tpool.Proxy(rados.Object(self._client.ioctx,",https://opendev.org/openstack/cinder/src/branch/master/cinder/backup/drivers/ceph.py
cinder,openstack/cinder,cinder/backup/drivers/ceph.py,175,"Other(""eventlet.tpool"")","meta_obj = eventlet.tpool.Proxy(rados.Object(self._client.ioctx,",https://opendev.org/openstack/cinder/src/branch/master/cinder/backup/drivers/ceph.py
cinder,openstack/cinder,cinder/backup/drivers/ceph.py,340,"Other(""eventlet.tpool"")",client = eventlet.tpool.Proxy(self.rados.Rados(,https://opendev.org/openstack/cinder/src/branch/master/cinder/backup/drivers/ceph.py
cinder,openstack/cinder,cinder/backup/drivers/ceph.py,413,"Other(""eventlet.tpool"")",eventlet.tpool.Proxy(volume.rbd_image).discard(,https://opendev.org/openstack/cinder/src/branch/master/cinder/backup/drivers/ceph.py
cinder,openstack/cinder,cinder/backup/drivers/ceph.py,417,"Other(""eventlet.tpool"")",eventlet.tpool.Proxy(volume.rbd_image).discard(,https://opendev.org/openstack/cinder/src/branch/master/cinder/backup/drivers/ceph.py
cinder,openstack/cinder,cinder/backup/drivers/ceph.py,495,"Other(""eventlet.tpool"")",eventlet.tpool.Proxy(self.rbd.RBD()).create(,https://opendev.org/openstack/cinder/src/branch/master/cinder/backup/drivers/ceph.py
cinder,openstack/cinder,cinder/backup/drivers/ceph.py,519,"Other(""eventlet.tpool"")","base_rbd = eventlet.tpool.Proxy(self.rbd.Image(rados_client.ioctx,",https://opendev.org/openstack/cinder/src/branch/master/cinder/backup/drivers/ceph.py
cinder,openstack/cinder,cinder/backup/drivers/ceph.py,571,"Other(""eventlet.tpool"")","with eventlet.tpool.Proxy(rbd_driver.RADOSClient(self,",https://opendev.org/openstack/cinder/src/branch/master/cinder/backup/drivers/ceph.py
cinder,openstack/cinder,cinder/backup/drivers/ceph.py,597,"Other(""eventlet.tpool"")",eventlet.tpool.Proxy(self.rbd.RBD()).remove(,https://opendev.org/openstack/cinder/src/branch/master/cinder/backup/drivers/ceph.py
cinder,openstack/cinder,cinder/backup/drivers/ceph.py,625,"Other(""eventlet.tpool"")",if src_name in eventlet.tpool.Proxy(,https://opendev.org/openstack/cinder/src/branch/master/cinder/backup/drivers/ceph.py
cinder,openstack/cinder,cinder/backup/drivers/ceph.py,630,"Other(""eventlet.tpool"")","src_rbd = eventlet.tpool.Proxy(self.rbd.Image(client.ioctx,",https://opendev.org/openstack/cinder/src/branch/master/cinder/backup/drivers/ceph.py
cinder,openstack/cinder,cinder/backup/drivers/ceph.py,725,"Other(""eventlet.tpool"")",rbds = eventlet.tpool.Proxy(self.rbd.RBD()).list(client.ioctx),https://opendev.org/openstack/cinder/src/branch/master/cinder/backup/drivers/ceph.py
cinder,openstack/cinder,cinder/backup/drivers/ceph.py,743,"Other(""eventlet.tpool"")","base_rbd = eventlet.tpool.Proxy(self.rbd.Image(client.ioctx,",https://opendev.org/openstack/cinder/src/branch/master/cinder/backup/drivers/ceph.py
cinder,openstack/cinder,cinder/backup/drivers/ceph.py,764,"Other(""eventlet.tpool"")","with eventlet.tpool.Proxy(rbd_driver.RADOSClient(self,",https://opendev.org/openstack/cinder/src/branch/master/cinder/backup/drivers/ceph.py
cinder,openstack/cinder,cinder/backup/drivers/ceph.py,791,"Other(""eventlet.tpool"")","with eventlet.tpool.Proxy(rbd_driver.RADOSClient(self,",https://opendev.org/openstack/cinder/src/branch/master/cinder/backup/drivers/ceph.py
cinder,openstack/cinder,cinder/backup/drivers/ceph.py,794,"Other(""eventlet.tpool"")",base_rbd = eventlet.tpool.Proxy(,https://opendev.org/openstack/cinder/src/branch/master/cinder/backup/drivers/ceph.py
cinder,openstack/cinder,cinder/backup/drivers/ceph.py,827,"Other(""eventlet.tpool"")",source_rbd_image = eventlet.tpool.Proxy(volume_file.rbd_image),https://opendev.org/openstack/cinder/src/branch/master/cinder/backup/drivers/ceph.py
cinder,openstack/cinder,cinder/backup/drivers/ceph.py,1000,"Other(""eventlet.tpool"")","with eventlet.tpool.Proxy(rbd_driver.RADOSClient(self,",https://opendev.org/openstack/cinder/src/branch/master/cinder/backup/drivers/ceph.py
cinder,openstack/cinder,cinder/backup/drivers/ceph.py,1007,"Other(""eventlet.tpool"")",eventlet.tpool.Proxy(self.rbd.RBD()).create(,https://opendev.org/openstack/cinder/src/branch/master/cinder/backup/drivers/ceph.py
cinder,openstack/cinder,cinder/backup/drivers/ceph.py,1017,"Other(""eventlet.tpool"")","dest_rbd = eventlet.tpool.Proxy(self.rbd.Image(client.ioctx,",https://opendev.org/openstack/cinder/src/branch/master/cinder/backup/drivers/ceph.py
cinder,openstack/cinder,cinder/backup/drivers/ceph.py,1026,"Other(""eventlet.tpool"")",meta_io_proxy = eventlet.tpool.Proxy(rbd_fd),https://opendev.org/openstack/cinder/src/branch/master/cinder/backup/drivers/ceph.py
cinder,openstack/cinder,cinder/backup/drivers/ceph.py,1132,"Other(""eventlet.tpool"")","with eventlet.tpool.Proxy(rbd_driver.RADOSClient(self,",https://opendev.org/openstack/cinder/src/branch/master/cinder/backup/drivers/ceph.py
cinder,openstack/cinder,cinder/backup/drivers/ceph.py,1220,"Other(""eventlet.tpool"")","with eventlet.tpool.Proxy(rbd_driver.RADOSClient(self,",https://opendev.org/openstack/cinder/src/branch/master/cinder/backup/drivers/ceph.py
cinder,openstack/cinder,cinder/backup/drivers/ceph.py,1236,"Other(""eventlet.tpool"")","src_rbd = eventlet.tpool.Proxy(self.rbd.Image(client.ioctx,",https://opendev.org/openstack/cinder/src/branch/master/cinder/backup/drivers/ceph.py
cinder,openstack/cinder,cinder/backup/drivers/ceph.py,1264,"Other(""eventlet.tpool"")",src_rbd = eventlet.tpool.Proxy(self.rbd.Image(,https://opendev.org/openstack/cinder/src/branch/master/cinder/backup/drivers/ceph.py
cinder,openstack/cinder,cinder/backup/drivers/ceph.py,1276,"Other(""eventlet.tpool"")","self._transfer_data(eventlet.tpool.Proxy(rbd_fd), backup_name,",https://opendev.org/openstack/cinder/src/branch/master/cinder/backup/drivers/ceph.py
cinder,openstack/cinder,cinder/backup/drivers/ceph.py,1294,"Other(""eventlet.tpool"")","with eventlet.tpool.Proxy(rbd_driver.RADOSClient(self,",https://opendev.org/openstack/cinder/src/branch/master/cinder/backup/drivers/ceph.py
cinder,openstack/cinder,cinder/backup/drivers/ceph.py,1297,"Other(""eventlet.tpool"")","base_image = eventlet.tpool.Proxy(self.rbd.Image(client.ioctx,",https://opendev.org/openstack/cinder/src/branch/master/cinder/backup/drivers/ceph.py
cinder,openstack/cinder,cinder/backup/drivers/ceph.py,1356,"Other(""eventlet.tpool"")","with eventlet.tpool.Proxy(rbd_driver.RADOSClient(self,",https://opendev.org/openstack/cinder/src/branch/master/cinder/backup/drivers/ceph.py
cinder,openstack/cinder,cinder/backup/drivers/ceph.py,1358,"Other(""eventlet.tpool"")","base_rbd = eventlet.tpool.Proxy(self.rbd.Image(client.ioctx,",https://opendev.org/openstack/cinder/src/branch/master/cinder/backup/drivers/ceph.py
cinder,openstack/cinder,cinder/backup/drivers/ceph.py,1467,"Other(""eventlet.tpool"")",with eventlet.tpool.Proxy(rbd_driver.RADOSClient(,https://opendev.org/openstack/cinder/src/branch/master/cinder/backup/drivers/ceph.py
cinder,openstack/cinder,cinder/backup/drivers/ceph.py,1500,"Other(""eventlet.tpool"")",with eventlet.tpool.Proxy(rbd_driver.RADOSClient(self)) as client:,https://opendev.org/openstack/cinder/src/branch/master/cinder/backup/drivers/ceph.py
cinder,openstack/cinder,cinder/backup/drivers/ceph.py,1570,"Other(""eventlet.tpool"")",with eventlet.tpool.Proxy(rbd_driver.RADOSClient(,https://opendev.org/openstack/cinder/src/branch/master/cinder/backup/drivers/ceph.py
cinder,openstack/cinder,cinder/backup/manager.py,39,Import,from eventlet import tpool,https://opendev.org/openstack/cinder/src/branch/master/cinder/backup/manager.py
cinder,openstack/cinder,cinder/cmd/api.py,23,Import,import eventlet  # noqa,https://opendev.org/openstack/cinder/src/branch/master/cinder/cmd/api.py
cinder,openstack/cinder,cinder/cmd/api.py,24,MonkeyPatch,eventlet.monkey_patch(),https://opendev.org/openstack/cinder/src/branch/master/cinder/cmd/api.py
cinder,openstack/cinder,cinder/cmd/backup.py,28,Import,import eventlet,https://opendev.org/openstack/cinder/src/branch/master/cinder/cmd/backup.py
cinder,openstack/cinder,cinder/cmd/backup.py,29,MonkeyPatch,eventlet.monkey_patch(),https://opendev.org/openstack/cinder/src/branch/master/cinder/cmd/backup.py
cinder,openstack/cinder,cinder/cmd/backup.py,89,"Other(""eventlet.semaphore"")","_semaphore: Union[eventlet.semaphore.Semaphore,",https://opendev.org/openstack/cinder/src/branch/master/cinder/cmd/backup.py
cinder,openstack/cinder,cinder/cmd/scheduler.py,23,Import,import eventlet,https://opendev.org/openstack/cinder/src/branch/master/cinder/cmd/scheduler.py
cinder,openstack/cinder,cinder/cmd/scheduler.py,24,MonkeyPatch,eventlet.monkey_patch(),https://opendev.org/openstack/cinder/src/branch/master/cinder/cmd/scheduler.py
cinder,openstack/cinder,cinder/cmd/volume.py,25,Import,import eventlet,https://opendev.org/openstack/cinder/src/branch/master/cinder/cmd/volume.py
cinder,openstack/cinder,cinder/cmd/volume.py,26,Import,import eventlet.tpool,https://opendev.org/openstack/cinder/src/branch/master/cinder/cmd/volume.py
cinder,openstack/cinder,cinder/cmd/volume.py,33,"Other(""eventlet.monkey_patch"")",eventlet.monkey_patch(os=False),https://opendev.org/openstack/cinder/src/branch/master/cinder/cmd/volume.py
cinder,openstack/cinder,cinder/cmd/volume.py,35,MonkeyPatch,eventlet.monkey_patch(),https://opendev.org/openstack/cinder/src/branch/master/cinder/cmd/volume.py
cinder,openstack/cinder,cinder/image/image_utils.py,39,Import,from eventlet import tpool,https://opendev.org/openstack/cinder/src/branch/master/cinder/image/image_utils.py
cinder,openstack/cinder,cinder/manager.py,54,Import,from eventlet import greenpool,https://opendev.org/openstack/cinder/src/branch/master/cinder/manager.py
cinder,openstack/cinder,cinder/manager.py,55,Import,from eventlet import tpool,https://opendev.org/openstack/cinder/src/branch/master/cinder/manager.py
cinder,openstack/cinder,cinder/opts.py,205,Import,from cinder.wsgi import eventlet_server as cinder_wsgi_eventletserver,https://opendev.org/openstack/cinder/src/branch/master/cinder/opts.py
cinder,openstack/cinder,cinder/opts.py,326,"Other(""cinder_wsgi_eventletserver.socket_opts,"")","cinder_wsgi_eventletserver.socket_opts,",https://opendev.org/openstack/cinder/src/branch/master/cinder/opts.py
cinder,openstack/cinder,cinder/rpc.py,164,Executor,"executor='eventlet',",https://opendev.org/openstack/cinder/src/branch/master/cinder/rpc.py
cinder,openstack/cinder,cinder/scheduler/manager.py,26,Import,import eventlet,https://opendev.org/openstack/cinder/src/branch/master/cinder/scheduler/manager.py
cinder,openstack/cinder,cinder/scheduler/manager.py,120,Sleep,eventlet.sleep(1),https://opendev.org/openstack/cinder/src/branch/master/cinder/scheduler/manager.py
cinder,openstack/cinder,cinder/scheduler/manager.py,179,Sleep,eventlet.sleep(1),https://opendev.org/openstack/cinder/src/branch/master/cinder/scheduler/manager.py
cinder,openstack/cinder,cinder/ssh_utils.py,23,Import,from eventlet import pools,https://opendev.org/openstack/cinder/src/branch/master/cinder/ssh_utils.py
cinder,openstack/cinder,cinder/ssh_utils.py,59,"Other(""\""\""\""A simple eventlet pool to hold ssh connections."")","""""""A simple eventlet pool to hold ssh connections.""""""",https://opendev.org/openstack/cinder/src/branch/master/cinder/ssh_utils.py
cinder,openstack/cinder,cinder/utils.py,48,Import,import eventlet,https://opendev.org/openstack/cinder/src/branch/master/cinder/utils.py
cinder,openstack/cinder,cinder/utils.py,49,Import,from eventlet import tpool,https://opendev.org/openstack/cinder/src/branch/master/cinder/utils.py
cinder,openstack/cinder,cinder/utils.py,1007,"Other(""\""\""\""Custom semaphore to workaround eventlet issues "")","""""""Custom semaphore to workaround eventlet issues with multiprocessing.""""""",https://opendev.org/openstack/cinder/src/branch/master/cinder/utils.py
cinder,openstack/cinder,cinder/utils.py,1024,"Other(""eventlet.Semaphore"")","concurrent_processes: int) -> Union[eventlet.Semaphore,",https://opendev.org/openstack/cinder/src/branch/master/cinder/utils.py
cinder,openstack/cinder,cinder/utils.py,1035,"Other(""eventlet.Semaphore"")",return eventlet.Semaphore(limit),https://opendev.org/openstack/cinder/src/branch/master/cinder/utils.py
cinder,openstack/cinder,cinder/volume/drivers/datera/datera_api21.py,23,Import,import eventlet,https://opendev.org/openstack/cinder/src/branch/master/cinder/volume/drivers/datera/datera_api21.py
cinder,openstack/cinder,cinder/volume/drivers/datera/datera_api21.py,908,Sleep,eventlet.sleep(2),https://opendev.org/openstack/cinder/src/branch/master/cinder/volume/drivers/datera/datera_api21.py
cinder,openstack/cinder,cinder/volume/drivers/datera/datera_api21.py,925,Sleep,eventlet.sleep(datc.DEFAULT_SNAP_SLEEP),https://opendev.org/openstack/cinder/src/branch/master/cinder/volume/drivers/datera/datera_api21.py
cinder,openstack/cinder,cinder/volume/drivers/datera/datera_api21.py,935,Sleep,eventlet.sleep(1),https://opendev.org/openstack/cinder/src/branch/master/cinder/volume/drivers/datera/datera_api21.py
cinder,openstack/cinder,cinder/volume/drivers/datera/datera_api21.py,942,Sleep,eventlet.sleep(datc.DEFAULT_SI_SLEEP),https://opendev.org/openstack/cinder/src/branch/master/cinder/volume/drivers/datera/datera_api21.py
cinder,openstack/cinder,cinder/volume/drivers/datera/datera_api21.py,952,Sleep,eventlet.sleep(1),https://opendev.org/openstack/cinder/src/branch/master/cinder/volume/drivers/datera/datera_api21.py
cinder,openstack/cinder,cinder/volume/drivers/datera/datera_api22.py,23,Import,import eventlet,https://opendev.org/openstack/cinder/src/branch/master/cinder/volume/drivers/datera/datera_api22.py
cinder,openstack/cinder,cinder/volume/drivers/datera/datera_api22.py,958,Sleep,eventlet.sleep(2),https://opendev.org/openstack/cinder/src/branch/master/cinder/volume/drivers/datera/datera_api22.py
cinder,openstack/cinder,cinder/volume/drivers/datera/datera_api22.py,975,Sleep,eventlet.sleep(datc.DEFAULT_SNAP_SLEEP),https://opendev.org/openstack/cinder/src/branch/master/cinder/volume/drivers/datera/datera_api22.py
cinder,openstack/cinder,cinder/volume/drivers/datera/datera_api22.py,985,Sleep,eventlet.sleep(1),https://opendev.org/openstack/cinder/src/branch/master/cinder/volume/drivers/datera/datera_api22.py
cinder,openstack/cinder,cinder/volume/drivers/datera/datera_api22.py,992,Sleep,eventlet.sleep(datc.DEFAULT_SI_SLEEP),https://opendev.org/openstack/cinder/src/branch/master/cinder/volume/drivers/datera/datera_api22.py
cinder,openstack/cinder,cinder/volume/drivers/datera/datera_api22.py,1002,Sleep,eventlet.sleep(1),https://opendev.org/openstack/cinder/src/branch/master/cinder/volume/drivers/datera/datera_api22.py
cinder,openstack/cinder,cinder/volume/drivers/datera/datera_iscsi.py,19,Import,from eventlet.green import threading,https://opendev.org/openstack/cinder/src/branch/master/cinder/volume/drivers/datera/datera_iscsi.py
cinder,openstack/cinder,cinder/volume/drivers/dell_emc/sc/storagecenter_api.py,21,Import,import eventlet,https://opendev.org/openstack/cinder/src/branch/master/cinder/volume/drivers/dell_emc/sc/storagecenter_api.py
cinder,openstack/cinder,cinder/volume/drivers/dell_emc/sc/storagecenter_api.py,200,Sleep,eventlet.sleep(1),https://opendev.org/openstack/cinder/src/branch/master/cinder/volume/drivers/dell_emc/sc/storagecenter_api.py
cinder,openstack/cinder,cinder/volume/drivers/dell_emc/sc/storagecenter_api.py,2361,Sleep,eventlet.sleep(sleep),https://opendev.org/openstack/cinder/src/branch/master/cinder/volume/drivers/dell_emc/sc/storagecenter_api.py
cinder,openstack/cinder,cinder/volume/drivers/dell_emc/sc/storagecenter_common.py,15,Import,import eventlet,https://opendev.org/openstack/cinder/src/branch/master/cinder/volume/drivers/dell_emc/sc/storagecenter_common.py
cinder,openstack/cinder,cinder/volume/drivers/dell_emc/sc/storagecenter_common.py,1560,Sleep,eventlet.sleep(self.failback_timeout),https://opendev.org/openstack/cinder/src/branch/master/cinder/volume/drivers/dell_emc/sc/storagecenter_common.py
cinder,openstack/cinder,cinder/volume/drivers/hitachi/hbsd_replication.py,20,Import,from eventlet import greenthread,https://opendev.org/openstack/cinder/src/branch/master/cinder/volume/drivers/hitachi/hbsd_replication.py
cinder,openstack/cinder,cinder/volume/drivers/hitachi/hbsd_rest_api.py,23,Import,from eventlet import greenthread,https://opendev.org/openstack/cinder/src/branch/master/cinder/volume/drivers/hitachi/hbsd_rest_api.py
cinder,openstack/cinder,cinder/volume/drivers/hpe/nimble.py,30,Import,import eventlet,https://opendev.org/openstack/cinder/src/branch/master/cinder/volume/drivers/hpe/nimble.py
cinder,openstack/cinder,cinder/volume/drivers/hpe/nimble.py,249,Sleep,eventlet.sleep(DEFAULT_SLEEP),https://opendev.org/openstack/cinder/src/branch/master/cinder/volume/drivers/hpe/nimble.py
cinder,openstack/cinder,cinder/volume/drivers/hpe/nimble.py,1268,Sleep,eventlet.sleep(DEFAULT_SLEEP),https://opendev.org/openstack/cinder/src/branch/master/cinder/volume/drivers/hpe/nimble.py
cinder,openstack/cinder,cinder/volume/drivers/hpe/nimble.py,1474,Sleep,eventlet.sleep(DEFAULT_SLEEP),https://opendev.org/openstack/cinder/src/branch/master/cinder/volume/drivers/hpe/nimble.py
cinder,openstack/cinder,cinder/volume/drivers/hpe/nimble.py,2123,Sleep,eventlet.sleep(DEFAULT_SLEEP),https://opendev.org/openstack/cinder/src/branch/master/cinder/volume/drivers/hpe/nimble.py
cinder,openstack/cinder,cinder/volume/drivers/ibm/ibm_storage/ds8k_helper.py,22,Import,import eventlet,https://opendev.org/openstack/cinder/src/branch/master/cinder/volume/drivers/ibm/ibm_storage/ds8k_helper.py
cinder,openstack/cinder,cinder/volume/drivers/ibm/ibm_storage/ds8k_helper.py,525,Sleep,eventlet.sleep(5),https://opendev.org/openstack/cinder/src/branch/master/cinder/volume/drivers/ibm/ibm_storage/ds8k_helper.py
cinder,openstack/cinder,cinder/volume/drivers/ibm/ibm_storage/ds8k_helper.py,568,Sleep,eventlet.sleep(2),https://opendev.org/openstack/cinder/src/branch/master/cinder/volume/drivers/ibm/ibm_storage/ds8k_helper.py
cinder,openstack/cinder,cinder/volume/drivers/ibm/ibm_storage/ds8k_proxy.py,65,Import,import eventlet,https://opendev.org/openstack/cinder/src/branch/master/cinder/volume/drivers/ibm/ibm_storage/ds8k_proxy.py
cinder,openstack/cinder,cinder/volume/drivers/ibm/ibm_storage/ds8k_proxy.py,443,Spawn,"eventlet.spawn(self._wait_flashcopy, src_luns, tgt_luns)",https://opendev.org/openstack/cinder/src/branch/master/cinder/volume/drivers/ibm/ibm_storage/ds8k_proxy.py
cinder,openstack/cinder,cinder/volume/drivers/ibm/ibm_storage/ds8k_proxy.py,768,Spawn,"eventlet.spawn(self._wait_flashcopy, [src_lun], [tgt_lun])",https://opendev.org/openstack/cinder/src/branch/master/cinder/volume/drivers/ibm/ibm_storage/ds8k_proxy.py
cinder,openstack/cinder,cinder/volume/drivers/ibm/ibm_storage/ds8k_replication.py,16,Import,import eventlet,https://opendev.org/openstack/cinder/src/branch/master/cinder/volume/drivers/ibm/ibm_storage/ds8k_replication.py
cinder,openstack/cinder,cinder/volume/drivers/ibm/ibm_storage/ds8k_replication.py,262,Sleep,eventlet.sleep(2),https://opendev.org/openstack/cinder/src/branch/master/cinder/volume/drivers/ibm/ibm_storage/ds8k_replication.py
cinder,openstack/cinder,cinder/volume/drivers/ibm/ibm_storage/ds8k_restclient.py,21,Import,import eventlet,https://opendev.org/openstack/cinder/src/branch/master/cinder/volume/drivers/ibm/ibm_storage/ds8k_restclient.py
cinder,openstack/cinder,cinder/volume/drivers/ibm/ibm_storage/ds8k_restclient.py,218,Sleep,eventlet.sleep(2),https://opendev.org/openstack/cinder/src/branch/master/cinder/volume/drivers/ibm/ibm_storage/ds8k_restclient.py
cinder,openstack/cinder,cinder/volume/drivers/ibm/ibm_storage/ds8k_restclient.py,307,Sleep,eventlet.sleep(2),https://opendev.org/openstack/cinder/src/branch/master/cinder/volume/drivers/ibm/ibm_storage/ds8k_restclient.py
cinder,openstack/cinder,cinder/volume/drivers/ibm/storwize_svc/replication.py,19,Import,from eventlet import greenthread,https://opendev.org/openstack/cinder/src/branch/master/cinder/volume/drivers/ibm/storwize_svc/replication.py
cinder,openstack/cinder,cinder/volume/drivers/ibm/storwize_svc/storwize_svc_common.py,23,Import,from eventlet import greenthread,https://opendev.org/openstack/cinder/src/branch/master/cinder/volume/drivers/ibm/storwize_svc/storwize_svc_common.py
cinder,openstack/cinder,cinder/volume/drivers/inspur/as13000/as13000_driver.py,26,Import,import eventlet,https://opendev.org/openstack/cinder/src/branch/master/cinder/volume/drivers/inspur/as13000/as13000_driver.py
cinder,openstack/cinder,cinder/volume/drivers/inspur/as13000/as13000_driver.py,789,Sleep,eventlet.sleep(1),https://opendev.org/openstack/cinder/src/branch/master/cinder/volume/drivers/inspur/as13000/as13000_driver.py
cinder,openstack/cinder,cinder/volume/drivers/inspur/instorage/instorage_common.py,23,Import,from eventlet import greenthread,https://opendev.org/openstack/cinder/src/branch/master/cinder/volume/drivers/inspur/instorage/instorage_common.py
cinder,openstack/cinder,cinder/volume/drivers/inspur/instorage/replication.py,19,Import,from eventlet import greenthread,https://opendev.org/openstack/cinder/src/branch/master/cinder/volume/drivers/inspur/instorage/replication.py
cinder,openstack/cinder,cinder/volume/drivers/kaminario/kaminario_common.py,22,Import,import eventlet,https://opendev.org/openstack/cinder/src/branch/master/cinder/volume/drivers/kaminario/kaminario_common.py
cinder,openstack/cinder,cinder/volume/drivers/kaminario/kaminario_common.py,538,Sleep,eventlet.sleep(1),https://opendev.org/openstack/cinder/src/branch/master/cinder/volume/drivers/kaminario/kaminario_common.py
cinder,openstack/cinder,cinder/volume/drivers/kaminario/kaminario_common.py,736,Sleep,eventlet.sleep(1),https://opendev.org/openstack/cinder/src/branch/master/cinder/volume/drivers/kaminario/kaminario_common.py
cinder,openstack/cinder,cinder/volume/drivers/netapp/dataontap/client/api.py,27,Import,from eventlet import greenthread,https://opendev.org/openstack/cinder/src/branch/master/cinder/volume/drivers/netapp/dataontap/client/api.py
cinder,openstack/cinder,cinder/volume/drivers/netapp/dataontap/client/api.py,28,Import,from eventlet import semaphore,https://opendev.org/openstack/cinder/src/branch/master/cinder/volume/drivers/netapp/dataontap/client/api.py
cinder,openstack/cinder,cinder/volume/drivers/nexenta/nfs.py,20,Import,from eventlet import greenthread,https://opendev.org/openstack/cinder/src/branch/master/cinder/volume/drivers/nexenta/nfs.py
cinder,openstack/cinder,cinder/volume/drivers/nexenta/ns5/jsonrpc.py,21,Import,from eventlet import greenthread,https://opendev.org/openstack/cinder/src/branch/master/cinder/volume/drivers/nexenta/ns5/jsonrpc.py
cinder,openstack/cinder,cinder/volume/drivers/qnap.py,27,Import,import eventlet,https://opendev.org/openstack/cinder/src/branch/master/cinder/volume/drivers/qnap.py
cinder,openstack/cinder,cinder/volume/drivers/qnap.py,362,Sleep,eventlet.sleep(self.TIME_INTERVAL),https://opendev.org/openstack/cinder/src/branch/master/cinder/volume/drivers/qnap.py
cinder,openstack/cinder,cinder/volume/drivers/qnap.py,541,Sleep,eventlet.sleep(self.TIME_INTERVAL),https://opendev.org/openstack/cinder/src/branch/master/cinder/volume/drivers/qnap.py
cinder,openstack/cinder,cinder/volume/drivers/qnap.py,593,Sleep,eventlet.sleep(self.TIME_INTERVAL),https://opendev.org/openstack/cinder/src/branch/master/cinder/volume/drivers/qnap.py
cinder,openstack/cinder,cinder/volume/drivers/qnap.py,654,Sleep,eventlet.sleep(self.TIME_INTERVAL),https://opendev.org/openstack/cinder/src/branch/master/cinder/volume/drivers/qnap.py
cinder,openstack/cinder,cinder/volume/drivers/qnap.py,754,Sleep,eventlet.sleep(retrySleepTime),https://opendev.org/openstack/cinder/src/branch/master/cinder/volume/drivers/qnap.py
cinder,openstack/cinder,cinder/volume/drivers/qnap.py,888,Sleep,eventlet.sleep(self.TIME_INTERVAL),https://opendev.org/openstack/cinder/src/branch/master/cinder/volume/drivers/qnap.py
cinder,openstack/cinder,cinder/volume/drivers/qnap.py,902,Sleep,eventlet.sleep(self.TIME_INTERVAL),https://opendev.org/openstack/cinder/src/branch/master/cinder/volume/drivers/qnap.py
cinder,openstack/cinder,cinder/volume/drivers/qnap.py,914,Sleep,eventlet.sleep(self.TIME_INTERVAL),https://opendev.org/openstack/cinder/src/branch/master/cinder/volume/drivers/qnap.py
cinder,openstack/cinder,cinder/volume/drivers/qnap.py,2219,Sleep,eventlet.sleep(sleepSeconds),https://opendev.org/openstack/cinder/src/branch/master/cinder/volume/drivers/qnap.py
cinder,openstack/cinder,cinder/volume/drivers/rbd.py,28,Import,from eventlet import tpool,https://opendev.org/openstack/cinder/src/branch/master/cinder/volume/drivers/rbd.py
cinder,openstack/cinder,cinder/volume/drivers/san/san.py,24,Import,from eventlet import greenthread,https://opendev.org/openstack/cinder/src/branch/master/cinder/volume/drivers/san/san.py
cinder,openstack/cinder,cinder/volume/drivers/synology/synology_common.py,32,Import,import eventlet,https://opendev.org/openstack/cinder/src/branch/master/cinder/volume/drivers/synology/synology_common.py
cinder,openstack/cinder,cinder/volume/drivers/synology/synology_common.py,783,Sleep,eventlet.sleep(2),https://opendev.org/openstack/cinder/src/branch/master/cinder/volume/drivers/synology/synology_common.py
cinder,openstack/cinder,cinder/volume/drivers/synology/synology_common.py,801,Sleep,eventlet.sleep(2),https://opendev.org/openstack/cinder/src/branch/master/cinder/volume/drivers/synology/synology_common.py
cinder,openstack/cinder,cinder/volume/drivers/toyou/acs5000/acs5000_common.py,25,Import,from eventlet import greenthread,https://opendev.org/openstack/cinder/src/branch/master/cinder/volume/drivers/toyou/acs5000/acs5000_common.py
cinder,openstack/cinder,cinder/volume/volume_utils.py,41,Import,import eventlet,https://opendev.org/openstack/cinder/src/branch/master/cinder/volume/volume_utils.py
cinder,openstack/cinder,cinder/volume/volume_utils.py,42,Import,from eventlet import tpool,https://opendev.org/openstack/cinder/src/branch/master/cinder/volume/volume_utils.py
cinder,openstack/cinder,cinder/volume/volume_utils.py,558,Sleep,eventlet.sleep(0),https://opendev.org/openstack/cinder/src/branch/master/cinder/volume/volume_utils.py
cinder,openstack/cinder,cinder/wsgi/eventlet_server.py,13,"Other(""\""\""\""Methods for working with eventlet WSGI servers."")","""""""Methods for working with eventlet WSGI servers.""""""",https://opendev.org/openstack/cinder/src/branch/master/cinder/wsgi/eventlet_server.py
cinder,openstack/cinder,cinder/zonemanager/drivers/brocade/brcd_fc_zone_client_cli.py,25,Import,from eventlet import greenthread,https://opendev.org/openstack/cinder/src/branch/master/cinder/zonemanager/drivers/brocade/brcd_fc_zone_client_cli.py
cinder,openstack/cinder,cinder/zonemanager/drivers/cisco/cisco_fc_san_lookup_service.py,20,Import,from eventlet import greenthread,https://opendev.org/openstack/cinder/src/branch/master/cinder/zonemanager/drivers/cisco/cisco_fc_san_lookup_service.py
cinder,openstack/cinder,cinder/zonemanager/drivers/cisco/cisco_fc_zone_client_cli.py,24,Import,from eventlet import greenthread,https://opendev.org/openstack/cinder/src/branch/master/cinder/zonemanager/drivers/cisco/cisco_fc_zone_client_cli.py
cinder,openstack/cinder,doc/source/admin/ts-HTTP-bad-req-in-cinder-vol-log.rst,23,"Other(""eventlet.debug"")",call eventlet.debug.hub_multiple_reader_prevention(False),https://opendev.org/openstack/cinder/src/branch/master/doc/source/admin/ts-HTTP-bad-req-in-cinder-vol-log.rst
cinder,openstack/cinder,doc/source/configuration/block-storage/config-options.rst,15,"Other(""cinder.wsgi.eventlet_server"")",cinder.wsgi.eventlet_server,https://opendev.org/openstack/cinder/src/branch/master/doc/source/configuration/block-storage/config-options.rst
cinder,openstack/cinder,doc/source/contributor/high_availability.rst,42,"Other(""It's good to keep in mind that Cinder threading mo"")",It's good to keep in mind that Cinder threading model is based on eventlet's,https://opendev.org/openstack/cinder/src/branch/master/doc/source/contributor/high_availability.rst
cinder,openstack/cinder,doc/source/contributor/threading.rst,5,"Other(""eventlet.net"")",through using the Python `eventlet <http://eventlet.net/>`_ and,https://opendev.org/openstack/cinder/src/branch/master/doc/source/contributor/threading.rst
cinder,openstack/cinder,doc/source/contributor/threading.rst,9,"Other(""switches can only occur when specific eventlet or "")",switches can only occur when specific eventlet or greenlet library calls are,https://opendev.org/openstack/cinder/src/branch/master/doc/source/contributor/threading.rst
cinder,openstack/cinder,doc/source/contributor/threading.rst,23,"Other(""that trigger an eventlet context switch, the long-"")","that trigger an eventlet context switch, the long-running thread will block",https://opendev.org/openstack/cinder/src/branch/master/doc/source/contributor/threading.rst
cinder,openstack/cinder,doc/source/contributor/threading.rst,26,"Other(""This scenario can be avoided by adding calls to th"")",This scenario can be avoided by adding calls to the eventlet sleep method,https://opendev.org/openstack/cinder/src/branch/master/doc/source/contributor/threading.rst
cinder,openstack/cinder,doc/source/contributor/threading.rst,31,Import,from eventlet import greenthread,https://opendev.org/openstack/cinder/src/branch/master/doc/source/contributor/threading.rst
cinder,openstack/cinder,doc/source/contributor/threading.rst,36,MonkeyPatch,"time module is patched through eventlet.monkey_patch(). To be explicit, we",https://opendev.org/openstack/cinder/src/branch/master/doc/source/contributor/threading.rst
cinder,openstack/cinder,doc/source/contributor/threading.rst,39,"Other(""MySQL access and eventlet"")",MySQL access and eventlet,https://opendev.org/openstack/cinder/src/branch/master/doc/source/contributor/threading.rst
cinder,openstack/cinder,doc/source/contributor/threading.rst,43,"Other(""with eventlet. MySQL-python uses an external C lib"")",with eventlet. MySQL-python uses an external C library for accessing the MySQL,https://opendev.org/openstack/cinder/src/branch/master/doc/source/contributor/threading.rst
cinder,openstack/cinder,doc/source/contributor/threading.rst,44,"Other(""database. Since eventlet cannot use monkey-patchin"")",database. Since eventlet cannot use monkey-patching to intercept blocking calls,https://opendev.org/openstack/cinder/src/branch/master/doc/source/contributor/threading.rst
cinder,openstack/cinder,etc/cinder/logging_sample.conf,54,"Other(""[logger_eventletwsgi]"")",[logger_eventletwsgi],https://opendev.org/openstack/cinder/src/branch/master/etc/cinder/logging_sample.conf
cinder,openstack/cinder,etc/cinder/logging_sample.conf,57,Wsgi,qualname = eventlet.wsgi.server,https://opendev.org/openstack/cinder/src/branch/master/etc/cinder/logging_sample.conf
cinder,openstack/cinder,requirements.txt,7,"Other(""eventlet>=0.30.1,!=0.32.0 # MIT"")","eventlet>=0.30.1,!=0.32.0 # MIT",https://opendev.org/openstack/cinder/src/branch/master/requirements.txt
cinder-specs,openstack/cinder-specs,specs/liberty/non-eventlet-wsgi-app.rst,11,"Other(""https://blueprints.launchpad.net/cinder/+spec/non-"")",https://blueprints.launchpad.net/cinder/+spec/non-eventlet-wsgi-app.,https://opendev.org/openstack/cinder-specs/src/branch/master/specs/liberty/non-eventlet-wsgi-app.rst
cinder-specs,openstack/cinder-specs,specs/liberty/non-eventlet-wsgi-app.rst,26,"Other(""* Apache/Nginx works better under the real heavy l"")",* Apache/Nginx works better under the real heavy load then eventlet.,https://opendev.org/openstack/cinder-specs/src/branch/master/specs/liberty/non-eventlet-wsgi-app.rst
cinder-specs,openstack/cinder-specs,specs/liberty/non-eventlet-wsgi-app.rst,43,"Other(""Provide WSGI application based on used web-framewo"")",Provide WSGI application based on used web-framework instead of eventlet. Leave,https://opendev.org/openstack/cinder-specs/src/branch/master/specs/liberty/non-eventlet-wsgi-app.rst
cinder-specs,openstack/cinder-specs,specs/liberty/non-eventlet-wsgi-app.rst,44,"Other(""eventlet-based WSGI application as a default optio"")",eventlet-based WSGI application as a default option and make it configurable.,https://opendev.org/openstack/cinder-specs/src/branch/master/specs/liberty/non-eventlet-wsgi-app.rst
cinder-specs,openstack/cinder-specs,specs/liberty/non-eventlet-wsgi-app.rst,49,"Other(""Leave as is and use eventlet for REST API web serv"")",Leave as is and use eventlet for REST API web serving. Use something like,https://opendev.org/openstack/cinder-specs/src/branch/master/specs/liberty/non-eventlet-wsgi-app.rst
cinder-specs,openstack/cinder-specs,specs/liberty/non-eventlet-wsgi-app.rst,88,"Other(""to Cinder API. By default, Cinder API will use eve"")","to Cinder API. By default, Cinder API will use eventlet and no deployer impact",https://opendev.org/openstack/cinder-specs/src/branch/master/specs/liberty/non-eventlet-wsgi-app.rst
cinder-specs,openstack/cinder-specs,specs/liberty/non-eventlet-wsgi-app.rst,124,"Other(""* Make sure usage of eventlet doesn't break WSGI i"")",* Make sure usage of eventlet doesn't break WSGI in Nginx/Apache.,https://opendev.org/openstack/cinder-specs/src/branch/master/specs/liberty/non-eventlet-wsgi-app.rst
cinder-specs,openstack/cinder-specs,specs/mitaka/ha-aa-tooz-locks.rst,73,"Other(""regular thread (non-eventlet) to be safe from situ"")",regular thread (non-eventlet) to be safe from situations when eventlet,https://opendev.org/openstack/cinder-specs/src/branch/master/specs/mitaka/ha-aa-tooz-locks.rst
cinder-specs,openstack/cinder-specs,specs/ocata/ha-aa-job-distribution.rst,171,"Other(""since we are using an eventlet executor for the RP"")",since we are using an eventlet executor for the RPC server we don't have to,https://opendev.org/openstack/cinder-specs/src/branch/master/specs/ocata/ha-aa-job-distribution.rst
cinder-specs,openstack/cinder-specs,specs/pike/dynamic-log-levels.rst,169,"Other(""\""eventlet\"": \""ERROR\"""")","""eventlet"": ""ERROR""",https://opendev.org/openstack/cinder-specs/src/branch/master/specs/pike/dynamic-log-levels.rst
cloudkitty,openstack/cloudkitty,releasenotes/notes/fetch-metrics-concurrently-dffffe346bd4900e.yaml,4,"Other(""Metrics are now fetched concurrently with ``eventl"")",Metrics are now fetched concurrently with ``eventlet`` instead of one,https://opendev.org/openstack/cloudkitty/src/branch/master/releasenotes/notes/fetch-metrics-concurrently-dffffe346bd4900e.yaml
cloudkitty,openstack/cloudkitty,releasenotes/notes/replace-eventlet-with-futurist-60f1fe6474a5efcf.yaml,4,"Other(""Since ``eventlet`` has been replaced with ``futuri"")","Since ``eventlet`` has been replaced with ``futurist``, the",https://opendev.org/openstack/cloudkitty/src/branch/master/releasenotes/notes/replace-eventlet-with-futurist-60f1fe6474a5efcf.yaml
cloudkitty,openstack/cloudkitty,releasenotes/notes/replace-eventlet-with-futurist-60f1fe6474a5efcf.yaml,10,"Other(""The ``eventlet`` library has been replaced with ``"")",The ``eventlet`` library has been replaced with ``futurist``.,https://opendev.org/openstack/cloudkitty/src/branch/master/releasenotes/notes/replace-eventlet-with-futurist-60f1fe6474a5efcf.yaml
cloudkitty-specs,openstack/cloudkitty-specs,specs/train/concurrency.rst,34,"Other(""by making use of eventlet greenthreads. CloudKitty"")","by making use of eventlet greenthreads. CloudKitty already depends on eventlet,",https://opendev.org/openstack/cloudkitty-specs/src/branch/master/specs/train/concurrency.rst
cloudkitty-specs,openstack/cloudkitty-specs,specs/train/concurrency.rst,37,"Other(""dependency on eventlet (which could be replaced by"")",dependency on eventlet (which could be replaced by concurrent.futures or,https://opendev.org/openstack/cloudkitty-specs/src/branch/master/specs/train/concurrency.rst
cloudkitty-specs,openstack/cloudkitty-specs,specs/train/concurrency.rst,119,"Other(""* Retrieve metrics in eventlet greenthreads."")",* Retrieve metrics in eventlet greenthreads.,https://opendev.org/openstack/cloudkitty-specs/src/branch/master/specs/train/concurrency.rst
cloudkitty-specs,openstack/cloudkitty-specs,specs/train/concurrency.rst,149,"Other(""eventlet.net"")",* Eventlet documentation: https://eventlet.net/,https://opendev.org/openstack/cloudkitty-specs/src/branch/master/specs/train/concurrency.rst
cyborg,openstack/cyborg,cyborg/cmd/__init__.py,16,Import,import eventlet,https://opendev.org/openstack/cyborg/src/branch/master/cyborg/cmd/__init__.py
cyborg,openstack/cyborg,cyborg/cmd/__init__.py,19,MonkeyPatch,eventlet.monkey_patch(),https://opendev.org/openstack/cyborg/src/branch/master/cyborg/cmd/__init__.py
cyborg,openstack/cyborg,cyborg/common/rpc.py,111,Executor,"executor='eventlet',",https://opendev.org/openstack/cyborg/src/branch/master/cyborg/common/rpc.py
cyborg,openstack/cyborg,requirements.txt,8,"Other(""eventlet>=0.27.0 # MIT"")",eventlet>=0.27.0 # MIT,https://opendev.org/openstack/cyborg/src/branch/master/requirements.txt
designate,openstack/designate,designate/backend/impl_nsd4.py,24,Import,import eventlet,https://opendev.org/openstack/designate/src/branch/master/designate/backend/impl_nsd4.py
designate,openstack/designate,designate/backend/impl_nsd4.py,53,"Other(""eventlet.wrap_ssl"")",sock = eventlet.wrap_ssl(,https://opendev.org/openstack/designate/src/branch/master/designate/backend/impl_nsd4.py
designate,openstack/designate,designate/backend/impl_nsd4.py,54,"Other(""eventlet.connect"")","eventlet.connect((self.host, self.port)),",https://opendev.org/openstack/designate/src/branch/master/designate/backend/impl_nsd4.py
designate,openstack/designate,designate/cmd/__init__.py,16,Import,import eventlet,https://opendev.org/openstack/designate/src/branch/master/designate/cmd/__init__.py
designate,openstack/designate,designate/cmd/__init__.py,18,"Other(""eventlet.monkey_patch"")",eventlet.monkey_patch(os=False),https://opendev.org/openstack/designate/src/branch/master/designate/cmd/__init__.py
designate,openstack/designate,designate/cmd/manage.py,22,Import,import eventlet,https://opendev.org/openstack/designate/src/branch/master/designate/cmd/manage.py
designate,openstack/designate,designate/cmd/manage.py,33,"Other(""eventlet.monkey_patch"")",eventlet.monkey_patch(os=False),https://opendev.org/openstack/designate/src/branch/master/designate/cmd/manage.py
designate,openstack/designate,designate/dnsutils.py,25,Import,import eventlet,https://opendev.org/openstack/designate/src/branch/master/designate/dnsutils.py
designate,openstack/designate,designate/dnsutils.py,160,"Other(""eventlet.Timeout"")",to = eventlet.Timeout(xfr_timeout()),https://opendev.org/openstack/designate/src/branch/master/designate/dnsutils.py
designate,openstack/designate,designate/dnsutils.py,174,"Other(""eventlet.Timeout"")",except eventlet.Timeout as t:,https://opendev.org/openstack/designate/src/branch/master/designate/dnsutils.py
designate,openstack/designate,designate/network_api/base.py,16,Import,import eventlet.patcher,https://opendev.org/openstack/designate/src/branch/master/designate/network_api/base.py
designate,openstack/designate,designate/network_api/base.py,28,"Other(""eventlet.patcher"")",reversename = eventlet.patcher.original('dns.reversename'),https://opendev.org/openstack/designate/src/branch/master/designate/network_api/base.py
designate,openstack/designate,designate/service.py,25,Import,import eventlet.debug,https://opendev.org/openstack/designate/src/branch/master/designate/service.py
designate,openstack/designate,designate/service.py,157,"Other(""eventlet.debug"")",eventlet.debug.hub_prevent_multiple_readers(False),https://opendev.org/openstack/designate/src/branch/master/designate/service.py
designate,openstack/designate,designate/service.py,265,"Other(""Raises no exception: it's to be run in an eventlet"")",Raises no exception: it's to be run in an eventlet green thread,https://opendev.org/openstack/designate/src/branch/master/designate/service.py
designate,openstack/designate,doc/source/contributor/gmr.rst,75,"Other(""/usr/local/lib/python2.7/dist-packages/eventlet/hu"")",/usr/local/lib/python2.7/dist-packages/eventlet/hubs/hub.py:346 in run,https://opendev.org/openstack/designate/src/branch/master/doc/source/contributor/gmr.rst
designate,openstack/designate,doc/source/contributor/gmr.rst,78,"Other(""/usr/local/lib/python2.7/dist-packages/eventlet/hu"")",/usr/local/lib/python2.7/dist-packages/eventlet/hubs/poll.py:85 in wait,https://opendev.org/openstack/designate/src/branch/master/doc/source/contributor/gmr.rst
designate,openstack/designate,doc/source/contributor/gmr.rst,81,"Other(""/usr/local/lib/python2.7/dist-packages/eventlet/hu"")",/usr/local/lib/python2.7/dist-packages/eventlet/hubs/epolls.py:62 in do_poll,https://opendev.org/openstack/designate/src/branch/master/doc/source/contributor/gmr.rst
designate,openstack/designate,doc/source/contributor/gmr.rst,89,"Other(""/usr/local/lib/python2.7/dist-packages/eventlet/gr"")",/usr/local/lib/python2.7/dist-packages/eventlet/greenthread.py:214 in main,https://opendev.org/openstack/designate/src/branch/master/doc/source/contributor/gmr.rst
designate,openstack/designate,doc/source/contributor/gmr.rst,95,"Other(""/usr/local/lib/python2.7/dist-packages/eventlet/ev"")",/usr/local/lib/python2.7/dist-packages/eventlet/event.py:121 in wait,https://opendev.org/openstack/designate/src/branch/master/doc/source/contributor/gmr.rst
designate,openstack/designate,doc/source/contributor/gmr.rst,98,"Other(""/usr/local/lib/python2.7/dist-packages/eventlet/hu"")",/usr/local/lib/python2.7/dist-packages/eventlet/hubs/hub.py:294 in switch,https://opendev.org/openstack/designate/src/branch/master/doc/source/contributor/gmr.rst
designate,openstack/designate,doc/source/contributor/gmr.rst,103,"Other(""/usr/local/lib/python2.7/dist-packages/eventlet/gr"")",/usr/local/lib/python2.7/dist-packages/eventlet/greenthread.py:214 in main,https://opendev.org/openstack/designate/src/branch/master/doc/source/contributor/gmr.rst
designate,openstack/designate,doc/source/contributor/gmr.rst,109,"Other(""eventlet.py"")",/usr/local/lib/python2.7/dist-packages/oslo_messaging/_executors/impl_eventlet.py:96 in _executor_thread,https://opendev.org/openstack/designate/src/branch/master/doc/source/contributor/gmr.rst
designate,openstack/designate,doc/source/contributor/gmr.rst,163,"Other(""/usr/local/lib/python2.7/dist-packages/eventlet/gr"")",/usr/local/lib/python2.7/dist-packages/eventlet/greenio/base.py:326 in recv,https://opendev.org/openstack/designate/src/branch/master/doc/source/contributor/gmr.rst
designate,openstack/designate,doc/source/contributor/gmr.rst,166,"Other(""/usr/local/lib/python2.7/dist-packages/eventlet/gr"")",/usr/local/lib/python2.7/dist-packages/eventlet/greenio/base.py:201 in _trampoline,https://opendev.org/openstack/designate/src/branch/master/doc/source/contributor/gmr.rst
designate,openstack/designate,doc/source/contributor/gmr.rst,169,"Other(""/usr/local/lib/python2.7/dist-packages/eventlet/hu"")",/usr/local/lib/python2.7/dist-packages/eventlet/hubs/__init__.py:162 in trampoline,https://opendev.org/openstack/designate/src/branch/master/doc/source/contributor/gmr.rst
designate,openstack/designate,doc/source/contributor/gmr.rst,172,"Other(""/usr/local/lib/python2.7/dist-packages/eventlet/hu"")",/usr/local/lib/python2.7/dist-packages/eventlet/hubs/hub.py:294 in switch,https://opendev.org/openstack/designate/src/branch/master/doc/source/contributor/gmr.rst
designate,openstack/designate,doc/source/contributor/gmr.rst,204,"Other(""/usr/local/lib/python2.7/dist-packages/eventlet/gr"")",/usr/local/lib/python2.7/dist-packages/eventlet/greenthread.py:175 in wait,https://opendev.org/openstack/designate/src/branch/master/doc/source/contributor/gmr.rst
designate,openstack/designate,doc/source/contributor/gmr.rst,207,"Other(""/usr/local/lib/python2.7/dist-packages/eventlet/ev"")",/usr/local/lib/python2.7/dist-packages/eventlet/event.py:121 in wait,https://opendev.org/openstack/designate/src/branch/master/doc/source/contributor/gmr.rst
designate,openstack/designate,doc/source/contributor/gmr.rst,210,"Other(""/usr/local/lib/python2.7/dist-packages/eventlet/hu"")",/usr/local/lib/python2.7/dist-packages/eventlet/hubs/hub.py:294 in switch,https://opendev.org/openstack/designate/src/branch/master/doc/source/contributor/gmr.rst
designate,openstack/designate,doc/source/contributor/gmr.rst,312,Wsgi,eventlet.wsgi.server=WARN,https://opendev.org/openstack/designate/src/branch/master/doc/source/contributor/gmr.rst
designate,openstack/designate,releasenotes/notes/mini-dns-tcp-c1a15742f5c71739.yaml,4,"Other(""This manifests itself with eventlet not being able"")",This manifests itself with eventlet not being able to send all the data,https://opendev.org/openstack/designate/src/branch/master/releasenotes/notes/mini-dns-tcp-c1a15742f5c71739.yaml
designate,openstack/designate,releasenotes/notes/mini-dns-tcp-c1a15742f5c71739.yaml,7,"Other(""- Previous versions of eventlet changed the behavi"")",- Previous versions of eventlet changed the behaviour of socket.send() to,https://opendev.org/openstack/designate/src/branch/master/releasenotes/notes/mini-dns-tcp-c1a15742f5c71739.yaml
designate,openstack/designate,releasenotes/notes/mini-dns-tcp-c1a15742f5c71739.yaml,8,"Other(""match socket.sendall(). in eventlet 0.18.0 this ch"")",match socket.sendall(). in eventlet 0.18.0 this changed and it reverted,https://opendev.org/openstack/designate/src/branch/master/releasenotes/notes/mini-dns-tcp-c1a15742f5c71739.yaml
designate,openstack/designate,releasenotes/source/locale/en_GB/LC_MESSAGES/releasenotes.po,858,"Other(""\""Previous versions of eventlet changed the behavio"")","""Previous versions of eventlet changed the behaviour of socket.send() to """,https://opendev.org/openstack/designate/src/branch/master/releasenotes/source/locale/en_GB/LC_MESSAGES/releasenotes.po
designate,openstack/designate,releasenotes/source/locale/en_GB/LC_MESSAGES/releasenotes.po,859,"Other(""\""match socket.sendall(). in eventlet 0.18.0 this c"")","""match socket.sendall(). in eventlet 0.18.0 this changed and it reverted to """,https://opendev.org/openstack/designate/src/branch/master/releasenotes/source/locale/en_GB/LC_MESSAGES/releasenotes.po
designate,openstack/designate,releasenotes/source/locale/en_GB/LC_MESSAGES/releasenotes.po,863,"Other(""\""Previous versions of eventlet changed the behavio"")","""Previous versions of eventlet changed the behaviour of socket.send() to """,https://opendev.org/openstack/designate/src/branch/master/releasenotes/source/locale/en_GB/LC_MESSAGES/releasenotes.po
designate,openstack/designate,releasenotes/source/locale/en_GB/LC_MESSAGES/releasenotes.po,864,"Other(""\""match socket.sendall(). in eventlet 0.18.0 this c"")","""match socket.sendall(). in eventlet 0.18.0 this changed and it reverted to """,https://opendev.org/openstack/designate/src/branch/master/releasenotes/source/locale/en_GB/LC_MESSAGES/releasenotes.po
designate,openstack/designate,releasenotes/source/locale/en_GB/LC_MESSAGES/releasenotes.po,1243,"Other(""\""messages. This manifests itself with eventlet not"")","""messages. This manifests itself with eventlet not being able to send all the """,https://opendev.org/openstack/designate/src/branch/master/releasenotes/source/locale/en_GB/LC_MESSAGES/releasenotes.po
designate,openstack/designate,releasenotes/source/locale/en_GB/LC_MESSAGES/releasenotes.po,1247,"Other(""\""messages. This manifests itself with eventlet not"")","""messages. This manifests itself with eventlet not being able to send all the """,https://opendev.org/openstack/designate/src/branch/master/releasenotes/source/locale/en_GB/LC_MESSAGES/releasenotes.po
designate,openstack/designate,requirements.txt,5,"Other(""eventlet>=0.36.0 # MIT"")",eventlet>=0.36.0 # MIT,https://opendev.org/openstack/designate/src/branch/master/requirements.txt
designate-specs,openstack/designate-specs,specs/kilo/guru-meditation-reports.rst,20,"Other(""easier especially when dealing with bugs root in d"")",easier especially when dealing with bugs root in deadlocks between eventlet,https://opendev.org/openstack/designate-specs/src/branch/master/specs/kilo/guru-meditation-reports.rst
devstack,openstack/devstack,doc/source/configuration.rst,362,"Other(""Some services support alternative deployment strat"")",Some services support alternative deployment strategies (e.g. eventlet). You,https://opendev.org/openstack/devstack/src/branch/master/doc/source/configuration.rst
devstack,openstack/devstack,doc/source/configuration.rst,368,"Other(""eventlet."")",eventlet.,https://opendev.org/openstack/devstack/src/branch/master/doc/source/configuration.rst
election,openstack/election,candidates/2025.1/Cinder/jobernar@redhat.com,15,"Other(""backup encryption and, quite likely, the removal o"")","backup encryption and, quite likely, the removal of eventlet to maintain",https://opendev.org/openstack/election/src/branch/master/candidates/2025.1/Cinder/jobernar@redhat.com
election,openstack/election,candidates/2025.1/Heat/kajinamit@oss.nttdata.com,10,"Other(""also a few global goals like eventlet removal bein"")","also a few global goals like eventlet removal being discussed now, and we aim",https://opendev.org/openstack/election/src/branch/master/candidates/2025.1/Heat/kajinamit@oss.nttdata.com
election,openstack/election,candidates/2025.2/Cinder/jobernar@redhat.com,9,"Other(""are preparing for the future with the removal of o"")",are preparing for the future with the removal of our use of eventlet.,https://opendev.org/openstack/election/src/branch/master/candidates/2025.2/Cinder/jobernar@redhat.com
election,openstack/election,candidates/2025.2/Designate/oschwart@redhat.com,11,"Other(""For the 2025.2 cycle I would like to start working"")",For the 2025.2 cycle I would like to start working on eventlet removal and,https://opendev.org/openstack/election/src/branch/master/candidates/2025.2/Designate/oschwart@redhat.com
election,openstack/election,candidates/2025.2/Glance/cyril@redhat.com,15,"Other(""* Lead the effort to remove eventlet from the Glan"")","* Lead the effort to remove eventlet from the Glance codebase, which is",https://opendev.org/openstack/election/src/branch/master/candidates/2025.2/Glance/cyril@redhat.com
election,openstack/election,candidates/2025.2/Heat/kajinamit@oss.nttdata.com,12,"Other(""for eventlet removal during the next cycle so that"")",for eventlet removal during the next cycle so that we can adopt to the global,https://opendev.org/openstack/election/src/branch/master/candidates/2025.2/Heat/kajinamit@oss.nttdata.com
election,openstack/election,candidates/2025.2/Heat/kajinamit@oss.nttdata.com,13,"Other(""community goal to replace eventlet."")",community goal to replace eventlet.,https://opendev.org/openstack/election/src/branch/master/candidates/2025.2/Heat/kajinamit@oss.nttdata.com
election,openstack/election,candidates/2026.1/Barbican/mharley@redhat.com,10,"Other(""we are also alert to the future with the removal o"")",we are also alert to the future with the removal of our use of eventlet.,https://opendev.org/openstack/election/src/branch/master/candidates/2026.1/Barbican/mharley@redhat.com
election,openstack/election,candidates/2026.1/Blazar/pierre@stackhpc.com,13,"Other(""the upcoming cycle will be working on removing eve"")",the upcoming cycle will be working on removing eventlet from our codebase.,https://opendev.org/openstack/election/src/branch/master/candidates/2026.1/Blazar/pierre@stackhpc.com
election,openstack/election,candidates/2026.1/Cinder/jobernar@redhat.com,9,"Other(""are preparing for the future with the removal of o"")",are preparing for the future with the removal of our use of eventlet.,https://opendev.org/openstack/election/src/branch/master/candidates/2026.1/Cinder/jobernar@redhat.com
election,openstack/election,candidates/2026.1/Designate/oschwart@redhat.com,10,"Other(""eventlet and enhancing the scheduler and filters, "")","eventlet and enhancing the scheduler and filters, as capacity allows.",https://opendev.org/openstack/election/src/branch/master/candidates/2026.1/Designate/oschwart@redhat.com
election,openstack/election,candidates/2026.1/Heat/kajinamit@oss.nttdata.com,7,"Other(""In this cycle we managed to complete removing even"")",In this cycle we managed to complete removing eventlet. In the next cycle I,https://opendev.org/openstack/election/src/branch/master/candidates/2026.1/Heat/kajinamit@oss.nttdata.com
election,openstack/election,candidates/2026.1/Mistral/arnaud.morin@gmail.com,6,"Other(""Our first goal is to maintain existing functionnal"")","Our first goal is to maintain existing functionnalities and get rid of eventlet,",https://opendev.org/openstack/election/src/branch/master/candidates/2026.1/Mistral/arnaud.morin@gmail.com
election,openstack/election,candidates/2026.1/Neutron/haleyb.dev@gmail.com,17,"Other(""for example, completing eventlet deprecation ahead"")","for example, completing eventlet deprecation ahead of schedule.",https://opendev.org/openstack/election/src/branch/master/candidates/2026.1/Neutron/haleyb.dev@gmail.com
election,openstack/election,candidates/2026.1/TC/sbauza@redhat.com,19,"Other(""I want to continue shepherding the removal of even"")","I want to continue shepherding the removal of eventlet for our projects, as I",https://opendev.org/openstack/election/src/branch/master/candidates/2026.1/TC/sbauza@redhat.com
election,openstack/election,candidates/2026.1/Trove/wchy1001@gmail.com,6,"Other(""2. Remove eventlet from the Trove project"")",2. Remove eventlet from the Trove project,https://opendev.org/openstack/election/src/branch/master/candidates/2026.1/Trove/wchy1001@gmail.com
election,openstack/election,candidates/rocky/Requirements/prometheanfire.txt,17,"Other(""3. Un-cap requirements where possible (stuff like "")",3. Un-cap requirements where possible (stuff like eventlet).,https://opendev.org/openstack/election/src/branch/master/candidates/rocky/Requirements/prometheanfire.txt
election,openstack/election,candidates/stein/Requirements/prometheanfire@gentoo.org,9,"Other(""2. Un-cap requirements where possible (stuff like "")",2. Un-cap requirements where possible (stuff like eventlet).,https://opendev.org/openstack/election/src/branch/master/candidates/stein/Requirements/prometheanfire@gentoo.org
election,openstack/election,candidates/train/OpenStackSDK/mordred@inaugust.com,37,"Other(""eventlet or other non-thread based concurrency sys"")",eventlet or other non-thread based concurrency systems.,https://opendev.org/openstack/election/src/branch/master/candidates/train/OpenStackSDK/mordred@inaugust.com
etcd3gw,openstack/etcd3gw,etcd3gw/utils.py,78,"Other(""_eventlet = _try_import('eventlet')"")",_eventlet = _try_import('eventlet'),https://opendev.org/openstack/etcd3gw/src/branch/master/etcd3gw/utils.py
etcd3gw,openstack/etcd3gw,etcd3gw/utils.py,79,"Other(""eventlet.patcher"")",_patcher = _try_import('eventlet.patcher'),https://opendev.org/openstack/etcd3gw/src/branch/master/etcd3gw/utils.py
etcd3gw,openstack/etcd3gw,etcd3gw/utils.py,83,"Other(""if all((_eventlet, _patcher)) and _patcher.is_monk"")","if all((_eventlet, _patcher)) and _patcher.is_monkey_patched('thread'):",https://opendev.org/openstack/etcd3gw/src/branch/master/etcd3gw/utils.py
futurist,openstack/futurist,README.rst,25,"Other(""executed. This library currently adds statistics g"")","executed. This library currently adds statistics gathering, an eventlet",https://opendev.org/openstack/futurist/src/branch/master/README.rst
futurist,openstack/futurist,doc/source/user/examples.rst,15,Import,import eventlet,https://opendev.org/openstack/futurist/src/branch/master/doc/source/user/examples.rst
futurist,openstack/futurist,doc/source/user/examples.rst,19,Sleep,eventlet.sleep(3),https://opendev.org/openstack/futurist/src/branch/master/doc/source/user/examples.rst
futurist,openstack/futurist,doc/source/user/examples.rst,25,Sleep,eventlet.sleep(1),https://opendev.org/openstack/futurist/src/branch/master/doc/source/user/examples.rst
futurist,openstack/futurist,doc/source/user/examples.rst,27,Sleep,eventlet.sleep(1),https://opendev.org/openstack/futurist/src/branch/master/doc/source/user/examples.rst
futurist,openstack/futurist,doc/source/user/examples.rst,49,Import,import eventlet,https://opendev.org/openstack/futurist/src/branch/master/doc/source/user/examples.rst
futurist,openstack/futurist,doc/source/user/examples.rst,53,Sleep,eventlet.sleep(3),https://opendev.org/openstack/futurist/src/branch/master/doc/source/user/examples.rst
futurist,openstack/futurist,doc/source/user/examples.rst,59,Sleep,eventlet.sleep(1),https://opendev.org/openstack/futurist/src/branch/master/doc/source/user/examples.rst
futurist,openstack/futurist,doc/source/user/examples.rst,61,Sleep,eventlet.sleep(1),https://opendev.org/openstack/futurist/src/branch/master/doc/source/user/examples.rst
futurist,openstack/futurist,doc/source/user/features.rst,8,"Other(""* A :py:class:`.futurist.GreenThreadPoolExecutor` "")",* A :py:class:`.futurist.GreenThreadPoolExecutor` using `eventlet`_ green,https://opendev.org/openstack/futurist/src/branch/master/doc/source/user/features.rst
futurist,openstack/futurist,doc/source/user/features.rst,33,"Other(""eventlet.net"")",.. _eventlet: http://eventlet.net/,https://opendev.org/openstack/futurist/src/branch/master/doc/source/user/features.rst
futurist,openstack/futurist,futurist/_futures.py,460,"Other(""object operate correctly under eventlet)"")",object operate correctly under eventlet),https://opendev.org/openstack/futurist/src/branch/master/futurist/_futures.py
futurist,openstack/futurist,futurist/_futures.py,546,"Other(""eventlet.net"")",and http://eventlet.net/doc/modules/greenpool.html for information on,https://opendev.org/openstack/futurist/src/branch/master/futurist/_futures.py
futurist,openstack/futurist,futurist/_green.py,19,Import,from eventlet import greenpool,https://opendev.org/openstack/futurist/src/branch/master/futurist/_green.py
futurist,openstack/futurist,futurist/_green.py,20,Import,from eventlet import patcher as greenpatcher,https://opendev.org/openstack/futurist/src/branch/master/futurist/_green.py
futurist,openstack/futurist,futurist/_green.py,21,Import,from eventlet import queue as greenqueue,https://opendev.org/openstack/futurist/src/branch/master/futurist/_green.py
futurist,openstack/futurist,futurist/_green.py,23,Import,from eventlet.green import threading as greenthreading,https://opendev.org/openstack/futurist/src/branch/master/futurist/_green.py
futurist,openstack/futurist,futurist/_utils.py,26,Import,import eventlet as _eventlet  # noqa,https://opendev.org/openstack/futurist/src/branch/master/futurist/_utils.py
futurist,openstack/futurist,futurist/waiters.py,26,Import,from eventlet.green import threading as greenthreading,https://opendev.org/openstack/futurist/src/branch/master/futurist/waiters.py
futurist,openstack/futurist,futurist/waiters.py,53,"Other(""def _ensure_eventlet(func):"")",def _ensure_eventlet(func):,https://opendev.org/openstack/futurist/src/branch/master/futurist/waiters.py
futurist,openstack/futurist,futurist/waiters.py,54,"Other(""\""\""\""Decorator that verifies we have the needed even"")","""""""Decorator that verifies we have the needed eventlet components.""""""",https://opendev.org/openstack/futurist/src/branch/master/futurist/waiters.py
futurist,openstack/futurist,futurist/waiters.py,169,"Other(""@_ensure_eventlet"")",@_ensure_eventlet,https://opendev.org/openstack/futurist/src/branch/master/futurist/waiters.py
futurist,openstack/futurist,futurist/waiters.py,191,"Other(""@_ensure_eventlet"")",@_ensure_eventlet,https://opendev.org/openstack/futurist/src/branch/master/futurist/waiters.py
futurist,openstack/futurist,releasenotes/notes/deprecate-eventlet-d96deb8b97930fef.yaml,6,"Other(""eventlet.html"")","<https://governance.openstack.org/tc//goals/proposed/remove-eventlet.html>`_,",https://opendev.org/openstack/futurist/src/branch/master/releasenotes/notes/deprecate-eventlet-d96deb8b97930fef.yaml
futurist,openstack/futurist,test-requirements.txt,2,"Other(""eventlet>=0.18.2 # MIT"")",eventlet>=0.18.2 # MIT,https://opendev.org/openstack/futurist/src/branch/master/test-requirements.txt
glance,openstack/glance,doc/source/admin/apache-httpd.rst,5,"Other(""In short Glance will not operate properly if tried"")",In short Glance will not operate properly if tried to be ran without eventlet,https://opendev.org/openstack/glance/src/branch/master/doc/source/admin/apache-httpd.rst
glance,openstack/glance,doc/source/admin/controllingservers.rst,82,Wsgi,2011-04-13 14:50:12    DEBUG [eventlet.wsgi.server] (21354) wsgi starting up on http://65.114.169.29:9292/,https://opendev.org/openstack/glance/src/branch/master/doc/source/admin/controllingservers.rst
glance,openstack/glance,glance/api/common.py,45,"Other(""eventlet.posthooks"")",if 'eventlet.posthooks' in response.request.environ:,https://opendev.org/openstack/glance/src/branch/master/glance/api/common.py
glance,openstack/glance,glance/api/common.py,46,"Other(""eventlet.posthooks"")",response.request.environ['eventlet.posthooks'].append(,https://opendev.org/openstack/glance/src/branch/master/glance/api/common.py
glance,openstack/glance,glance/async_/__init__.py,158,"Other(""either \""eventlet\"" or \""native\"""")","either ""eventlet"" or ""native""",https://opendev.org/openstack/glance/src/branch/master/glance/async_/__init__.py
glance,openstack/glance,glance/async_/__init__.py,166,"Other(""elif thread_type == 'eventlet':"")",elif thread_type == 'eventlet':,https://opendev.org/openstack/glance/src/branch/master/glance/async_/__init__.py
glance,openstack/glance,glance/async_/__init__.py,171,"Other(""'(must be \""native\"" or \""eventlet\"")') % (thread_type"")","'(must be ""native"" or ""eventlet"")') % (thread_type))",https://opendev.org/openstack/glance/src/branch/master/glance/async_/__init__.py
glance,openstack/glance,glance/async_/taskflow_executor.py,32,"Other(""_deprecated_opt = cfg.DeprecatedOpt('eventlet_exec"")","_deprecated_opt = cfg.DeprecatedOpt('eventlet_executor_pool_size',",https://opendev.org/openstack/glance/src/branch/master/glance/async_/taskflow_executor.py
glance,openstack/glance,glance/cmd/api.py,27,Import,import eventlet,https://opendev.org/openstack/glance/src/branch/master/glance/cmd/api.py
glance,openstack/glance,glance/cmd/api.py,28,"Other(""eventlet.patcher"")",eventlet.patcher.monkey_patch(),https://opendev.org/openstack/glance/src/branch/master/glance/cmd/api.py
glance,openstack/glance,glance/cmd/api.py,76,"Other(""wsgi.set_eventlet_hub()"")",wsgi.set_eventlet_hub(),https://opendev.org/openstack/glance/src/branch/master/glance/cmd/api.py
glance,openstack/glance,glance/cmd/api.py,91,"Other(""glance.async_.set_threadpool_model('eventlet')"")",glance.async_.set_threadpool_model('eventlet'),https://opendev.org/openstack/glance/src/branch/master/glance/cmd/api.py
glance,openstack/glance,glance/cmd/cache_prefetcher.py,53,"Other(""glance.async_.set_threadpool_model('eventlet')"")",glance.async_.set_threadpool_model('eventlet'),https://opendev.org/openstack/glance/src/branch/master/glance/cmd/cache_prefetcher.py
glance,openstack/glance,glance/common/client.py,29,Import,from eventlet.green import socket,https://opendev.org/openstack/glance/src/branch/master/glance/common/client.py
glance,openstack/glance,glance/common/client.py,30,Import,from eventlet.green import ssl,https://opendev.org/openstack/glance/src/branch/master/glance/common/client.py
glance,openstack/glance,glance/common/utils.py,25,Import,from eventlet.green import socket,https://opendev.org/openstack/glance/src/branch/master/glance/common/utils.py
glance,openstack/glance,glance/common/utils.py,95,"Other(""iteration. This can prevent eventlet thread starva"")",iteration. This can prevent eventlet thread starvation.,https://opendev.org/openstack/glance/src/branch/master/glance/common/utils.py
glance,openstack/glance,glance/common/utils.py,112,"Other(""after each read. This can prevent eventlet thread "")",after each read. This can prevent eventlet thread starvation.,https://opendev.org/openstack/glance/src/branch/master/glance/common/utils.py
glance,openstack/glance,glance/common/utils.py,178,"Other(""An eventlet thread friendly class for reading in i"")",An eventlet thread friendly class for reading in image data.,https://opendev.org/openstack/glance/src/branch/master/glance/common/utils.py
glance,openstack/glance,glance/common/utils.py,182,"Other(""one image being uploaded/downloaded this prevents "")",one image being uploaded/downloaded this prevents eventlet thread,https://opendev.org/openstack/glance/src/branch/master/glance/common/utils.py
glance,openstack/glance,glance/common/wsgi.py,31,Import,from eventlet.green import socket,https://opendev.org/openstack/glance/src/branch/master/glance/common/wsgi.py
glance,openstack/glance,glance/common/wsgi.py,32,Import,import eventlet.greenio,https://opendev.org/openstack/glance/src/branch/master/glance/common/wsgi.py
glance,openstack/glance,glance/common/wsgi.py,33,Wsgi,import eventlet.wsgi,https://opendev.org/openstack/glance/src/branch/master/glance/common/wsgi.py
glance,openstack/glance,glance/common/wsgi.py,143,"Other(""eventlet_opts = ["")",eventlet_opts = [,https://opendev.org/openstack/glance/src/branch/master/glance/common/wsgi.py
glance,openstack/glance,glance/common/wsgi.py,257,"Other(""CONF.register_opts(eventlet_opts)"")",CONF.register_opts(eventlet_opts),https://opendev.org/openstack/glance/src/branch/master/glance/common/wsgi.py
glance,openstack/glance,glance/common/wsgi.py,322,Listen,"sock = eventlet.listen(bind_addr,",https://opendev.org/openstack/glance/src/branch/master/glance/common/wsgi.py
glance,openstack/glance,glance/common/wsgi.py,328,Sleep,eventlet.sleep(0.1),https://opendev.org/openstack/glance/src/branch/master/glance/common/wsgi.py
glance,openstack/glance,glance/common/wsgi.py,338,"Other(""def set_eventlet_hub():"")",def set_eventlet_hub():,https://opendev.org/openstack/glance/src/branch/master/glance/common/wsgi.py
glance,openstack/glance,glance/common/wsgi.py,340,"Other(""eventlet.hubs"")",eventlet.hubs.use_hub('poll'),https://opendev.org/openstack/glance/src/branch/master/glance/common/wsgi.py
glance,openstack/glance,glance/common/wsgi.py,343,"Other(""eventlet.hubs"")",eventlet.hubs.use_hub('selects'),https://opendev.org/openstack/glance/src/branch/master/glance/common/wsgi.py
glance,openstack/glance,glance/common/wsgi.py,345,"Other(""msg = _(\""eventlet 'poll' nor 'selects' hubs are av"")","msg = _(""eventlet 'poll' nor 'selects' hubs are available """,https://opendev.org/openstack/glance/src/branch/master/glance/common/wsgi.py
glance,openstack/glance,glance/common/wsgi.py,365,"Other(""def get_asynchronous_eventlet_pool(size=1000):"")",def get_asynchronous_eventlet_pool(size=1000):,https://opendev.org/openstack/glance/src/branch/master/glance/common/wsgi.py
glance,openstack/glance,glance/common/wsgi.py,366,"Other(""\""\""\""Return eventlet pool to caller."")","""""""Return eventlet pool to caller.",https://opendev.org/openstack/glance/src/branch/master/glance/common/wsgi.py
glance,openstack/glance,glance/common/wsgi.py,371,"Other("":param size: eventlet pool size"")",:param size: eventlet pool size,https://opendev.org/openstack/glance/src/branch/master/glance/common/wsgi.py
glance,openstack/glance,glance/common/wsgi.py,372,"Other("":returns: eventlet pool"")",:returns: eventlet pool,https://opendev.org/openstack/glance/src/branch/master/glance/common/wsgi.py
glance,openstack/glance,glance/common/wsgi.py,376,Pool,pool = eventlet.GreenPool(size=size),https://opendev.org/openstack/glance/src/branch/master/glance/common/wsgi.py
glance,openstack/glance,glance/common/wsgi.py,391,Wsgi,"self._logger = logging.getLogger(""eventlet.wsgi.server"")",https://opendev.org/openstack/glance/src/branch/master/glance/common/wsgi.py
glance,openstack/glance,glance/common/wsgi.py,473,"Other(""return get_asynchronous_eventlet_pool(size=self.th"")",return get_asynchronous_eventlet_pool(size=self.threads),https://opendev.org/openstack/glance/src/branch/master/glance/common/wsgi.py
glance,openstack/glance,glance/common/wsgi.py,482,Wsgi,eventlet.wsgi.MAX_HEADER_LINE = CONF.max_header_line,https://opendev.org/openstack/glance/src/branch/master/glance/common/wsgi.py
glance,openstack/glance,glance/common/wsgi.py,512,Wsgi,"eventlet.wsgi.HttpProtocol.default_request_version = ""HTTP/1.0""",https://opendev.org/openstack/glance/src/branch/master/glance/common/wsgi.py
glance,openstack/glance,glance/common/wsgi.py,515,Wsgi,"eventlet.wsgi.server(self.sock,",https://opendev.org/openstack/glance/src/branch/master/glance/common/wsgi.py
glance,openstack/glance,glance/common/wsgi.py,542,Wsgi,"eventlet.wsgi.server(sock, application, custom_pool=self.pool,",https://opendev.org/openstack/glance/src/branch/master/glance/common/wsgi.py
glance,openstack/glance,glance/common/wsgi.py,662,"Other(""eventlet.greenio"")",eventlet.greenio.shutdown_safe(self.sock),https://opendev.org/openstack/glance/src/branch/master/glance/common/wsgi.py
glance,openstack/glance,glance/common/wsgi.py,670,Wsgi,eventlet.wsgi.is_accepting = False,https://opendev.org/openstack/glance/src/branch/master/glance/common/wsgi.py
glance,openstack/glance,glance/domain/__init__.py,503,"Other(""eventlet_deprecation_warned = False"")",eventlet_deprecation_warned = False,https://opendev.org/openstack/glance/src/branch/master/glance/domain/__init__.py
glance,openstack/glance,glance/domain/__init__.py,518,"Other(""if task_executor == 'eventlet':"")",if task_executor == 'eventlet':,https://opendev.org/openstack/glance/src/branch/master/glance/domain/__init__.py
glance,openstack/glance,glance/domain/__init__.py,521,"Other(""if not TaskExecutorFactory.eventlet_deprecation_wa"")",if not TaskExecutorFactory.eventlet_deprecation_warned:,https://opendev.org/openstack/glance/src/branch/master/glance/domain/__init__.py
glance,openstack/glance,glance/domain/__init__.py,522,"Other(""msg = _LW(\""The `eventlet` executor has been deprec"")","msg = _LW(""The `eventlet` executor has been deprecated. """,https://opendev.org/openstack/glance/src/branch/master/glance/domain/__init__.py
glance,openstack/glance,glance/domain/__init__.py,525,"Other(""TaskExecutorFactory.eventlet_deprecation_warned = "")",TaskExecutorFactory.eventlet_deprecation_warned = True,https://opendev.org/openstack/glance/src/branch/master/glance/domain/__init__.py
glance,openstack/glance,glance/image_cache/drivers/common.py,24,Import,from eventlet import timeout,https://opendev.org/openstack/glance/src/branch/master/glance/image_cache/drivers/common.py
glance,openstack/glance,glance/image_cache/drivers/common.py,42,"Other(""SQLite DB Connection handler that plays well with "")","SQLite DB Connection handler that plays well with eventlet,",https://opendev.org/openstack/glance/src/branch/master/glance/image_cache/drivers/common.py
glance,openstack/glance,glance/locale/de/LC_MESSAGES/glance.po,1727,"Other(""msgid \""eventlet 'poll' nor 'selects' hubs are avai"")","msgid ""eventlet 'poll' nor 'selects' hubs are available on this platform""",https://opendev.org/openstack/glance/src/branch/master/glance/locale/de/LC_MESSAGES/glance.po
glance,openstack/glance,glance/locale/en_GB/LC_MESSAGES/glance.po,4892,"Other(""msgid \""eventlet 'poll' nor 'selects' hubs are avai"")","msgid ""eventlet 'poll' nor 'selects' hubs are available on this platform""",https://opendev.org/openstack/glance/src/branch/master/glance/locale/en_GB/LC_MESSAGES/glance.po
glance,openstack/glance,glance/locale/en_GB/LC_MESSAGES/glance.po,4893,"Other(""msgstr \""eventlet 'poll' nor 'selects' hubs are ava"")","msgstr ""eventlet 'poll' nor 'selects' hubs are available on this platform""",https://opendev.org/openstack/glance/src/branch/master/glance/locale/en_GB/LC_MESSAGES/glance.po
glance,openstack/glance,glance/locale/es/LC_MESSAGES/glance.po,1568,"Other(""msgid \""eventlet 'poll' nor 'selects' hubs are avai"")","msgid ""eventlet 'poll' nor 'selects' hubs are available on this platform""",https://opendev.org/openstack/glance/src/branch/master/glance/locale/es/LC_MESSAGES/glance.po
glance,openstack/glance,glance/locale/fr/LC_MESSAGES/glance.po,1591,"Other(""msgid \""eventlet 'poll' nor 'selects' hubs are avai"")","msgid ""eventlet 'poll' nor 'selects' hubs are available on this platform""",https://opendev.org/openstack/glance/src/branch/master/glance/locale/fr/LC_MESSAGES/glance.po
glance,openstack/glance,glance/locale/it/LC_MESSAGES/glance.po,1582,"Other(""msgid \""eventlet 'poll' nor 'selects' hubs are avai"")","msgid ""eventlet 'poll' nor 'selects' hubs are available on this platform""",https://opendev.org/openstack/glance/src/branch/master/glance/locale/it/LC_MESSAGES/glance.po
glance,openstack/glance,glance/locale/ja/LC_MESSAGES/glance.po,1744,"Other(""msgid \""eventlet 'poll' nor 'selects' hubs are avai"")","msgid ""eventlet 'poll' nor 'selects' hubs are available on this platform""",https://opendev.org/openstack/glance/src/branch/master/glance/locale/ja/LC_MESSAGES/glance.po
glance,openstack/glance,glance/locale/ja/LC_MESSAGES/glance.po,1746,"Other(""\""このプラットフォームでは eventlet の「poll」ハブも「selects」ハブも使用できま"")","""このプラットフォームでは eventlet の「poll」ハブも「selects」ハブも使用できま""",https://opendev.org/openstack/glance/src/branch/master/glance/locale/ja/LC_MESSAGES/glance.po
glance,openstack/glance,glance/locale/ko_KR/LC_MESSAGES/glance.po,1559,"Other(""msgid \""eventlet 'poll' nor 'selects' hubs are avai"")","msgid ""eventlet 'poll' nor 'selects' hubs are available on this platform""",https://opendev.org/openstack/glance/src/branch/master/glance/locale/ko_KR/LC_MESSAGES/glance.po
glance,openstack/glance,glance/locale/ko_KR/LC_MESSAGES/glance.po,1560,"Other(""msgstr \""이 플랫폼에서 eventlet 'poll'이나 'selects' 허브를 모두"")","msgstr ""이 플랫폼에서 eventlet 'poll'이나 'selects' 허브를 모두 사용할 수 없음""",https://opendev.org/openstack/glance/src/branch/master/glance/locale/ko_KR/LC_MESSAGES/glance.po
glance,openstack/glance,glance/locale/pt_BR/LC_MESSAGES/glance.po,1556,"Other(""msgid \""eventlet 'poll' nor 'selects' hubs are avai"")","msgid ""eventlet 'poll' nor 'selects' hubs are available on this platform""",https://opendev.org/openstack/glance/src/branch/master/glance/locale/pt_BR/LC_MESSAGES/glance.po
glance,openstack/glance,glance/locale/pt_BR/LC_MESSAGES/glance.po,1558,"Other(""\""nem o hub 'poll' nem o 'selects' do eventlet estã"")","""nem o hub 'poll' nem o 'selects' do eventlet estão disponíveis nesta """,https://opendev.org/openstack/glance/src/branch/master/glance/locale/pt_BR/LC_MESSAGES/glance.po
glance,openstack/glance,glance/locale/ru/LC_MESSAGES/glance.po,1529,"Other(""msgid \""eventlet 'poll' nor 'selects' hubs are avai"")","msgid ""eventlet 'poll' nor 'selects' hubs are available on this platform""",https://opendev.org/openstack/glance/src/branch/master/glance/locale/ru/LC_MESSAGES/glance.po
glance,openstack/glance,glance/locale/ru/LC_MESSAGES/glance.po,1532,"Other(""\""библиотеки eventlet\"""")","""библиотеки eventlet""",https://opendev.org/openstack/glance/src/branch/master/glance/locale/ru/LC_MESSAGES/glance.po
glance,openstack/glance,glance/locale/tr_TR/LC_MESSAGES/glance.po,1351,"Other(""msgid \""eventlet 'poll' nor 'selects' hubs are avai"")","msgid ""eventlet 'poll' nor 'selects' hubs are available on this platform""",https://opendev.org/openstack/glance/src/branch/master/glance/locale/tr_TR/LC_MESSAGES/glance.po
glance,openstack/glance,glance/locale/tr_TR/LC_MESSAGES/glance.po,1353,"Other(""\""bu platformda eventlet 'poll' ya da 'selects' hav"")","""bu platformda eventlet 'poll' ya da 'selects' havuzları kullanılabilirdir""",https://opendev.org/openstack/glance/src/branch/master/glance/locale/tr_TR/LC_MESSAGES/glance.po
glance,openstack/glance,glance/locale/zh_CN/LC_MESSAGES/glance.po,1490,"Other(""msgid \""eventlet 'poll' nor 'selects' hubs are avai"")","msgid ""eventlet 'poll' nor 'selects' hubs are available on this platform""",https://opendev.org/openstack/glance/src/branch/master/glance/locale/zh_CN/LC_MESSAGES/glance.po
glance,openstack/glance,glance/locale/zh_CN/LC_MESSAGES/glance.po,1491,"Other(""msgstr \""在此平台上，eventlet“poll”和“selects”主数据中心都不可用\"""")","msgstr ""在此平台上，eventlet“poll”和“selects”主数据中心都不可用""",https://opendev.org/openstack/glance/src/branch/master/glance/locale/zh_CN/LC_MESSAGES/glance.po
glance,openstack/glance,glance/locale/zh_TW/LC_MESSAGES/glance.po,1430,"Other(""msgid \""eventlet 'poll' nor 'selects' hubs are avai"")","msgid ""eventlet 'poll' nor 'selects' hubs are available on this platform""",https://opendev.org/openstack/glance/src/branch/master/glance/locale/zh_TW/LC_MESSAGES/glance.po
glance,openstack/glance,glance/locale/zh_TW/LC_MESSAGES/glance.po,1431,"Other(""msgstr \""此平台上無法使用 eventlet 'poll' 及 'selects' 中心。\"""")","msgstr ""此平台上無法使用 eventlet 'poll' 及 'selects' 中心。""",https://opendev.org/openstack/glance/src/branch/master/glance/locale/zh_TW/LC_MESSAGES/glance.po
glance,openstack/glance,glance/opts.py,51,"Other(""glance.common.wsgi.eventlet_opts,"")","glance.common.wsgi.eventlet_opts,",https://opendev.org/openstack/glance/src/branch/master/glance/opts.py
glance,openstack/glance,releasenotes/notes/pike-rc-1-a5d3f6e8877b52c6.yaml,22,"Other(""* Bug 1655727_: Invoke monkey_patching early enoug"")",* Bug 1655727_: Invoke monkey_patching early enough for eventlet 0.20.1,https://opendev.org/openstack/glance/src/branch/master/releasenotes/notes/pike-rc-1-a5d3f6e8877b52c6.yaml
glance,openstack/glance,releasenotes/notes/ussuri-final-b377a21508ada060.yaml,18,"Other(""Bug 1863021_: eventlet monkey patch results in ass"")",Bug 1863021_: eventlet monkey patch results in assert len(_active) == 1 AssertionError,https://opendev.org/openstack/glance/src/branch/master/releasenotes/notes/ussuri-final-b377a21508ada060.yaml
glance,openstack/glance,releasenotes/source/locale/en_GB/LC_MESSAGES/releasenotes.po,1005,"Other(""msgid \""Bug 1655727_: Invoke monkey_patching early "")","msgid ""Bug 1655727_: Invoke monkey_patching early enough for eventlet 0.20.1""",https://opendev.org/openstack/glance/src/branch/master/releasenotes/source/locale/en_GB/LC_MESSAGES/releasenotes.po
glance,openstack/glance,releasenotes/source/locale/en_GB/LC_MESSAGES/releasenotes.po,1006,"Other(""msgstr \""Bug 1655727_: Invoke monkey_patching early"")","msgstr ""Bug 1655727_: Invoke monkey_patching early enough for eventlet 0.20.1""",https://opendev.org/openstack/glance/src/branch/master/releasenotes/source/locale/en_GB/LC_MESSAGES/releasenotes.po
glance,openstack/glance,releasenotes/source/locale/en_GB/LC_MESSAGES/releasenotes.po,1048,"Other(""msgid \""Bug 1744824_: Fix py27 eventlet issue <0.22"")","msgid ""Bug 1744824_: Fix py27 eventlet issue <0.22.0""",https://opendev.org/openstack/glance/src/branch/master/releasenotes/source/locale/en_GB/LC_MESSAGES/releasenotes.po
glance,openstack/glance,releasenotes/source/locale/en_GB/LC_MESSAGES/releasenotes.po,1049,"Other(""msgstr \""Bug 1744824_: Fix py27 eventlet issue <0.2"")","msgstr ""Bug 1744824_: Fix py27 eventlet issue <0.22.0""",https://opendev.org/openstack/glance/src/branch/master/releasenotes/source/locale/en_GB/LC_MESSAGES/releasenotes.po
glance,openstack/glance,releasenotes/source/locale/en_GB/LC_MESSAGES/releasenotes.po,1182,"Other(""\""Bug 1863021_: eventlet monkey patch results in as"")","""Bug 1863021_: eventlet monkey patch results in assert len(_active) == 1 """,https://opendev.org/openstack/glance/src/branch/master/releasenotes/source/locale/en_GB/LC_MESSAGES/releasenotes.po
glance,openstack/glance,releasenotes/source/locale/en_GB/LC_MESSAGES/releasenotes.po,1185,"Other(""\""Bug 1863021_: eventlet monkey patch results in as"")","""Bug 1863021_: eventlet monkey patch results in assert len(_active) == 1 """,https://opendev.org/openstack/glance/src/branch/master/releasenotes/source/locale/en_GB/LC_MESSAGES/releasenotes.po
glance,openstack/glance,releasenotes/source/locale/en_GB/LC_MESSAGES/releasenotes.po,1525,Import,"""eventlet.  As a result, the team backported a fix from eventlet 0.22.0 to """,https://opendev.org/openstack/glance/src/branch/master/releasenotes/source/locale/en_GB/LC_MESSAGES/releasenotes.po
glance,openstack/glance,releasenotes/source/locale/en_GB/LC_MESSAGES/releasenotes.po,1526,"Other(""\""the Glance code.  (The Ocata release of OpenStack"")","""the Glance code.  (The Ocata release of OpenStack uses eventlet 0.19.0.)  """,https://opendev.org/openstack/glance/src/branch/master/releasenotes/source/locale/en_GB/LC_MESSAGES/releasenotes.po
glance,openstack/glance,releasenotes/source/locale/en_GB/LC_MESSAGES/releasenotes.po,1530,Import,"""eventlet.  As a result, the team backported a fix from eventlet 0.22.0 to """,https://opendev.org/openstack/glance/src/branch/master/releasenotes/source/locale/en_GB/LC_MESSAGES/releasenotes.po
glance,openstack/glance,releasenotes/source/locale/en_GB/LC_MESSAGES/releasenotes.po,1531,"Other(""\""the Glance code.  (The Ocata release of OpenStack"")","""the Glance code.  (The Ocata release of OpenStack uses eventlet 0.19.0.)  """,https://opendev.org/openstack/glance/src/branch/master/releasenotes/source/locale/en_GB/LC_MESSAGES/releasenotes.po
glance,openstack/glance,releasenotes/source/locale/en_GB/LC_MESSAGES/releasenotes.po,1536,Import,"""eventlet.  As a result, the team backported a fix from eventlet 0.22.0 to """,https://opendev.org/openstack/glance/src/branch/master/releasenotes/source/locale/en_GB/LC_MESSAGES/releasenotes.po
glance,openstack/glance,releasenotes/source/locale/en_GB/LC_MESSAGES/releasenotes.po,1537,"Other(""\""the Glance code.  (The Pike release of OpenStack "")","""the Glance code.  (The Pike release of OpenStack uses eventlet 0.20.0.)  See """,https://opendev.org/openstack/glance/src/branch/master/releasenotes/source/locale/en_GB/LC_MESSAGES/releasenotes.po
glance,openstack/glance,releasenotes/source/locale/en_GB/LC_MESSAGES/releasenotes.po,1541,Import,"""eventlet.  As a result, the team backported a fix from eventlet 0.22.0 to """,https://opendev.org/openstack/glance/src/branch/master/releasenotes/source/locale/en_GB/LC_MESSAGES/releasenotes.po
glance,openstack/glance,releasenotes/source/locale/en_GB/LC_MESSAGES/releasenotes.po,1542,"Other(""\""the Glance code.  (The Pike release of OpenStack "")","""the Glance code.  (The Pike release of OpenStack uses eventlet 0.20.0.)  See """,https://opendev.org/openstack/glance/src/branch/master/releasenotes/source/locale/en_GB/LC_MESSAGES/releasenotes.po
glance,openstack/glance,releasenotes/source/locale/ja/LC_MESSAGES/releasenotes.po,493,"Other(""msgid \""Bug 1655727_: Invoke monkey_patching early "")","msgid ""Bug 1655727_: Invoke monkey_patching early enough for eventlet 0.20.1""",https://opendev.org/openstack/glance/src/branch/master/releasenotes/source/locale/ja/LC_MESSAGES/releasenotes.po
glance,openstack/glance,releasenotes/source/locale/ja/LC_MESSAGES/releasenotes.po,494,"Other(""msgstr \""Bug 1655727_: eventlet 0.20.1 に十分間に合う monk"")","msgstr ""Bug 1655727_: eventlet 0.20.1 に十分間に合う monkey_patching 呼び出し""",https://opendev.org/openstack/glance/src/branch/master/releasenotes/source/locale/ja/LC_MESSAGES/releasenotes.po
glance,openstack/glance,releasenotes/source/locale/ja/LC_MESSAGES/releasenotes.po,514,Import,"""eventlet.  As a result, the team backported a fix from eventlet 0.22.0 to """,https://opendev.org/openstack/glance/src/branch/master/releasenotes/source/locale/ja/LC_MESSAGES/releasenotes.po
glance,openstack/glance,releasenotes/source/locale/ja/LC_MESSAGES/releasenotes.po,515,"Other(""\""the Glance code.  (The Ocata release of OpenStack"")","""the Glance code.  (The Ocata release of OpenStack uses eventlet 0.19.0.)  """,https://opendev.org/openstack/glance/src/branch/master/releasenotes/source/locale/ja/LC_MESSAGES/releasenotes.po
glance,openstack/glance,releasenotes/source/locale/ja/LC_MESSAGES/releasenotes.po,518,"Other(""\""Python 2.7 配布パッケージの変更により、Glance での eventlet の使用が影"")","""Python 2.7 配布パッケージの変更により、Glance での eventlet の使用が影響を受""",https://opendev.org/openstack/glance/src/branch/master/releasenotes/source/locale/ja/LC_MESSAGES/releasenotes.po
glance,openstack/glance,releasenotes/source/locale/ja/LC_MESSAGES/releasenotes.po,519,"Other(""\""けました。その結果、チームは eventlet 0.22.0から Glance のコードに修正をバ"")","""けました。その結果、チームは eventlet 0.22.0から Glance のコードに修正をバッ""",https://opendev.org/openstack/glance/src/branch/master/releasenotes/source/locale/ja/LC_MESSAGES/releasenotes.po
glance,openstack/glance,releasenotes/source/locale/ja/LC_MESSAGES/releasenotes.po,520,"Other(""\""クポートしました。OpenStack の Ocata リリースでは、eventlet 0.19.0"")","""クポートしました。OpenStack の Ocata リリースでは、eventlet 0.19.0 が使用され""",https://opendev.org/openstack/glance/src/branch/master/releasenotes/source/locale/ja/LC_MESSAGES/releasenotes.po
glance,openstack/glance,releasenotes/source/locale/ja/LC_MESSAGES/releasenotes.po,525,Import,"""eventlet.  As a result, the team backported a fix from eventlet 0.22.0 to """,https://opendev.org/openstack/glance/src/branch/master/releasenotes/source/locale/ja/LC_MESSAGES/releasenotes.po
glance,openstack/glance,releasenotes/source/locale/ja/LC_MESSAGES/releasenotes.po,526,"Other(""\""the Glance code.  (The Pike release of OpenStack "")","""the Glance code.  (The Pike release of OpenStack uses eventlet 0.20.0.)  See """,https://opendev.org/openstack/glance/src/branch/master/releasenotes/source/locale/ja/LC_MESSAGES/releasenotes.po
glance,openstack/glance,releasenotes/source/locale/ja/LC_MESSAGES/releasenotes.po,529,"Other(""\""Python 2.7 配布パッケージの変更により、Glance での eventlet の使用が影"")","""Python 2.7 配布パッケージの変更により、Glance での eventlet の使用が影響を受""",https://opendev.org/openstack/glance/src/branch/master/releasenotes/source/locale/ja/LC_MESSAGES/releasenotes.po
glance,openstack/glance,releasenotes/source/locale/ja/LC_MESSAGES/releasenotes.po,530,"Other(""\""けました。その結果、チームは eventlet 0.22.0から Glance のコードに修正をバ"")","""けました。その結果、チームは eventlet 0.22.0から Glance のコードに修正をバッ""",https://opendev.org/openstack/glance/src/branch/master/releasenotes/source/locale/ja/LC_MESSAGES/releasenotes.po
glance,openstack/glance,releasenotes/source/locale/ja/LC_MESSAGES/releasenotes.po,531,"Other(""\""クポートしました。OpenStack の Pike リリースでは、eventlet 0.20.0 "")","""クポートしました。OpenStack の Pike リリースでは、eventlet 0.20.0 が使用され""",https://opendev.org/openstack/glance/src/branch/master/releasenotes/source/locale/ja/LC_MESSAGES/releasenotes.po
glance,openstack/glance,requirements.txt,10,"Other(""eventlet>=0.33.3 # MIT"")",eventlet>=0.33.3 # MIT,https://opendev.org/openstack/glance/src/branch/master/requirements.txt
glance-specs,openstack/glance-specs,specs/kilo/sighup-conf-reload.rst,47,"Other(""- Race conditions: Launcher does not shutdown even"")","- Race conditions: Launcher does not shutdown eventlet cleanly, existing",https://opendev.org/openstack/glance-specs/src/branch/master/specs/kilo/sighup-conf-reload.rst
glance-specs,openstack/glance-specs,specs/kilo/taskflow-integration.rst,23,"Other(""Glance currently comes with an eventlet executor w"")",Glance currently comes with an eventlet executor which is not easily extensible,https://opendev.org/openstack/glance-specs/src/branch/master/specs/kilo/taskflow-integration.rst
glance-specs,openstack/glance-specs,specs/kilo/taskflow-integration.rst,31,"Other(""executor API. This executor will route the tasks t"")",executor API. This executor will route the tasks to the eventlet executor of taskflow.,https://opendev.org/openstack/glance-specs/src/branch/master/specs/kilo/taskflow-integration.rst
glance-specs,openstack/glance-specs,specs/kilo/taskflow-integration.rst,32,"Other(""We will be using the `Taskflow Green Thread Pool E"")",We will be using the `Taskflow Green Thread Pool Executor <http://docs.openstack.org/developer/taskflow/types.html#taskflow.types.futures.GreenThreadPoolExecutor>`_ which ensures that eventlet green threads are used when,https://opendev.org/openstack/glance-specs/src/branch/master/specs/kilo/taskflow-integration.rst
glance-specs,openstack/glance-specs,specs/kilo/taskflow-integration.rst,34,"Other(""The initial implementation should provide the same"")",The initial implementation should provide the same result as the eventlet executor,https://opendev.org/openstack/glance-specs/src/branch/master/specs/kilo/taskflow-integration.rst
glance-specs,openstack/glance-specs,specs/kilo/taskflow-integration.rst,41,"Other(""Use the existing eventlet executor. This approach "")",Use the existing eventlet executor. This approach is likely to become rewriting,https://opendev.org/openstack/glance-specs/src/branch/master/specs/kilo/taskflow-integration.rst
glance-specs,openstack/glance-specs,specs/liberty/approved/image-signing-and-verification-support.rst,88,Wsgi,"However, eventlet.wsgi.Input file-like object that represents the image data",https://opendev.org/openstack/glance-specs/src/branch/master/specs/liberty/approved/image-signing-and-verification-support.rst
glance-specs,openstack/glance-specs,specs/liberty/approved/scrub-images-in-parallel.rst,119,"Other(""- Use eventlet to parallelize image scrubbing"")",- Use eventlet to parallelize image scrubbing,https://opendev.org/openstack/glance-specs/src/branch/master/specs/liberty/approved/scrub-images-in-parallel.rst
glance-specs,openstack/glance-specs,specs/liberty/approved/scrub-images-in-parallel.rst,120,"Other(""- Monkey-patch required modules for eventlet"")",- Monkey-patch required modules for eventlet,https://opendev.org/openstack/glance-specs/src/branch/master/specs/liberty/approved/scrub-images-in-parallel.rst
glance-specs,openstack/glance-specs,specs/stein/implemented/glance/windows-support.rst,50,"Other(""* avoid having eventlet monkey-patch the os module"")",* avoid having eventlet monkey-patch the os module as this will cause,https://opendev.org/openstack/glance-specs/src/branch/master/specs/stein/implemented/glance/windows-support.rst
glance-specs,openstack/glance-specs,specs/stein/implemented/glance/windows-support.rst,67,"Other(""IIS will not be supported initially, using eventle"")","IIS will not be supported initially, using eventlet wsgi instead (which happens",https://opendev.org/openstack/glance-specs/src/branch/master/specs/stein/implemented/glance/windows-support.rst
glance_store,openstack/glance_store,glance_store/_drivers/rbd.py,25,Import,from eventlet import tpool,https://opendev.org/openstack/glance_store/src/branch/master/glance_store/_drivers/rbd.py
glance_store,openstack/glance_store,glance_store/_drivers/rbd.py,28,Import,from oslo_utils import eventletutils,https://opendev.org/openstack/glance_store/src/branch/master/glance_store/_drivers/rbd.py
glance_store,openstack/glance_store,glance_store/_drivers/rbd.py,297,"Other(""if eventletutils.is_monkey_patched('thread'):"")",if eventletutils.is_monkey_patched('thread'):,https://opendev.org/openstack/glance_store/src/branch/master/glance_store/_drivers/rbd.py
glance_store,openstack/glance_store,glance_store/backend.py,155,"Other(""Store where the client library relies on eventlet "")","Store where the client library relies on eventlet GreenSockets, in which",https://opendev.org/openstack/glance_store/src/branch/master/glance_store/backend.py
glance_store,openstack/glance_store,glance_store/common/utils.py,79,"Other(""iteration. This can prevent eventlet thread starva"")",iteration. This can prevent eventlet thread starvation.,https://opendev.org/openstack/glance_store/src/branch/master/glance_store/common/utils.py
glance_store,openstack/glance_store,glance_store/common/utils.py,96,"Other(""after each read. This can prevent eventlet thread "")",after each read. This can prevent eventlet thread starvation.,https://opendev.org/openstack/glance_store/src/branch/master/glance_store/common/utils.py
glance_store,openstack/glance_store,glance_store/common/utils.py,124,"Other(""An eventlet thread friendly class for reading in i"")",An eventlet thread friendly class for reading in image data.,https://opendev.org/openstack/glance_store/src/branch/master/glance_store/common/utils.py
glance_store,openstack/glance_store,glance_store/common/utils.py,128,"Other(""one image being uploaded/downloaded this prevents "")",one image being uploaded/downloaded this prevents eventlet thread,https://opendev.org/openstack/glance_store/src/branch/master/glance_store/common/utils.py
glance_store,openstack/glance_store,requirements.txt,11,"Other(""eventlet!=0.18.3,!=0.20.1,>=0.18.2 # MIT"")","eventlet!=0.18.3,!=0.20.1,>=0.18.2 # MIT",https://opendev.org/openstack/glance_store/src/branch/master/requirements.txt
governance,openstack/governance,goals/completed/pike/python35.rst,372,"Other(""- Glance is affected by the eventlet ssl-handshake"")",- Glance is affected by the eventlet ssl-handshake-drop problem in py35,https://opendev.org/openstack/governance/src/branch/master/goals/completed/pike/python35.rst
governance,openstack/governance,goals/completed/pike/python35.rst,374,"Other(""- Fix will have to occur in eventlet (not sure tha"")",- Fix will have to occur in eventlet (not sure that will actually happen),https://opendev.org/openstack/governance/src/branch/master/goals/completed/pike/python35.rst
governance,openstack/governance,goals/completed/pike/python35.rst,377,"Other(""named 'glance-eventlet-ssl-handshake-broken-py35' "")",named 'glance-eventlet-ssl-handshake-broken-py35' so that it's obvious,https://opendev.org/openstack/governance/src/branch/master/goals/completed/pike/python35.rst
governance,openstack/governance,goals/selected/remove-eventlet.rst,28,"Other(""eventlet-removal"")",eventlet-removal,https://opendev.org/openstack/governance/src/branch/master/goals/selected/remove-eventlet.rst
governance,openstack/governance,goals/selected/remove-eventlet.rst,33,"Other(""* https://etherpad.opendev.org/p/epoxy-eventlet-tr"")",* https://etherpad.opendev.org/p/epoxy-eventlet-tracking,https://opendev.org/openstack/governance/src/branch/master/goals/selected/remove-eventlet.rst
governance,openstack/governance,goals/selected/remove-eventlet.rst,103,"Other(""A dedicated IRC channel (``#openstack-eventlet-rem"")",A dedicated IRC channel (``#openstack-eventlet-removal``) has been created.,https://opendev.org/openstack/governance/src/branch/master/goals/selected/remove-eventlet.rst
governance,openstack/governance,goals/selected/remove-eventlet.rst,110,"Other(""eventlet.readthedocs"")",.. [1] https://eventlet.readthedocs.io/en/latest/asyncio/migration.html,https://opendev.org/openstack/governance/src/branch/master/goals/selected/remove-eventlet.rst
governance,openstack/governance,goals/selected/remove-eventlet.rst,111,"Other("".. [2] https://github.com/eventlet/eventlet/pull/9"")",.. [2] https://github.com/eventlet/eventlet/pull/982,https://opendev.org/openstack/governance/src/branch/master/goals/selected/remove-eventlet.rst
governance,openstack/governance,goals/selected/remove-eventlet.rst,112,"Other(""eventlet.readthedocs"")",.. [3] https://eventlet.readthedocs.io/en/latest/design_patterns.html,https://opendev.org/openstack/governance/src/branch/master/goals/selected/remove-eventlet.rst
governance,openstack/governance,reference/legacy.yaml,1259,"Other(""deb-python-aioeventlet:"")",deb-python-aioeventlet:,https://opendev.org/openstack/governance/src/branch/master/reference/legacy.yaml
governance,openstack/governance,reference/legacy.yaml,1261,"Other(""- openstack/deb-python-aioeventlet"")",- openstack/deb-python-aioeventlet,https://opendev.org/openstack/governance/src/branch/master/reference/legacy.yaml
governance,openstack/governance,reference/legacy.yaml,1385,"Other(""deb-python-eventlet:"")",deb-python-eventlet:,https://opendev.org/openstack/governance/src/branch/master/reference/legacy.yaml
governance,openstack/governance,reference/legacy.yaml,1387,"Other(""- openstack/deb-python-eventlet"")",- openstack/deb-python-eventlet,https://opendev.org/openstack/governance/src/branch/master/reference/legacy.yaml
governance,openstack/governance,reference/popup-teams.rst,111,"Other(""eventlet.readthedocs"")",`Eventlet <https://eventlet.readthedocs.io/>`_ is an open source library that,https://opendev.org/openstack/governance/src/branch/master/reference/popup-teams.rst
governance,openstack/governance,reference/popup-teams.rst,116,"Other(""versions, and it is becoming untenable to maintain"")","versions, and it is becoming untenable to maintain eventlet's",https://opendev.org/openstack/governance/src/branch/master/reference/popup-teams.rst
governance,openstack/governance,reference/popup-teams.rst,117,"Other(""strategy of monkey-patching stdlib. Further, event"")","strategy of monkey-patching stdlib. Further, eventlet's development has",https://opendev.org/openstack/governance/src/branch/master/reference/popup-teams.rst
governance,openstack/governance,reference/popup-teams.rst,121,Import,This pop-up team tracks the migration away from eventlet across OpenStack.,https://opendev.org/openstack/governance/src/branch/master/reference/popup-teams.rst
governance,openstack/governance,reference/popup-teams.rst,135,"Other(""eventlet within the projects they maintain."")",eventlet within the projects they maintain.,https://opendev.org/openstack/governance/src/branch/master/reference/popup-teams.rst
hacking,openstack/hacking,HACKING.rst,96,Import,import eventlet,https://opendev.org/openstack/hacking/src/branch/master/HACKING.rst
hacking,openstack/hacking,test-requirements.txt,17,"Other(""eventlet!=0.18.3,!=0.20.1,>=0.18.2 # MIT"")","eventlet!=0.18.3,!=0.20.1,>=0.18.2 # MIT",https://opendev.org/openstack/hacking/src/branch/master/test-requirements.txt
heat,openstack/heat,releasenotes/notes/drop-heat-wsgi-scripts-using-eventlet-fb27d7912ffbd0a4.yaml,4,"Other(""All wsgi application implementations using eventle"")",All wsgi application implementations using eventlet for,https://opendev.org/openstack/heat/src/branch/master/releasenotes/notes/drop-heat-wsgi-scripts-using-eventlet-fb27d7912ffbd0a4.yaml
heat,openstack/heat,releasenotes/notes/drop-heat-wsgi-scripts-using-eventlet-fb27d7912ffbd0a4.yaml,6,"Other(""to dropping eventlet usage from heat."")",to dropping eventlet usage from heat.,https://opendev.org/openstack/heat/src/branch/master/releasenotes/notes/drop-heat-wsgi-scripts-using-eventlet-fb27d7912ffbd0a4.yaml
heat-specs,openstack/heat-specs,specs/liberty/heat-python34-support.rst,28,"Other(""was eventlet and now that eventlet fully supports "")","was eventlet and now that eventlet fully supports python3, it is possible",https://opendev.org/openstack/heat-specs/src/branch/master/specs/liberty/heat-python34-support.rst
ironic,openstack/ironic,doc/source/admin/report.txt,20,"Other(""/usr/local/lib/python2.7/dist-packages/eventlet/hu"")",/usr/local/lib/python2.7/dist-packages/eventlet/hubs/hub.py:346 in run,https://opendev.org/openstack/ironic/src/branch/master/doc/source/admin/report.txt
ironic,openstack/ironic,doc/source/admin/report.txt,23,"Other(""/usr/local/lib/python2.7/dist-packages/eventlet/hu"")",/usr/local/lib/python2.7/dist-packages/eventlet/hubs/poll.py:82 in wait,https://opendev.org/openstack/ironic/src/branch/master/doc/source/admin/report.txt
ironic,openstack/ironic,doc/source/admin/report.txt,41,"Other(""eventlet.greenthread"")",`eventlet.greenthread.sleep(self.wait_interval)`,https://opendev.org/openstack/ironic/src/branch/master/doc/source/admin/report.txt
ironic,openstack/ironic,doc/source/admin/report.txt,43,"Other(""/usr/local/lib/python2.7/dist-packages/eventlet/gr"")",/usr/local/lib/python2.7/dist-packages/eventlet/greenthread.py:34 in sleep,https://opendev.org/openstack/ironic/src/branch/master/doc/source/admin/report.txt
ironic,openstack/ironic,doc/source/admin/report.txt,46,"Other(""/usr/local/lib/python2.7/dist-packages/eventlet/hu"")",/usr/local/lib/python2.7/dist-packages/eventlet/hubs/hub.py:294 in switch,https://opendev.org/openstack/ironic/src/branch/master/doc/source/admin/report.txt
ironic,openstack/ironic,doc/source/admin/report.txt,231,Wsgi,eventlet.wsgi.server=INFO,https://opendev.org/openstack/ironic/src/branch/master/doc/source/admin/report.txt
ironic,openstack/ironic,ironic/hacking/checks.py,35,"Other(""_eventlet_re = re.compile(r\""\\b(import|from)\\s+even"")","_eventlet_re = re.compile(r""\b(import|from)\s+eventlet\b"")",https://opendev.org/openstack/ironic/src/branch/master/ironic/hacking/checks.py
ironic,openstack/ironic,ironic/hacking/checks.py,62,"Other(""def no_eventlet_imports(logical_line):"")",def no_eventlet_imports(logical_line):,https://opendev.org/openstack/ironic/src/branch/master/ironic/hacking/checks.py
ironic,openstack/ironic,ironic/hacking/checks.py,63,"Other(""\""\""\""Check for eventlet imports.\""\""\"""")","""""""Check for eventlet imports.""""""",https://opendev.org/openstack/ironic/src/branch/master/ironic/hacking/checks.py
ironic,openstack/ironic,ironic/hacking/checks.py,64,"Other(""if _eventlet_re.search(logical_line):"")",if _eventlet_re.search(logical_line):,https://opendev.org/openstack/ironic/src/branch/master/ironic/hacking/checks.py
ironic,openstack/ironic,ironic/hacking/checks.py,65,"Other(""yield 0, \""I319: eventlet import not allowed\"""")","yield 0, ""I319: eventlet import not allowed""",https://opendev.org/openstack/ironic/src/branch/master/ironic/hacking/checks.py
ironic,openstack/ironic,releasenotes/notes/agent-last-command-4ec6967c995ba84a.yaml,5,"Other(""sporadically happens before of the eventlet's TLS "")","sporadically happens before of the eventlet's TLS implementation), we",https://opendev.org/openstack/ironic/src/branch/master/releasenotes/notes/agent-last-command-4ec6967c995ba84a.yaml
ironic,openstack/ironic,releasenotes/notes/conductor-graceful-shutdown-timeout-db26a9194cf27bc2.yaml,15,"Other(""need to remove usage of eventlet."")",need to remove usage of eventlet.,https://opendev.org/openstack/ironic/src/branch/master/releasenotes/notes/conductor-graceful-shutdown-timeout-db26a9194cf27bc2.yaml
ironic,openstack/ironic,releasenotes/notes/fix-pxe-filter-post-eventlet-1d12665dbfe11564.yaml,6,"Other(""The launcher was inadvertently broken during the r"")",The launcher was inadvertently broken during the removal of eventlet.,https://opendev.org/openstack/ironic/src/branch/master/releasenotes/notes/fix-pxe-filter-post-eventlet-1d12665dbfe11564.yaml
ironic,openstack/ironic,releasenotes/notes/localrpc-403d72535e3e0048.yaml,6,"Other(""model is not compatible with the post-eventlet arc"")",model is not compatible with the post-eventlet architecture.,https://opendev.org/openstack/ironic/src/branch/master/releasenotes/notes/localrpc-403d72535e3e0048.yaml
ironic,openstack/ironic,releasenotes/notes/logging-keystoneauth-9db7e56c54c2473d.yaml,5,Wsgi,- Log eventlet.wsgi.server events with a proper logger name and ignore DEBUG,https://opendev.org/openstack/ironic/src/branch/master/releasenotes/notes/logging-keystoneauth-9db7e56c54c2473d.yaml
ironic,openstack/ironic,releasenotes/notes/migrate-api-and-json-rpc-out-of-eventlet-4ef744d7601111d6.yaml,6,"Other(""/ eventlet stack.  Behaviour and CLI commands are "")",/ eventlet stack.  Behaviour and CLI commands are unchanged.,https://opendev.org/openstack/ironic/src/branch/master/releasenotes/notes/migrate-api-and-json-rpc-out-of-eventlet-4ef744d7601111d6.yaml
ironic,openstack/ironic,releasenotes/notes/no-localrpc-09e47b3a9229ad8e.yaml,5,Import,"It was required during the transition away from eventlet, and is no longer",https://opendev.org/openstack/ironic/src/branch/master/releasenotes/notes/no-localrpc-09e47b3a9229ad8e.yaml
ironic,openstack/ironic,releasenotes/notes/threading-ironic-9873564daefcc1c2.yaml,13,"Other(""to remove the ``eventlet`` library from Ironic. Th"")",to remove the ``eventlet`` library from Ironic. The new process model,https://opendev.org/openstack/ironic/src/branch/master/releasenotes/notes/threading-ironic-9873564daefcc1c2.yaml
ironic,openstack/ironic,releasenotes/notes/threading-ironic-9873564daefcc1c2.yaml,33,"Other(""The ``eventlet`` library is no longer invoked by I"")",The ``eventlet`` library is no longer invoked by Ironic for the management,https://opendev.org/openstack/ironic/src/branch/master/releasenotes/notes/threading-ironic-9873564daefcc1c2.yaml
ironic,openstack/ironic,tox.ini,186,"Other(""I319 = checks:no_eventlet_imports"")",I319 = checks:no_eventlet_imports,https://opendev.org/openstack/ironic/src/branch/master/tox.ini
ironic-python-agent,openstack/ironic-python-agent,.pre-commit-config.yaml,14,"Other(""^releasenotes/notes/fix-high-cpu-usage-eventlet-1d"")",^releasenotes/notes/fix-high-cpu-usage-eventlet-1dccf3b81dd42c47.yaml$|,https://opendev.org/openstack/ironic-python-agent/src/branch/master/.pre-commit-config.yaml
ironic-python-agent,openstack/ironic-python-agent,releasenotes/notes/eventlet-removal-1bd8c6c2d5f8a765.yaml,4,"Other(""by Ironic Python Agent is deprecating support for "")",by Ironic Python Agent is deprecating support for eventlet in 2026.2.,https://opendev.org/openstack/ironic-python-agent/src/branch/master/releasenotes/notes/eventlet-removal-1bd8c6c2d5f8a765.yaml
ironic-python-agent,openstack/ironic-python-agent,releasenotes/notes/eventlet-removal-1bd8c6c2d5f8a765.yaml,5,"Other(""This change removes the use of eventlet directly a"")",This change removes the use of eventlet directly and ensures none of our,https://opendev.org/openstack/ironic-python-agent/src/branch/master/releasenotes/notes/eventlet-removal-1bd8c6c2d5f8a765.yaml
ironic-python-agent,openstack/ironic-python-agent,releasenotes/notes/eventlet-removal-1bd8c6c2d5f8a765.yaml,6,"Other(""libraries are using eventlet-based code."")",libraries are using eventlet-based code.,https://opendev.org/openstack/ironic-python-agent/src/branch/master/releasenotes/notes/eventlet-removal-1bd8c6c2d5f8a765.yaml
ironic-python-agent,openstack/ironic-python-agent,releasenotes/notes/fix-high-cpu-usage-eventlet-1dccf3b81dd42c47.yaml,7,Sleep,Using eventlet.sleep(0.1) instead of eventlet.sleep(0) gives other processes,https://opendev.org/openstack/ironic-python-agent/src/branch/master/releasenotes/notes/fix-high-cpu-usage-eventlet-1dccf3b81dd42c47.yaml
ironic-specs,openstack/ironic-specs,priorities/2025-2-workitems.rst,85,"Other(""loop library called eventlet. This package is slow"")",loop library called eventlet. This package is slowly losing relevancy in modern,https://opendev.org/openstack/ironic-specs/src/branch/master/priorities/2025-2-workitems.rst
ironic-specs,openstack/ironic-specs,priorities/2025-2-workitems.rst,87,"Other(""removed in 2026.2 -- if we haven't retired eventle"")","removed in 2026.2 -- if we haven't retired eventlet by then, we'll no longer",https://opendev.org/openstack/ironic-specs/src/branch/master/priorities/2025-2-workitems.rst
ironic-specs,openstack/ironic-specs,specs/kilo-implemented/driver-periodic-tasks.rst,46,"Other(""eventlet.greenthread"")",``eventlet.greenthread.spawn_n`` to make it run in a new thread. It will,https://opendev.org/openstack/ironic-specs/src/branch/master/specs/kilo-implemented/driver-periodic-tasks.rst
keystone,openstack/keystone,releasenotes/notes/deprecated-as-of-stein-0166965502cb3be2.yaml,5,"Other(""`pydev-debug-port` are only used by Keystone event"")",`pydev-debug-port` are only used by Keystone eventlet model in Newton,https://opendev.org/openstack/keystone/src/branch/master/releasenotes/notes/deprecated-as-of-stein-0166965502cb3be2.yaml
keystone,openstack/keystone,releasenotes/notes/eventlet-cleanup-f35fc5f83c16ea1c.yaml,6,"Other(""- ``[eventlet_server] public_bind_host``"")",- ``[eventlet_server] public_bind_host``,https://opendev.org/openstack/keystone/src/branch/master/releasenotes/notes/eventlet-cleanup-f35fc5f83c16ea1c.yaml
keystone,openstack/keystone,releasenotes/notes/eventlet-cleanup-f35fc5f83c16ea1c.yaml,7,"Other(""- ``[eventlet_server] public_bind_port``"")",- ``[eventlet_server] public_bind_port``,https://opendev.org/openstack/keystone/src/branch/master/releasenotes/notes/eventlet-cleanup-f35fc5f83c16ea1c.yaml
keystone,openstack/keystone,releasenotes/notes/eventlet-cleanup-f35fc5f83c16ea1c.yaml,8,"Other(""- ``[eventlet_server] public_admin_host``"")",- ``[eventlet_server] public_admin_host``,https://opendev.org/openstack/keystone/src/branch/master/releasenotes/notes/eventlet-cleanup-f35fc5f83c16ea1c.yaml
keystone,openstack/keystone,releasenotes/notes/eventlet-cleanup-f35fc5f83c16ea1c.yaml,9,"Other(""- ``[eventlet_server] public_admin_port``"")",- ``[eventlet_server] public_admin_port``,https://opendev.org/openstack/keystone/src/branch/master/releasenotes/notes/eventlet-cleanup-f35fc5f83c16ea1c.yaml
keystone,openstack/keystone,releasenotes/notes/eventlet-cleanup-f35fc5f83c16ea1c.yaml,13,"Other(""used by Keystone eventlet model which was removed "")",used by Keystone eventlet model which was removed in Newton release.,https://opendev.org/openstack/keystone/src/branch/master/releasenotes/notes/eventlet-cleanup-f35fc5f83c16ea1c.yaml
keystone,openstack/keystone,releasenotes/notes/removed-as-of-newton-721c06b5dcb1b34a.yaml,10,"Other(""Removed ``[eventlet_server]`` and ``[eventlet_serv"")",Removed ``[eventlet_server]`` and ``[eventlet_server_ssl]`` sections from,https://opendev.org/openstack/keystone/src/branch/master/releasenotes/notes/removed-as-of-newton-721c06b5dcb1b34a.yaml
keystone,openstack/keystone,releasenotes/notes/removed-as-of-newton-721c06b5dcb1b34a.yaml,14,"Other(""Removed support for running keystone under eventle"")",Removed support for running keystone under eventlet. It is recommended to,https://opendev.org/openstack/keystone/src/branch/master/releasenotes/notes/removed-as-of-newton-721c06b5dcb1b34a.yaml
keystone,openstack/keystone,releasenotes/source/locale/en_GB/LC_MESSAGES/releasenotes.po,988,"Other(""\""Running keystone in eventlet remains deprecated a"")","""Running keystone in eventlet remains deprecated and will be removed in the """,https://opendev.org/openstack/keystone/src/branch/master/releasenotes/source/locale/en_GB/LC_MESSAGES/releasenotes.po
keystone,openstack/keystone,releasenotes/source/locale/en_GB/LC_MESSAGES/releasenotes.po,991,"Other(""\""Running Keystone in eventlet remains deprecated a"")","""Running Keystone in eventlet remains deprecated and will be removed in the """,https://opendev.org/openstack/keystone/src/branch/master/releasenotes/source/locale/en_GB/LC_MESSAGES/releasenotes.po
keystone,openstack/keystone,releasenotes/source/locale/en_GB/LC_MESSAGES/releasenotes.po,2018,"Other(""msgid \""``[eventlet_server] public_bind_host``\"""")","msgid ""``[eventlet_server] public_bind_host``""",https://opendev.org/openstack/keystone/src/branch/master/releasenotes/source/locale/en_GB/LC_MESSAGES/releasenotes.po
keystone,openstack/keystone,releasenotes/source/locale/en_GB/LC_MESSAGES/releasenotes.po,2019,"Other(""msgstr \""``[eventlet_server] public_bind_host``\"""")","msgstr ""``[eventlet_server] public_bind_host``""",https://opendev.org/openstack/keystone/src/branch/master/releasenotes/source/locale/en_GB/LC_MESSAGES/releasenotes.po
keystone,openstack/keystone,releasenotes/source/locale/en_GB/LC_MESSAGES/releasenotes.po,2021,"Other(""msgid \""``[eventlet_server] public_bind_port``\"""")","msgid ""``[eventlet_server] public_bind_port``""",https://opendev.org/openstack/keystone/src/branch/master/releasenotes/source/locale/en_GB/LC_MESSAGES/releasenotes.po
keystone,openstack/keystone,releasenotes/source/locale/en_GB/LC_MESSAGES/releasenotes.po,2022,"Other(""msgstr \""``[eventlet_server] public_bind_port``\"""")","msgstr ""``[eventlet_server] public_bind_port``""",https://opendev.org/openstack/keystone/src/branch/master/releasenotes/source/locale/en_GB/LC_MESSAGES/releasenotes.po
keystone,openstack/keystone,releasenotes/source/locale/ja/LC_MESSAGES/releasenotes.po,521,"Other(""\""Running keystone in eventlet remains deprecated a"")","""Running keystone in eventlet remains deprecated and will be removed in the """,https://opendev.org/openstack/keystone/src/branch/master/releasenotes/source/locale/ja/LC_MESSAGES/releasenotes.po
keystone,openstack/keystone,releasenotes/source/locale/ja/LC_MESSAGES/releasenotes.po,1857,"Other(""\""+spec/removed-as-of-newton>`_] Removed ``[eventle"")","""+spec/removed-as-of-newton>`_] Removed ``[eventlet_server]`` and """,https://opendev.org/openstack/keystone/src/branch/master/releasenotes/source/locale/ja/LC_MESSAGES/releasenotes.po
keystone,openstack/keystone,releasenotes/source/locale/ja/LC_MESSAGES/releasenotes.po,1858,"Other(""\""``[eventlet_server_ssl]`` sections from the `keys"")","""``[eventlet_server_ssl]`` sections from the `keystone.conf`.""",https://opendev.org/openstack/keystone/src/branch/master/releasenotes/source/locale/ja/LC_MESSAGES/releasenotes.po
keystone,openstack/keystone,releasenotes/source/locale/ja/LC_MESSAGES/releasenotes.po,1861,"Other(""\""+spec/removed-as-of-newton>`_] ``[eventlet_server"")","""+spec/removed-as-of-newton>`_] ``[eventlet_server]`` と """,https://opendev.org/openstack/keystone/src/branch/master/releasenotes/source/locale/ja/LC_MESSAGES/releasenotes.po
keystone,openstack/keystone,releasenotes/source/locale/ja/LC_MESSAGES/releasenotes.po,1862,"Other(""\""``[eventlet_server_ssl]`` セクションが `keystone.conf` "")","""``[eventlet_server_ssl]`` セクションが `keystone.conf` から削除されました。""",https://opendev.org/openstack/keystone/src/branch/master/releasenotes/source/locale/ja/LC_MESSAGES/releasenotes.po
keystone,openstack/keystone,releasenotes/source/locale/ja/LC_MESSAGES/releasenotes.po,1875,"Other(""\""eventlet. It is recommended to run keystone in an"")","""eventlet. It is recommended to run keystone in an HTTP server.""",https://opendev.org/openstack/keystone/src/branch/master/releasenotes/source/locale/ja/LC_MESSAGES/releasenotes.po
keystone-specs,openstack/keystone-specs,specs/keystone/liberty/keystone-tokenless-authz-with-x509-ssl-client-cert.rst,157,"Other(""standalone eventlet-based Keystone does not parse "")",standalone eventlet-based Keystone does not parse or convey X.509 client,https://opendev.org/openstack/keystone-specs/src/branch/master/specs/keystone/liberty/keystone-tokenless-authz-with-x509-ssl-client-cert.rst
keystone-specs,openstack/keystone-specs,superseded/functional-testing-setup.rst,69,"Other(""type of deployment (eventlet, Apache, federation, "")","type of deployment (eventlet, Apache, federation, etc)",https://opendev.org/openstack/keystone-specs/src/branch/master/superseded/functional-testing-setup.rst
keystone-specs,openstack/keystone-specs,superseded/functional-testing-setup.rst,99,"Other(""* eventlet - deploy on eventlet"")",* eventlet - deploy on eventlet,https://opendev.org/openstack/keystone-specs/src/branch/master/superseded/functional-testing-setup.rst
keystonemiddleware,openstack/keystonemiddleware,keystonemiddleware/auth_token/_cache.py,96,"Other(""\""\""\""An advanced memcached client pool that is event"")","""""""An advanced memcached client pool that is eventlet safe.""""""",https://opendev.org/openstack/keystonemiddleware/src/branch/master/keystonemiddleware/auth_token/_cache.py
keystonemiddleware,openstack/keystonemiddleware,keystonemiddleware/auth_token/_cache.py,179,"Other(""\""Using the eventlet-unsafe cache pool is deprecate"")","""Using the eventlet-unsafe cache pool is deprecated.""",https://opendev.org/openstack/keystonemiddleware/src/branch/master/keystonemiddleware/auth_token/_cache.py
keystonemiddleware,openstack/keystonemiddleware,keystonemiddleware/auth_token/_cache.py,180,"Other(""\""It is recommended to use eventlet-safe cache pool"")","""It is recommended to use eventlet-safe cache pool""",https://opendev.org/openstack/keystonemiddleware/src/branch/master/keystonemiddleware/auth_token/_cache.py
keystonemiddleware,openstack/keystonemiddleware,keystonemiddleware/auth_token/_opts.py,175,"Other(""help='(Optional) Use the advanced (eventlet safe) "")",help='(Optional) Use the advanced (eventlet safe) memcached ',https://opendev.org/openstack/keystonemiddleware/src/branch/master/keystonemiddleware/auth_token/_opts.py
keystonemiddleware,openstack/keystonemiddleware,keystonemiddleware/external_oauth2_token.py,182,"Other(""help='(Optional) Use the advanced (eventlet safe) "")",help='(Optional) Use the advanced (eventlet safe) memcached ',https://opendev.org/openstack/keystonemiddleware/src/branch/master/keystonemiddleware/external_oauth2_token.py
keystonemiddleware,openstack/keystonemiddleware,releasenotes/notes/deprecate-eventlet-unsafe-memcacheclientpool-f8b4a6733513d73e.yaml,4,"Other(""We no longer recommend using the eventlet unsafe k"")",We no longer recommend using the eventlet unsafe keystonemiddleware's,https://opendev.org/openstack/keystonemiddleware/src/branch/master/releasenotes/notes/deprecate-eventlet-unsafe-memcacheclientpool-f8b4a6733513d73e.yaml
keystonemiddleware,openstack/keystonemiddleware,releasenotes/notes/deprecate-eventlet-unsafe-memcacheclientpool-f8b4a6733513d73e.yaml,17,"Other(""Keystonemiddleware now using eventlet-safe impleme"")",Keystonemiddleware now using eventlet-safe implementation of,https://opendev.org/openstack/keystonemiddleware/src/branch/master/releasenotes/notes/deprecate-eventlet-unsafe-memcacheclientpool-f8b4a6733513d73e.yaml
keystonemiddleware,openstack/keystonemiddleware,releasenotes/source/locale/en_GB/LC_MESSAGES/releasenotes.po,362,"Other(""\""We no longer recommend using the eventlet unsafe "")","""We no longer recommend using the eventlet unsafe keystonemiddleware's """,https://opendev.org/openstack/keystonemiddleware/src/branch/master/releasenotes/source/locale/en_GB/LC_MESSAGES/releasenotes.po
keystonemiddleware,openstack/keystonemiddleware,releasenotes/source/locale/en_GB/LC_MESSAGES/releasenotes.po,366,"Other(""\""We no longer recommend using the eventlet unsafe "")","""We no longer recommend using the eventlet unsafe keystonemiddleware's """,https://opendev.org/openstack/keystonemiddleware/src/branch/master/releasenotes/source/locale/en_GB/LC_MESSAGES/releasenotes.po
keystonemiddleware,openstack/keystonemiddleware,releasenotes/source/locale/en_GB/LC_MESSAGES/releasenotes.po,886,"Other(""\""keystonemiddleware/+bug/1883659>`_] Keystonemiddl"")","""keystonemiddleware/+bug/1883659>`_] Keystonemiddleware now using eventlet-""",https://opendev.org/openstack/keystonemiddleware/src/branch/master/releasenotes/source/locale/en_GB/LC_MESSAGES/releasenotes.po
keystonemiddleware,openstack/keystonemiddleware,releasenotes/source/locale/en_GB/LC_MESSAGES/releasenotes.po,897,"Other(""\""keystonemiddleware/+bug/1883659>`_] Keystonemiddl"")","""keystonemiddleware/+bug/1883659>`_] Keystonemiddleware now using eventlet-""",https://opendev.org/openstack/keystonemiddleware/src/branch/master/releasenotes/source/locale/en_GB/LC_MESSAGES/releasenotes.po
kolla,openstack/kolla,docker/openstack-base/Dockerfile.j2,93,"Other(""'eventlet',"")","'eventlet',",https://opendev.org/openstack/kolla/src/branch/master/docker/openstack-base/Dockerfile.j2
kolla-ansible,openstack/kolla-ansible,releasenotes/notes/coordination-backend-etcd3gw-8a58a2f5eddd1f57.yaml,8,"Other(""stability. ``etcd3`` does not handle well eventlet"")","stability. ``etcd3`` does not handle well eventlet-based services,",https://opendev.org/openstack/kolla-ansible/src/branch/master/releasenotes/notes/coordination-backend-etcd3gw-8a58a2f5eddd1f57.yaml
magnum,openstack/magnum,magnum/cmd/__init__.py,18,Import,import eventlet,https://opendev.org/openstack/magnum/src/branch/master/magnum/cmd/__init__.py
magnum,openstack/magnum,magnum/cmd/__init__.py,20,MonkeyPatch,eventlet.monkey_patch(),https://opendev.org/openstack/magnum/src/branch/master/magnum/cmd/__init__.py
magnum,openstack/magnum,magnum/common/context.py,13,Import,from eventlet.green import threading,https://opendev.org/openstack/magnum/src/branch/master/magnum/common/context.py
magnum,openstack/magnum,magnum/common/rpc.py,164,Executor,"executor='eventlet',",https://opendev.org/openstack/magnum/src/branch/master/magnum/common/rpc.py
magnum,openstack/magnum,releasenotes/notes/broken-kuberenetes-client-d2d1da6029825208.yaml,7,"Other(""https://github.com/eventlet/eventlet/issues/147"")",https://github.com/eventlet/eventlet/issues/147,https://opendev.org/openstack/magnum/src/branch/master/releasenotes/notes/broken-kuberenetes-client-d2d1da6029825208.yaml
magnum,openstack/magnum,releasenotes/source/locale/en_GB/LC_MESSAGES/releasenotes.po,1382,"Other(""\""https://github.com/eventlet/eventlet/issues/147 M"")","""https://github.com/eventlet/eventlet/issues/147 Magnum has three periodic """,https://opendev.org/openstack/magnum/src/branch/master/releasenotes/source/locale/en_GB/LC_MESSAGES/releasenotes.po
magnum,openstack/magnum,releasenotes/source/locale/en_GB/LC_MESSAGES/releasenotes.po,1393,"Other(""\""https://github.com/eventlet/eventlet/issues/147 M"")","""https://github.com/eventlet/eventlet/issues/147 Magnum has three periodic """,https://opendev.org/openstack/magnum/src/branch/master/releasenotes/source/locale/en_GB/LC_MESSAGES/releasenotes.po
magnum,openstack/magnum,requirements.txt,12,"Other(""eventlet>=0.28.0 # MIT"")",eventlet>=0.28.0 # MIT,https://opendev.org/openstack/magnum/src/branch/master/requirements.txt
manila,openstack/manila,.coveragerc,5,"Other(""concurrency = eventlet"")",concurrency = eventlet,https://opendev.org/openstack/manila/src/branch/master/.coveragerc
manila,openstack/manila,doc/source/conf.py,25,Import,import eventlet,https://opendev.org/openstack/manila/src/branch/master/doc/source/conf.py
manila,openstack/manila,doc/source/conf.py,32,"Other(""eventlet.monkey_patch"")",eventlet.monkey_patch(subprocess=True),https://opendev.org/openstack/manila/src/branch/master/doc/source/conf.py
manila,openstack/manila,doc/source/contributor/threading.rst,5,"Other(""eventlet.net"")",through using the Python `eventlet <http://eventlet.net/>`_ and,https://opendev.org/openstack/manila/src/branch/master/doc/source/contributor/threading.rst
manila,openstack/manila,doc/source/contributor/threading.rst,9,"Other(""switches can only occur when specific eventlet or "")",switches can only occur when specific eventlet or greenlet library calls are,https://opendev.org/openstack/manila/src/branch/master/doc/source/contributor/threading.rst
manila,openstack/manila,doc/source/contributor/threading.rst,23,"Other(""that trigger an eventlet context switch, the long-"")","that trigger an eventlet context switch, the long-running thread will block",https://opendev.org/openstack/manila/src/branch/master/doc/source/contributor/threading.rst
manila,openstack/manila,doc/source/contributor/threading.rst,26,"Other(""This scenario can be avoided by adding calls to th"")",This scenario can be avoided by adding calls to the eventlet sleep method,https://opendev.org/openstack/manila/src/branch/master/doc/source/contributor/threading.rst
manila,openstack/manila,doc/source/contributor/threading.rst,31,Import,from eventlet import greenthread,https://opendev.org/openstack/manila/src/branch/master/doc/source/contributor/threading.rst
manila,openstack/manila,doc/source/contributor/threading.rst,36,MonkeyPatch,"if time module is patched through eventlet.monkey_patch(). To be explicit,",https://opendev.org/openstack/manila/src/branch/master/doc/source/contributor/threading.rst
manila,openstack/manila,doc/source/contributor/threading.rst,40,"Other(""MySQL access and eventlet"")",MySQL access and eventlet,https://opendev.org/openstack/manila/src/branch/master/doc/source/contributor/threading.rst
manila,openstack/manila,doc/source/contributor/threading.rst,44,"Other(""with eventlet. MySQL-python uses an external C lib"")",with eventlet. MySQL-python uses an external C library for accessing the MySQL,https://opendev.org/openstack/manila/src/branch/master/doc/source/contributor/threading.rst
manila,openstack/manila,doc/source/contributor/threading.rst,45,"Other(""database. Since eventlet cannot use monkey-patchin"")",database. Since eventlet cannot use monkey-patching to intercept blocking calls,https://opendev.org/openstack/manila/src/branch/master/doc/source/contributor/threading.rst
manila,openstack/manila,etc/manila/logging_sample.conf,42,"Other(""[logger_eventletwsgi]"")",[logger_eventletwsgi],https://opendev.org/openstack/manila/src/branch/master/etc/manila/logging_sample.conf
manila,openstack/manila,etc/manila/logging_sample.conf,45,Wsgi,qualname = eventlet.wsgi.server,https://opendev.org/openstack/manila/src/branch/master/etc/manila/logging_sample.conf
manila,openstack/manila,manila/cmd/api.py,21,Import,import eventlet,https://opendev.org/openstack/manila/src/branch/master/manila/cmd/api.py
manila,openstack/manila,manila/cmd/api.py,22,MonkeyPatch,eventlet.monkey_patch(),https://opendev.org/openstack/manila/src/branch/master/manila/cmd/api.py
manila,openstack/manila,manila/cmd/data.py,19,Import,import eventlet,https://opendev.org/openstack/manila/src/branch/master/manila/cmd/data.py
manila,openstack/manila,manila/cmd/data.py,20,MonkeyPatch,eventlet.monkey_patch(),https://opendev.org/openstack/manila/src/branch/master/manila/cmd/data.py
manila,openstack/manila,manila/cmd/scheduler.py,21,Import,import eventlet,https://opendev.org/openstack/manila/src/branch/master/manila/cmd/scheduler.py
manila,openstack/manila,manila/cmd/scheduler.py,22,MonkeyPatch,eventlet.monkey_patch(),https://opendev.org/openstack/manila/src/branch/master/manila/cmd/scheduler.py
manila,openstack/manila,manila/cmd/share.py,20,Import,import eventlet,https://opendev.org/openstack/manila/src/branch/master/manila/cmd/share.py
manila,openstack/manila,manila/cmd/share.py,21,MonkeyPatch,eventlet.monkey_patch(),https://opendev.org/openstack/manila/src/branch/master/manila/cmd/share.py
manila,openstack/manila,manila/manager.py,55,Import,from eventlet import greenpool,https://opendev.org/openstack/manila/src/branch/master/manila/manager.py
manila,openstack/manila,manila/opts.py,96,"Other(""import manila.wsgi.eventlet_server"")",import manila.wsgi.eventlet_server,https://opendev.org/openstack/manila/src/branch/master/manila/opts.py
manila,openstack/manila,manila/opts.py,199,"Other(""manila.wsgi.eventlet_server.socket_opts,"")","manila.wsgi.eventlet_server.socket_opts,",https://opendev.org/openstack/manila/src/branch/master/manila/opts.py
manila,openstack/manila,manila/share/drivers/inspur/as13000/as13000_nas.py,20,Import,import eventlet,https://opendev.org/openstack/manila/src/branch/master/manila/share/drivers/inspur/as13000/as13000_nas.py
manila,openstack/manila,manila/share/drivers/inspur/as13000/as13000_nas.py,148,Sleep,eventlet.sleep(1),https://opendev.org/openstack/manila/src/branch/master/manila/share/drivers/inspur/as13000/as13000_nas.py
manila,openstack/manila,manila/share/drivers/inspur/instorage/cli_helper.py,23,Import,from eventlet import greenthread,https://opendev.org/openstack/manila/src/branch/master/manila/share/drivers/inspur/instorage/cli_helper.py
manila,openstack/manila,manila/share/drivers/nexenta/ns5/jsonrpc.py,21,Import,from eventlet import greenthread,https://opendev.org/openstack/manila/src/branch/master/manila/share/drivers/nexenta/ns5/jsonrpc.py
manila,openstack/manila,manila/ssh_utils.py,19,Import,from eventlet import pools,https://opendev.org/openstack/manila/src/branch/master/manila/ssh_utils.py
manila,openstack/manila,manila/ssh_utils.py,57,"Other(""\""\""\""A simple eventlet pool to hold ssh connections."")","""""""A simple eventlet pool to hold ssh connections.""""""",https://opendev.org/openstack/manila/src/branch/master/manila/ssh_utils.py
manila,openstack/manila,requirements.txt,11,"Other(""eventlet>=0.27.0 # MIT"")",eventlet>=0.27.0 # MIT,https://opendev.org/openstack/manila/src/branch/master/requirements.txt
masakari,openstack/masakari,HACKING.rst,36,Spawn,- [M322] Check masakari.utils.spawn() is used instead of greenthread.spawn() and eventlet.spawn(),https://opendev.org/openstack/masakari/src/branch/master/HACKING.rst
masakari,openstack/masakari,masakari/__init__.py,34,Import,import eventlet  # noqa,https://opendev.org/openstack/masakari/src/branch/master/masakari/__init__.py
masakari,openstack/masakari,masakari/api/wsgi.py,22,Import,import eventlet,https://opendev.org/openstack/masakari/src/branch/master/masakari/api/wsgi.py
masakari,openstack/masakari,masakari/api/wsgi.py,23,Wsgi,import eventlet.wsgi,https://opendev.org/openstack/masakari/src/branch/master/masakari/api/wsgi.py
masakari,openstack/masakari,masakari/api/wsgi.py,49,Wsgi,"protocol=eventlet.wsgi.HttpProtocol, backlog=128,",https://opendev.org/openstack/masakari/src/branch/master/masakari/api/wsgi.py
masakari,openstack/masakari,masakari/api/wsgi.py,57,"Other("":param pool_size: Maximum number of eventlets to s"")",:param pool_size: Maximum number of eventlets to spawn concurrently.,https://opendev.org/openstack/masakari/src/branch/master/masakari/api/wsgi.py
masakari,openstack/masakari,masakari/api/wsgi.py,64,Wsgi,eventlet.wsgi.MAX_HEADER_LINE = CONF.wsgi.max_header_line,https://opendev.org/openstack/masakari/src/branch/master/masakari/api/wsgi.py
masakari,openstack/masakari,masakari/api/wsgi.py,70,Pool,self._pool = eventlet.GreenPool(self.pool_size),https://opendev.org/openstack/masakari/src/branch/master/masakari/api/wsgi.py
masakari,openstack/masakari,masakari/api/wsgi.py,93,Listen,"self._socket = eventlet.listen(bind_addr, family, backlog=backlog)",https://opendev.org/openstack/masakari/src/branch/master/masakari/api/wsgi.py
masakari,openstack/masakari,masakari/api/wsgi.py,160,"Other(""eventlet.wrap_ssl"")","dup_socket = eventlet.wrap_ssl(dup_socket,",https://opendev.org/openstack/masakari/src/branch/master/masakari/api/wsgi.py
masakari,openstack/masakari,masakari/api/wsgi.py,170,Wsgi,"'func': eventlet.wsgi.server,",https://opendev.org/openstack/masakari/src/branch/master/masakari/api/wsgi.py
masakari,openstack/masakari,masakari/api/wsgi.py,199,"Other(""server is stopped is by killing its eventlet."")",server is stopped is by killing its eventlet.,https://opendev.org/openstack/masakari/src/branch/master/masakari/api/wsgi.py
masakari,openstack/masakari,masakari/api/wsgi.py,214,"Other(""Waits on the server's eventlet to finish, then ret"")","Waits on the server's eventlet to finish, then returns.",https://opendev.org/openstack/masakari/src/branch/master/masakari/api/wsgi.py
masakari,openstack/masakari,masakari/cmd/__init__.py,16,Import,import eventlet,https://opendev.org/openstack/masakari/src/branch/master/masakari/cmd/__init__.py
masakari,openstack/masakari,masakari/cmd/__init__.py,18,MonkeyPatch,eventlet.monkey_patch(),https://opendev.org/openstack/masakari/src/branch/master/masakari/cmd/__init__.py
masakari,openstack/masakari,masakari/engine/drivers/taskflow/host_failure.py,16,Import,import eventlet,https://opendev.org/openstack/masakari/src/branch/master/masakari/engine/drivers/taskflow/host_failure.py
masakari,openstack/masakari,masakari/engine/drivers/taskflow/host_failure.py,17,Import,from eventlet import greenpool,https://opendev.org/openstack/masakari/src/branch/master/masakari/engine/drivers/taskflow/host_failure.py
masakari,openstack/masakari,masakari/engine/drivers/taskflow/host_failure.py,59,Sleep,eventlet.sleep(CONF.wait_period_after_service_update),https://opendev.org/openstack/masakari/src/branch/master/masakari/engine/drivers/taskflow/host_failure.py
masakari,openstack/masakari,masakari/hacking/checks.py,87,"Other(""r\"".*(eventlet|greenthread)\\.(?P<spawn_part>spawn(_"")","r"".*(eventlet|greenthread)\.(?P<spawn_part>spawn(_n)?)\(.*\)"")",https://opendev.org/openstack/masakari/src/branch/master/masakari/hacking/checks.py
masakari,openstack/masakari,masakari/hacking/checks.py,304,Spawn,"eventlet.spawn(), and eventlet.spawn_n()",https://opendev.org/openstack/masakari/src/branch/master/masakari/hacking/checks.py
masakari,openstack/masakari,masakari/hacking/checks.py,309,"Other(""\""greenthread.%(spawn)s() and eventlet.%(spawn)s()\"""")","""greenthread.%(spawn)s() and eventlet.%(spawn)s()"")",https://opendev.org/openstack/masakari/src/branch/master/masakari/hacking/checks.py
masakari,openstack/masakari,masakari/rpc.py,147,Executor,"executor='eventlet',",https://opendev.org/openstack/masakari/src/branch/master/masakari/rpc.py
masakari,openstack/masakari,masakari/utils.py,26,Import,import eventlet,https://opendev.org/openstack/masakari/src/branch/master/masakari/utils.py
masakari,openstack/masakari,masakari/utils.py,195,"Other(""eventlet.spawn"")","""""""Passthrough method for eventlet.spawn.",https://opendev.org/openstack/masakari/src/branch/master/masakari/utils.py
masakari,openstack/masakari,masakari/utils.py,214,Spawn,"return eventlet.spawn(context_wrapper, *args, **kwargs)",https://opendev.org/openstack/masakari/src/branch/master/masakari/utils.py
masakari,openstack/masakari,masakari/utils.py,218,"Other(""eventlet.spawn_n"")","""""""Passthrough method for eventlet.spawn_n.",https://opendev.org/openstack/masakari/src/branch/master/masakari/utils.py
masakari,openstack/masakari,masakari/utils.py,237,"Other(""eventlet.spawn_n"")","eventlet.spawn_n(context_wrapper, *args, **kwargs)",https://opendev.org/openstack/masakari/src/branch/master/masakari/utils.py
masakari,openstack/masakari,releasenotes/notes/wsgi-applications-3ed7d6b89f1a5785.yaml,7,"Other(""The eventlet-based servers are still available, bu"")","The eventlet-based servers are still available, but the WSGI options will",https://opendev.org/openstack/masakari/src/branch/master/releasenotes/notes/wsgi-applications-3ed7d6b89f1a5785.yaml
masakari-monitors,openstack/masakari-monitors,masakarimonitors/ha/masakari.py,15,Import,import eventlet,https://opendev.org/openstack/masakari-monitors/src/branch/master/masakarimonitors/ha/masakari.py
masakari-monitors,openstack/masakari-monitors,masakarimonitors/ha/masakari.py,84,"Other(""eventlet.greenthread"")",eventlet.greenthread.sleep(api_retry_interval),https://opendev.org/openstack/masakari-monitors/src/branch/master/masakarimonitors/ha/masakari.py
masakari-monitors,openstack/masakari-monitors,masakarimonitors/hostmonitor/consul_check/manager.py,15,Import,import eventlet,https://opendev.org/openstack/masakari-monitors/src/branch/master/masakarimonitors/hostmonitor/consul_check/manager.py
masakari-monitors,openstack/masakari-monitors,masakarimonitors/hostmonitor/consul_check/manager.py,193,"Other(""eventlet.greenthread"")",eventlet.greenthread.sleep(self.monitoring_interval),https://opendev.org/openstack/masakari-monitors/src/branch/master/masakarimonitors/hostmonitor/consul_check/manager.py
masakari-monitors,openstack/masakari-monitors,masakarimonitors/hostmonitor/host_handler/handle_host.py,18,Import,import eventlet,https://opendev.org/openstack/masakari-monitors/src/branch/master/masakarimonitors/hostmonitor/host_handler/handle_host.py
masakari-monitors,openstack/masakari-monitors,masakarimonitors/hostmonitor/host_handler/handle_host.py,266,"Other(""eventlet.greenthread"")",eventlet.greenthread.sleep(CONF.host.ipmi_retry_interval),https://opendev.org/openstack/masakari-monitors/src/branch/master/masakarimonitors/hostmonitor/host_handler/handle_host.py
masakari-monitors,openstack/masakari-monitors,masakarimonitors/hostmonitor/host_handler/handle_host.py,443,"Other(""eventlet.greenthread"")",eventlet.greenthread.sleep(CONF.host.stonith_wait),https://opendev.org/openstack/masakari-monitors/src/branch/master/masakarimonitors/hostmonitor/host_handler/handle_host.py
masakari-monitors,openstack/masakari-monitors,masakarimonitors/hostmonitor/host_handler/handle_host.py,446,"Other(""eventlet.greenthread"")",eventlet.greenthread.sleep(CONF.host.monitoring_interval),https://opendev.org/openstack/masakari-monitors/src/branch/master/masakarimonitors/hostmonitor/host_handler/handle_host.py
masakari-monitors,openstack/masakari-monitors,masakarimonitors/hostmonitor/host_handler/handle_host.py,462,"Other(""eventlet.greenthread"")",eventlet.greenthread.sleep(,https://opendev.org/openstack/masakari-monitors/src/branch/master/masakarimonitors/hostmonitor/host_handler/handle_host.py
masakari-monitors,openstack/masakari-monitors,masakarimonitors/hostmonitor/host_handler/handle_host.py,478,"Other(""eventlet.greenthread"")",eventlet.greenthread.sleep(CONF.host.monitoring_interval),https://opendev.org/openstack/masakari-monitors/src/branch/master/masakarimonitors/hostmonitor/host_handler/handle_host.py
masakari-monitors,openstack/masakari-monitors,masakarimonitors/hostmonitor/kubernetes_check/manager.py,17,Import,import eventlet,https://opendev.org/openstack/masakari-monitors/src/branch/master/masakarimonitors/hostmonitor/kubernetes_check/manager.py
masakari-monitors,openstack/masakari-monitors,masakarimonitors/hostmonitor/kubernetes_check/manager.py,136,"Other(""eventlet.greenthread"")",eventlet.greenthread.sleep(self.monitoring_interval),https://opendev.org/openstack/masakari-monitors/src/branch/master/masakarimonitors/hostmonitor/kubernetes_check/manager.py
masakari-monitors,openstack/masakari-monitors,masakarimonitors/instancemonitor/instance.py,18,Import,import eventlet,https://opendev.org/openstack/masakari-monitors/src/branch/master/masakarimonitors/instancemonitor/instance.py
masakari-monitors,openstack/masakari-monitors,masakarimonitors/instancemonitor/instance.py,157,"Other(""eventlet.greenthread"")",eventlet.greenthread.sleep(1),https://opendev.org/openstack/masakari-monitors/src/branch/master/masakarimonitors/instancemonitor/instance.py
masakari-monitors,openstack/masakari-monitors,masakarimonitors/introspectiveinstancemonitor/instance.py,15,Import,import eventlet,https://opendev.org/openstack/masakari-monitors/src/branch/master/masakarimonitors/introspectiveinstancemonitor/instance.py
masakari-monitors,openstack/masakari-monitors,masakarimonitors/introspectiveinstancemonitor/instance.py,148,"Other(""eventlet.greenthread"")",eventlet.greenthread.sleep(1),https://opendev.org/openstack/masakari-monitors/src/branch/master/masakarimonitors/introspectiveinstancemonitor/instance.py
masakari-monitors,openstack/masakari-monitors,masakarimonitors/introspectiveinstancemonitor/qemu_utils.py,32,Import,import eventlet,https://opendev.org/openstack/masakari-monitors/src/branch/master/masakarimonitors/introspectiveinstancemonitor/qemu_utils.py
masakari-monitors,openstack/masakari-monitors,masakarimonitors/introspectiveinstancemonitor/qemu_utils.py,420,Sleep,eventlet.sleep(sleep_time),https://opendev.org/openstack/masakari-monitors/src/branch/master/masakarimonitors/introspectiveinstancemonitor/qemu_utils.py
masakari-monitors,openstack/masakari-monitors,masakarimonitors/introspectiveinstancemonitor/qemu_utils.py,426,Sleep,eventlet.sleep(sleep_time),https://opendev.org/openstack/masakari-monitors/src/branch/master/masakarimonitors/introspectiveinstancemonitor/qemu_utils.py
masakari-monitors,openstack/masakari-monitors,masakarimonitors/introspectiveinstancemonitor/scheduler.py,15,Import,import eventlet,https://opendev.org/openstack/masakari-monitors/src/branch/master/masakarimonitors/introspectiveinstancemonitor/scheduler.py
masakari-monitors,openstack/masakari-monitors,masakarimonitors/introspectiveinstancemonitor/scheduler.py,89,Sleep,eventlet.sleep(),https://opendev.org/openstack/masakari-monitors/src/branch/master/masakarimonitors/introspectiveinstancemonitor/scheduler.py
masakari-monitors,openstack/masakari-monitors,masakarimonitors/introspectiveinstancemonitor/scheduler.py,102,Sleep,eventlet.sleep(sleep_time),https://opendev.org/openstack/masakari-monitors/src/branch/master/masakarimonitors/introspectiveinstancemonitor/scheduler.py
masakari-monitors,openstack/masakari-monitors,masakarimonitors/introspectiveinstancemonitor/scheduler.py,110,Sleep,eventlet.sleep(sleep_time),https://opendev.org/openstack/masakari-monitors/src/branch/master/masakarimonitors/introspectiveinstancemonitor/scheduler.py
masakari-monitors,openstack/masakari-monitors,masakarimonitors/processmonitor/process.py,17,Import,import eventlet,https://opendev.org/openstack/masakari-monitors/src/branch/master/masakarimonitors/processmonitor/process.py
masakari-monitors,openstack/masakari-monitors,masakarimonitors/processmonitor/process.py,87,"Other(""eventlet.greenthread"")",eventlet.greenthread.sleep(CONF.process.check_interval),https://opendev.org/openstack/masakari-monitors/src/branch/master/masakarimonitors/processmonitor/process.py
masakari-monitors,openstack/masakari-monitors,masakarimonitors/processmonitor/process_handler/handle_process.py,17,Import,import eventlet,https://opendev.org/openstack/masakari-monitors/src/branch/master/masakarimonitors/processmonitor/process_handler/handle_process.py
masakari-monitors,openstack/masakari-monitors,masakarimonitors/processmonitor/process_handler/handle_process.py,173,"Other(""eventlet.greenthread"")",eventlet.greenthread.sleep(,https://opendev.org/openstack/masakari-monitors/src/branch/master/masakarimonitors/processmonitor/process_handler/handle_process.py
masakari-monitors,openstack/masakari-monitors,masakarimonitors/processmonitor/process_handler/handle_process.py,181,"Other(""eventlet.greenthread"")",eventlet.greenthread.sleep(CONF.process.restart_interval),https://opendev.org/openstack/masakari-monitors/src/branch/master/masakarimonitors/processmonitor/process_handler/handle_process.py
masakari-monitors,openstack/masakari-monitors,masakarimonitors/processmonitor/process_handler/handle_process.py,190,"Other(""eventlet.greenthread"")",eventlet.greenthread.sleep(,https://opendev.org/openstack/masakari-monitors/src/branch/master/masakarimonitors/processmonitor/process_handler/handle_process.py
mistral,openstack/mistral,mistral/config.py,830,Wsgi,"'eventlet.wsgi.server=WARN',",https://opendev.org/openstack/mistral/src/branch/master/mistral/config.py
mistral,openstack/mistral,mistral/releasenotes/notes/deprecate-oslo_rpc_executor-eventlet-8ca1cc8a71de59c4.yaml,5,"Other(""has been set to `threading` instead of `eventlet`."")",has been set to `threading` instead of `eventlet`.,https://opendev.org/openstack/mistral/src/branch/master/mistral/releasenotes/notes/deprecate-oslo_rpc_executor-eventlet-8ca1cc8a71de59c4.yaml
mistral,openstack/mistral,mistral/releasenotes/notes/deprecate-oslo_rpc_executor-eventlet-8ca1cc8a71de59c4.yaml,6,"Other(""This change has been done during the process of ev"")","This change has been done during the process of eventlet removal, see",https://opendev.org/openstack/mistral/src/branch/master/mistral/releasenotes/notes/deprecate-oslo_rpc_executor-eventlet-8ca1cc8a71de59c4.yaml
mistral,openstack/mistral,releasenotes/notes/add_config_option_for_oslo_rpc_executor-44afe1f728afdcb2.yaml,6,"Other(""processes incoming calls. Allowed values: \""eventle"")","processes incoming calls. Allowed values: ""eventlet"", ""threading"" and",https://opendev.org/openstack/mistral/src/branch/master/releasenotes/notes/add_config_option_for_oslo_rpc_executor-44afe1f728afdcb2.yaml
mistral,openstack/mistral,releasenotes/notes/add_config_option_for_oslo_rpc_executor-44afe1f728afdcb2.yaml,10,"Other(""MySQLDb database driver and \""eventlet\"" RPC executo"")","MySQLDb database driver and ""eventlet"" RPC executor. Once in a while,",https://opendev.org/openstack/mistral/src/branch/master/releasenotes/notes/add_config_option_for_oslo_rpc_executor-44afe1f728afdcb2.yaml
mistral,openstack/mistral,releasenotes/notes/add_config_option_for_oslo_rpc_executor-44afe1f728afdcb2.yaml,12,"Other(""driver wasn't eventlet-friendly and dispatching of"")",driver wasn't eventlet-friendly and dispatching of green threads didn't,https://opendev.org/openstack/mistral/src/branch/master/releasenotes/notes/add_config_option_for_oslo_rpc_executor-44afe1f728afdcb2.yaml
mistral,openstack/mistral,releasenotes/notes/add_config_option_for_oslo_rpc_executor-44afe1f728afdcb2.yaml,14,"Other(""a combination of \""eventlet\"" executor and PyMysql d"")","a combination of ""eventlet"" executor and PyMysql driver works well. The",https://opendev.org/openstack/mistral/src/branch/master/releasenotes/notes/add_config_option_for_oslo_rpc_executor-44afe1f728afdcb2.yaml
mistral,openstack/mistral,releasenotes/notes/deprecate-coordination-cf5f28b30a8d407f.yaml,10,"Other(""use, may need eventlet monkeypatching."")","use, may need eventlet monkeypatching.",https://opendev.org/openstack/mistral/src/branch/master/releasenotes/notes/deprecate-coordination-cf5f28b30a8d407f.yaml
mistral,openstack/mistral,releasenotes/notes/deprecate-coordination-cf5f28b30a8d407f.yaml,11,"Other(""Because we want to get rid of all eventlet code in"")","Because we want to get rid of all eventlet code inside mistral, the",https://opendev.org/openstack/mistral/src/branch/master/releasenotes/notes/deprecate-coordination-cf5f28b30a8d407f.yaml
mistral,openstack/mistral,releasenotes/notes/migrate-api-out-of-eventlet-cheroot-c681999fb16c27d7.yaml,5,"Other(""deprecated ``oslo_service.wsgi`` / eventlet stack."")",deprecated ``oslo_service.wsgi`` / eventlet stack. Behaviour and CLI,https://opendev.org/openstack/mistral/src/branch/master/releasenotes/notes/migrate-api-out-of-eventlet-cheroot-c681999fb16c27d7.yaml
networking-baremetal,openstack/networking-baremetal,releasenotes/notes/no-explicit-eventlet-use-19a2287e1f15ab71.yaml,4,"Other(""Explicit usage and monkey-patching with eventlet h"")",Explicit usage and monkey-patching with eventlet have been removed. Since,https://opendev.org/openstack/networking-baremetal/src/branch/master/releasenotes/notes/no-explicit-eventlet-use-19a2287e1f15ab71.yaml
networking-baremetal,openstack/networking-baremetal,releasenotes/notes/no-explicit-eventlet-use-19a2287e1f15ab71.yaml,5,"Other(""this is a Neutron plugin, Neutron may still load e"")","this is a Neutron plugin, Neutron may still load eventlet modules, but",https://opendev.org/openstack/networking-baremetal/src/branch/master/releasenotes/notes/no-explicit-eventlet-use-19a2287e1f15ab71.yaml
networking-generic-switch,openstack/networking-generic-switch,releasenotes/notes/no-explicit-eventlet-use-d6d67e6a3bebd637.yaml,4,"Other(""Explicit usage and monkey-patching with eventlet h"")",Explicit usage and monkey-patching with eventlet have been removed. Since,https://opendev.org/openstack/networking-generic-switch/src/branch/master/releasenotes/notes/no-explicit-eventlet-use-d6d67e6a3bebd637.yaml
networking-generic-switch,openstack/networking-generic-switch,releasenotes/notes/no-explicit-eventlet-use-d6d67e6a3bebd637.yaml,5,"Other(""this is a Neutron plugin, Neutron may still load e"")","this is a Neutron plugin, Neutron may still load eventlet modules, but",https://opendev.org/openstack/networking-generic-switch/src/branch/master/releasenotes/notes/no-explicit-eventlet-use-d6d67e6a3bebd637.yaml
networking-sfc,openstack/networking-sfc,networking_sfc/hacking/checks.py,21,"Other(""EVENTLET_IMPORT_RE = re.compile(r'^\\s*(import|from"")",EVENTLET_IMPORT_RE = re.compile(r'^\s*(import|from)\s+eventlet'),https://opendev.org/openstack/networking-sfc/src/branch/master/networking_sfc/hacking/checks.py
networking-sfc,openstack/networking-sfc,networking_sfc/hacking/checks.py,25,"Other(""def check_no_eventlet_import(logical_line):"")",def check_no_eventlet_import(logical_line):,https://opendev.org/openstack/networking-sfc/src/branch/master/networking_sfc/hacking/checks.py
networking-sfc,openstack/networking-sfc,networking_sfc/hacking/checks.py,26,"Other(""\""\""\""Check that eventlet is not imported."")","""""""Check that eventlet is not imported.",https://opendev.org/openstack/networking-sfc/src/branch/master/networking_sfc/hacking/checks.py
networking-sfc,openstack/networking-sfc,networking_sfc/hacking/checks.py,29,"Other(""This check prevents accidental reintroduction of e"")",This check prevents accidental reintroduction of eventlet imports.,https://opendev.org/openstack/networking-sfc/src/branch/master/networking_sfc/hacking/checks.py
networking-sfc,openstack/networking-sfc,networking_sfc/hacking/checks.py,31,"Other(""H999 - eventlet must not be imported."")",H999 - eventlet must not be imported.,https://opendev.org/openstack/networking-sfc/src/branch/master/networking_sfc/hacking/checks.py
networking-sfc,openstack/networking-sfc,networking_sfc/hacking/checks.py,34,"Other(""yield 0, \""H999: eventlet must not be imported.\"""")","yield 0, ""H999: eventlet must not be imported.""",https://opendev.org/openstack/networking-sfc/src/branch/master/networking_sfc/hacking/checks.py
networking-sfc,openstack/networking-sfc,networking_sfc/hacking/checks.py,39,"Other(""register(check_no_eventlet_import)"")",register(check_no_eventlet_import),https://opendev.org/openstack/networking-sfc/src/branch/master/networking_sfc/hacking/checks.py
networking-sfc,openstack/networking-sfc,releasenotes/notes/eventlet-removal-bee388f6861026d2.yaml,4,"Other(""This project no longer imports and uses ``eventlet"")",This project no longer imports and uses ``eventlet`` library.,https://opendev.org/openstack/networking-sfc/src/branch/master/releasenotes/notes/eventlet-removal-bee388f6861026d2.yaml
networking-sfc,openstack/networking-sfc,tox.ini,111,"Other(""H999 = checks:check_no_eventlet_import"")",H999 = checks:check_no_eventlet_import,https://opendev.org/openstack/networking-sfc/src/branch/master/tox.ini
neutron,openstack/neutron,.coveragerc,6,"Other(""neutron/cmd/eventlet/agents/dhcp.py"")",neutron/cmd/eventlet/agents/dhcp.py,https://opendev.org/openstack/neutron/src/branch/master/.coveragerc
neutron,openstack/neutron,.coveragerc,7,"Other(""neutron/cmd/eventlet/agents/l3.py"")",neutron/cmd/eventlet/agents/l3.py,https://opendev.org/openstack/neutron/src/branch/master/.coveragerc
neutron,openstack/neutron,.coveragerc,8,"Other(""neutron/cmd/eventlet/agents/metadata.py"")",neutron/cmd/eventlet/agents/metadata.py,https://opendev.org/openstack/neutron/src/branch/master/.coveragerc
neutron,openstack/neutron,.coveragerc,9,"Other(""neutron/cmd/eventlet/agents/ovn_metadata.py"")",neutron/cmd/eventlet/agents/ovn_metadata.py,https://opendev.org/openstack/neutron/src/branch/master/.coveragerc
neutron,openstack/neutron,.coveragerc,10,"Other(""neutron/cmd/eventlet/agents/ovn_neutron_agent.py"")",neutron/cmd/eventlet/agents/ovn_neutron_agent.py,https://opendev.org/openstack/neutron/src/branch/master/.coveragerc
neutron,openstack/neutron,.coveragerc,11,"Other(""neutron/cmd/eventlet/plugins/macvtap_neutron_agent"")",neutron/cmd/eventlet/plugins/macvtap_neutron_agent.py,https://opendev.org/openstack/neutron/src/branch/master/.coveragerc
neutron,openstack/neutron,.coveragerc,12,"Other(""neutron/cmd/eventlet/plugins/ovs_neutron_agent.py"")",neutron/cmd/eventlet/plugins/ovs_neutron_agent.py,https://opendev.org/openstack/neutron/src/branch/master/.coveragerc
neutron,openstack/neutron,.coveragerc,13,"Other(""neutron/cmd/eventlet/plugins/sriov_nic_neutron_age"")",neutron/cmd/eventlet/plugins/sriov_nic_neutron_agent.py,https://opendev.org/openstack/neutron/src/branch/master/.coveragerc
neutron,openstack/neutron,doc/source/contributor/contribute.rst,479,"Other(""eventlet.agents"")",neutron-foo-agent = networking_foo.cmd.eventlet.agents.foo:main,https://opendev.org/openstack/neutron/src/branch/master/doc/source/contributor/contribute.rst
neutron,openstack/neutron,doc/source/contributor/effective_neutron.rst,163,"Other(""Document common pitfalls as well as good practices"")",Document common pitfalls as well as good practices done when using eventlet,https://opendev.org/openstack/neutron/src/branch/master/doc/source/contributor/effective_neutron.rst
neutron,openstack/neutron,doc/source/contributor/effective_neutron.rst,171,"Other(""https://wiki.openstack.org/wiki/OpenStack_and_SQLA"")",https://wiki.openstack.org/wiki/OpenStack_and_SQLAlchemy#MySQLdb_.2B_eventlet_.3D_sad,https://opendev.org/openstack/neutron/src/branch/master/doc/source/contributor/effective_neutron.rst
neutron,openstack/neutron,doc/source/contributor/internals/api_layer.rst,45,"Other(""eventlet.net"")",.. _Eventlet: http://eventlet.net/,https://opendev.org/openstack/neutron/src/branch/master/doc/source/contributor/internals/api_layer.rst
neutron,openstack/neutron,doc/source/contributor/internals/api_layer.rst,47,"Other(""eventlet.net"")",.. _GreenPool: http://eventlet.net/doc/modules/greenpool.html,https://opendev.org/openstack/neutron/src/branch/master/doc/source/contributor/internals/api_layer.rst
neutron,openstack/neutron,doc/source/contributor/internals/services_and_agents.rst,61,"Other(""Neutron extensively utilizes the eventlet library "")",Neutron extensively utilizes the eventlet library to provide asynchronous,https://opendev.org/openstack/neutron/src/branch/master/doc/source/contributor/internals/services_and_agents.rst
neutron,openstack/neutron,doc/source/contributor/internals/services_and_agents.rst,65,"Other(""If a service utilizes the eventlet library, then i"")","If a service utilizes the eventlet library, then it should not call",https://opendev.org/openstack/neutron/src/branch/master/doc/source/contributor/internals/services_and_agents.rst
neutron,openstack/neutron,doc/source/contributor/internals/services_and_agents.rst,66,MonkeyPatch,eventlet.monkey_patch() directly but instead maintain its entry point main(),https://opendev.org/openstack/neutron/src/branch/master/doc/source/contributor/internals/services_and_agents.rst
neutron,openstack/neutron,doc/source/contributor/internals/services_and_agents.rst,67,"Other(""function under neutron/cmd/eventlet/... If that is"")","function under neutron/cmd/eventlet/... If that is the case, the standard",https://opendev.org/openstack/neutron/src/branch/master/doc/source/contributor/internals/services_and_agents.rst
neutron,openstack/neutron,doc/source/contributor/internals/services_and_agents.rst,70,"Other(""<http://opendev.org/openstack/neutron/src/neutron/"")",<http://opendev.org/openstack/neutron/src/neutron/cmd/eventlet/__init__.py>`_).,https://opendev.org/openstack/neutron/src/branch/master/doc/source/contributor/internals/services_and_agents.rst
neutron,openstack/neutron,doc/source/eventlet_deprecation/index.rst,26,"Other(""This document contains the information related to "")",This document contains the information related to the ``eventlet`` library,https://opendev.org/openstack/neutron/src/branch/master/doc/source/eventlet_deprecation/index.rst
neutron,openstack/neutron,doc/source/eventlet_deprecation/index.rst,38,"Other(""``oslo_services.launch``, that is still using even"")","``oslo_services.launch``, that is still using eventlet, the agent creates",https://opendev.org/openstack/neutron/src/branch/master/doc/source/eventlet_deprecation/index.rst
neutron,openstack/neutron,doc/source/eventlet_deprecation/index.rst,45,"Other(""eventlet, the previous implementation will be rest"")","eventlet, the previous implementation will be restored. The",https://opendev.org/openstack/neutron/src/branch/master/doc/source/eventlet_deprecation/index.rst
neutron,openstack/neutron,doc/source/eventlet_deprecation/index.rst,55,Wsgi,``eventlet.wsgi.server``. It inherits from the built-in library class,https://opendev.org/openstack/neutron/src/branch/master/doc/source/eventlet_deprecation/index.rst
neutron,openstack/neutron,doc/source/eventlet_deprecation/index.rst,92,Import,"backend, that doesn't import eventlet. The HA flavor replaces the",https://opendev.org/openstack/neutron/src/branch/master/doc/source/eventlet_deprecation/index.rst
neutron,openstack/neutron,doc/source/eventlet_deprecation/index.rst,95,"Other(""and doesn't use ``eventlet``."")",and doesn't use ``eventlet``.,https://opendev.org/openstack/neutron/src/branch/master/doc/source/eventlet_deprecation/index.rst
neutron,openstack/neutron,doc/source/eventlet_deprecation/index.rst,97,"Other(""Several functional and fullstack tests have been s"")",Several functional and fullstack tests have been skipped until ``eventlet``,https://opendev.org/openstack/neutron/src/branch/master/doc/source/eventlet_deprecation/index.rst
neutron,openstack/neutron,doc/source/eventlet_deprecation/index.rst,99,"Other(""WSGI server cannot be spawned in an ``eventlet`` p"")",WSGI server cannot be spawned in an ``eventlet`` patched environment. The,https://opendev.org/openstack/neutron/src/branch/master/doc/source/eventlet_deprecation/index.rst
neutron,openstack/neutron,doc/source/eventlet_deprecation/index.rst,102,"Other(""yield the Python GIL; on the contrary, in an ``eve"")","yield the Python GIL; on the contrary, in an ``eventlet`` environment, the",https://opendev.org/openstack/neutron/src/branch/master/doc/source/eventlet_deprecation/index.rst
neutron,openstack/neutron,doc/source/eventlet_deprecation/index.rst,110,"Other(""eventlet executor has been deprecated, although th"")","eventlet executor has been deprecated, although the code has not been removed",https://opendev.org/openstack/neutron/src/branch/master/doc/source/eventlet_deprecation/index.rst
neutron,openstack/neutron,doc/source/eventlet_deprecation/index.rst,140,"Other(""taks are running without eventlet."")",taks are running without eventlet.,https://opendev.org/openstack/neutron/src/branch/master/doc/source/eventlet_deprecation/index.rst
neutron,openstack/neutron,doc/source/eventlet_deprecation/index.rst,181,"Other(""The ``api.wsgi.Server`` class, based on ``eventlet"")","The ``api.wsgi.Server`` class, based on ``eventlet``, used in the Neutron API",https://opendev.org/openstack/neutron/src/branch/master/doc/source/eventlet_deprecation/index.rst
neutron,openstack/neutron,doc/source/index.rst,86,"Other(""eventlet_deprecation/index"")",eventlet_deprecation/index,https://opendev.org/openstack/neutron/src/branch/master/doc/source/index.rst
neutron,openstack/neutron,neutron/agent/common/utils.py,18,Import,from eventlet import patcher,https://opendev.org/openstack/neutron/src/branch/master/neutron/agent/common/utils.py
neutron,openstack/neutron,neutron/agent/common/utils.py,22,Import,from oslo_utils import eventletutils,https://opendev.org/openstack/neutron/src/branch/master/neutron/agent/common/utils.py
neutron,openstack/neutron,neutron/agent/common/utils.py,70,"Other(""\""\""\""Determines if socket module is patched by event"")","""""""Determines if socket module is patched by eventlet",https://opendev.org/openstack/neutron/src/branch/master/neutron/agent/common/utils.py
neutron,openstack/neutron,neutron/agent/common/utils.py,75,"Other(""class is to workaround eventlet bug"")",class is to workaround eventlet bug,https://opendev.org/openstack/neutron/src/branch/master/neutron/agent/common/utils.py
neutron,openstack/neutron,neutron/agent/common/utils.py,76,"Other(""https://github.com/eventlet/eventlet/issues/764 an"")",https://github.com/eventlet/eventlet/issues/764 and for the,https://opendev.org/openstack/neutron/src/branch/master/neutron/agent/common/utils.py
neutron,openstack/neutron,neutron/agent/common/utils.py,78,"Other(""with socket mocks as it abstracts eventlet under t"")",with socket mocks as it abstracts eventlet under the hood module,https://opendev.org/openstack/neutron/src/branch/master/neutron/agent/common/utils.py
neutron,openstack/neutron,neutron/agent/common/utils.py,80,"Other(""TODO(mtomaska): This class(workaround) can be remo"")",TODO(mtomaska): This class(workaround) can be removed once eventlet,https://opendev.org/openstack/neutron/src/branch/master/neutron/agent/common/utils.py
neutron,openstack/neutron,neutron/agent/common/utils.py,84,"Other(""if eventletutils.is_monkey_patched(socket.__name__"")",if eventletutils.is_monkey_patched(socket.__name__):,https://opendev.org/openstack/neutron/src/branch/master/neutron/agent/common/utils.py
neutron,openstack/neutron,neutron/agent/common/utils.py,85,"Other(""LOG.debug(\""Std library socket module is patched by"")","LOG.debug(""Std library socket module is patched by eventlet. """,https://opendev.org/openstack/neutron/src/branch/master/neutron/agent/common/utils.py
neutron,openstack/neutron,neutron/agent/common/utils.py,86,Import,"""Requesting std library socket module from eventlet."")",https://opendev.org/openstack/neutron/src/branch/master/neutron/agent/common/utils.py
neutron,openstack/neutron,neutron/agent/common/utils.py,89,"Other(""LOG.debug(\""Std library socket module is not patche"")","LOG.debug(""Std library socket module is not patched by eventlet. """,https://opendev.org/openstack/neutron/src/branch/master/neutron/agent/common/utils.py
neutron,openstack/neutron,neutron/cmd/eventlet/__init__.py,13,Import,from neutron.common import eventlet_utils,https://opendev.org/openstack/neutron/src/branch/master/neutron/cmd/eventlet/__init__.py
neutron,openstack/neutron,neutron/cmd/eventlet/__init__.py,15,"Other(""eventlet_utils.monkey_patch()"")",eventlet_utils.monkey_patch(),https://opendev.org/openstack/neutron/src/branch/master/neutron/cmd/eventlet/__init__.py
neutron,openstack/neutron,neutron/cmd/ovn/neutron_ovn_db_sync_util.py,174,"Other(""logging.setup(conf, 'neutron_ovn_db_sync_util', fi"")","logging.setup(conf, 'neutron_ovn_db_sync_util', fix_eventlet=False)",https://opendev.org/openstack/neutron/src/branch/master/neutron/cmd/ovn/neutron_ovn_db_sync_util.py
neutron,openstack/neutron,neutron/common/config.py,119,"Other(""logging.setup(cfg.CONF, product_name, fix_eventlet"")","logging.setup(cfg.CONF, product_name, fix_eventlet=False)",https://opendev.org/openstack/neutron/src/branch/master/neutron/common/config.py
neutron,openstack/neutron,neutron/common/eventlet_utils.py,19,Import,import eventlet,https://opendev.org/openstack/neutron/src/branch/master/neutron/common/eventlet_utils.py
neutron,openstack/neutron,neutron/common/eventlet_utils.py,20,Import,from eventlet.green import threading as threading_eventlet,https://opendev.org/openstack/neutron/src/branch/master/neutron/common/eventlet_utils.py
neutron,openstack/neutron,neutron/common/eventlet_utils.py,22,Import,from oslo_utils import eventletutils,https://opendev.org/openstack/neutron/src/branch/master/neutron/common/eventlet_utils.py
neutron,openstack/neutron,neutron/common/eventlet_utils.py,40,MonkeyPatch,eventlet.monkey_patch(),https://opendev.org/openstack/neutron/src/branch/master/neutron/common/eventlet_utils.py
neutron,openstack/neutron,neutron/common/eventlet_utils.py,41,"Other(""LOG.warning('This program is using eventlet and ha"")",LOG.warning('This program is using eventlet and has been ',https://opendev.org/openstack/neutron/src/branch/master/neutron/common/eventlet_utils.py
neutron,openstack/neutron,neutron/common/eventlet_utils.py,52,"Other(""if eventletutils.is_monkey_patched('thread'):"")",if eventletutils.is_monkey_patched('thread'):,https://opendev.org/openstack/neutron/src/branch/master/neutron/common/eventlet_utils.py
neutron,openstack/neutron,neutron/common/eventlet_utils.py,53,"Other(""eventlet.local"")",return threading_eventlet.local(),https://opendev.org/openstack/neutron/src/branch/master/neutron/common/eventlet_utils.py
neutron,openstack/neutron,neutron/notifiers/nova.py,37,Import,from neutron.common import eventlet_utils,https://opendev.org/openstack/neutron/src/branch/master/neutron/notifiers/nova.py
neutron,openstack/neutron,neutron/notifiers/nova.py,56,"Other(""_notifier_store = eventlet_utils.get_threading_loc"")",_notifier_store = eventlet_utils.get_threading_local(),https://opendev.org/openstack/neutron/src/branch/master/neutron/notifiers/nova.py
neutron,openstack/neutron,releasenotes/notes/env_variable_eventlet_monkeypatch-fccede7812d60c38.yaml,4,"Other(""Since eventlet 0.39.0, a new environment variable"")","Since eventlet 0.39.0, a new environment variable",https://opendev.org/openstack/neutron/src/branch/master/releasenotes/notes/env_variable_eventlet_monkeypatch-fccede7812d60c38.yaml
neutron,openstack/neutron,releasenotes/notes/env_variable_eventlet_monkeypatch-fccede7812d60c38.yaml,11,"Other(""variable is set and the eventlet version is lower,"")","variable is set and the eventlet version is lower, the process won't be",https://opendev.org/openstack/neutron/src/branch/master/releasenotes/notes/env_variable_eventlet_monkeypatch-fccede7812d60c38.yaml
neutron,openstack/neutron,requirements.txt,11,"Other(""eventlet>=0.36.1 # MIT"")",eventlet>=0.36.1 # MIT,https://opendev.org/openstack/neutron/src/branch/master/requirements.txt
neutron-dynamic-routing,openstack/neutron-dynamic-routing,neutron_dynamic_routing/cmd/eventlet/__init__.py,13,Import,from neutron.common import eventlet_utils,https://opendev.org/openstack/neutron-dynamic-routing/src/branch/master/neutron_dynamic_routing/cmd/eventlet/__init__.py
neutron-dynamic-routing,openstack/neutron-dynamic-routing,neutron_dynamic_routing/cmd/eventlet/__init__.py,14,"Other(""eventlet_utils.monkey_patch()"")",eventlet_utils.monkey_patch(),https://opendev.org/openstack/neutron-dynamic-routing/src/branch/master/neutron_dynamic_routing/cmd/eventlet/__init__.py
neutron-dynamic-routing,openstack/neutron-dynamic-routing,requirements.txt,6,"Other(""eventlet>=0.27.0 # MIT"")",eventlet>=0.27.0 # MIT,https://opendev.org/openstack/neutron-dynamic-routing/src/branch/master/requirements.txt
neutron-dynamic-routing,openstack/neutron-dynamic-routing,setup.cfg,30,"Other(""eventlet.agents"")",neutron-bgp-dragent = neutron_dynamic_routing.cmd.eventlet.agents.bgp_dragent:main,https://opendev.org/openstack/neutron-dynamic-routing/src/branch/master/setup.cfg
neutron-fwaas,openstack/neutron-fwaas,neutron_fwaas/privileged/netfilter_log/libnetfilter_log.py,22,Import,import eventlet,https://opendev.org/openstack/neutron-fwaas/src/branch/master/neutron_fwaas/privileged/netfilter_log/libnetfilter_log.py
neutron-fwaas,openstack/neutron-fwaas,neutron_fwaas/privileged/netfilter_log/libnetfilter_log.py,23,Import,from eventlet.green import zmq,https://opendev.org/openstack/neutron-fwaas/src/branch/master/neutron_fwaas/privileged/netfilter_log/libnetfilter_log.py
neutron-fwaas,openstack/neutron-fwaas,neutron_fwaas/privileged/netfilter_log/libnetfilter_log.py,331,"Other(""eventlet.spawn_n"")",eventlet.spawn_n(loop),https://opendev.org/openstack/neutron-fwaas/src/branch/master/neutron_fwaas/privileged/netfilter_log/libnetfilter_log.py
neutron-fwaas,openstack/neutron-fwaas,requirements.txt,4,"Other(""eventlet!=0.18.3,!=0.20.1,>=0.18.2 # MIT"")","eventlet!=0.18.3,!=0.20.1,>=0.18.2 # MIT",https://opendev.org/openstack/neutron-fwaas/src/branch/master/requirements.txt
neutron-lib,openstack/neutron-lib,HACKING.rst,20,"Other(""- [N535] Usage of Python eventlet module not allow"")",- [N535] Usage of Python eventlet module not allowed,https://opendev.org/openstack/neutron-lib/src/branch/master/HACKING.rst
neutron-lib,openstack/neutron-lib,doc/source/contributor/review-guidelines.rst,69,"Other(""- eventlet"")",- eventlet,https://opendev.org/openstack/neutron-lib/src/branch/master/doc/source/contributor/review-guidelines.rst
neutron-lib,openstack/neutron-lib,neutron_lib/hacking/checks.py,169,"Other(""def check_no_eventlet_imports(logical_line):"")",def check_no_eventlet_imports(logical_line):,https://opendev.org/openstack/neutron-lib/src/branch/master/neutron_lib/hacking/checks.py
neutron-lib,openstack/neutron-lib,neutron_lib/hacking/checks.py,170,"Other(""\""\""\""N535 - Usage of Python eventlet module not allo"")","""""""N535 - Usage of Python eventlet module not allowed.",https://opendev.org/openstack/neutron-lib/src/branch/master/neutron_lib/hacking/checks.py
neutron-lib,openstack/neutron-lib,neutron_lib/hacking/checks.py,177,"Other(""if re.match(r'(import|from)\\s+[(]?eventlet', logic"")","if re.match(r'(import|from)\s+[(]?eventlet', logical_line):",https://opendev.org/openstack/neutron-lib/src/branch/master/neutron_lib/hacking/checks.py
neutron-lib,openstack/neutron-lib,neutron_lib/hacking/checks.py,178,"Other(""msg = 'N535: Usage of Python eventlet module not a"")",msg = 'N535: Usage of Python eventlet module not allowed',https://opendev.org/openstack/neutron-lib/src/branch/master/neutron_lib/hacking/checks.py
neutron-lib,openstack/neutron-lib,neutron_lib/hacking/checks.py,179,"Other(""yield logical_line.index('eventlet'), msg"")","yield logical_line.index('eventlet'), msg",https://opendev.org/openstack/neutron-lib/src/branch/master/neutron_lib/hacking/checks.py
neutron-lib,openstack/neutron-lib,setup.cfg,41,"Other(""N535 = neutron_lib.hacking.checks:check_no_eventle"")",N535 = neutron_lib.hacking.checks:check_no_eventlet_imports,https://opendev.org/openstack/neutron-lib/src/branch/master/setup.cfg
neutron-lib,openstack/neutron-lib,tox.ini,114,"Other(""N535 = neutron_lib.hacking.checks:check_no_eventle"")",N535 = neutron_lib.hacking.checks:check_no_eventlet_imports,https://opendev.org/openstack/neutron-lib/src/branch/master/tox.ini
neutron-specs,openstack/neutron-specs,specs/archive/kilo/pydev-debugger-support.rst,48,"Other(""Minor modifications are required to deal with the "")",Minor modifications are required to deal with the multiple calls to the eventlet,https://opendev.org/openstack/neutron-specs/src/branch/master/specs/archive/kilo/pydev-debugger-support.rst
neutron-specs,openstack/neutron-specs,specs/archive/kilo/pydev-debugger-support.rst,53,"Other(""Calls to eventlet monkey patcher have to be change"")",Calls to eventlet monkey patcher have to be changed to leverage this new module,https://opendev.org/openstack/neutron-specs/src/branch/master/specs/archive/kilo/pydev-debugger-support.rst
neutron-specs,openstack/neutron-specs,specs/archive/kilo/pydev-debugger-support.rst,128,"Other(""3rd party Neutron code should re-use the common `e"")",3rd party Neutron code should re-use the common `eventlet_patcher.py` lib to get,https://opendev.org/openstack/neutron-specs/src/branch/master/specs/archive/kilo/pydev-debugger-support.rst
neutron-specs,openstack/neutron-specs,specs/kilo/hyper-v-ovs-agent.rst,27,"Other(""agent.linux.ovs_lib. It is also used by eventlet t"")",agent.linux.ovs_lib. It is also used by eventlet to set non blocking I/O.,https://opendev.org/openstack/neutron-specs/src/branch/master/specs/kilo/hyper-v-ovs-agent.rst
neutron-specs,openstack/neutron-specs,specs/liberty/better-quotas.rst,145,"Other(""eventlet, which with the default MySql setting blo"")","eventlet, which with the default MySql setting block threads for about 50",https://opendev.org/openstack/neutron-specs/src/branch/master/specs/liberty/better-quotas.rst
neutron-specs,openstack/neutron-specs,specs/liberty/ovs-ofctl-to-python.rst,238,"Other(""[#ryu_req]_.  A few exceptions like eventlet are a"")",[#ryu_req]_.  A few exceptions like eventlet are already covered by,https://opendev.org/openstack/neutron-specs/src/branch/master/specs/liberty/ovs-ofctl-to-python.rst
neutron-specs,openstack/neutron-specs,specs/liberty/reference-ipam-driver.rst,175,"Other(""a DB transaction, thus creating the conditions for"")","a DB transaction, thus creating the conditions for eventlet yields leading",https://opendev.org/openstack/neutron-specs/src/branch/master/specs/liberty/reference-ipam-driver.rst
nova,openstack/nova,.coveragerc,5,"Other(""concurrency = eventlet"")",concurrency = eventlet,https://opendev.org/openstack/nova/src/branch/master/.coveragerc
nova,openstack/nova,.zuul.yaml,59,"Other(""under cPython version 3.12 with eventlet disabled."")",under cPython version 3.12 with eventlet disabled.,https://opendev.org/openstack/nova/src/branch/master/.zuul.yaml
nova,openstack/nova,HACKING.rst,45,Spawn,- [N340] Check nova.utils.spawn() is used instead of greenthread.spawn() and eventlet.spawn(),https://opendev.org/openstack/nova/src/branch/master/HACKING.rst
nova,openstack/nova,HACKING.rst,76,"Other(""with eventlet patched code. Use nova.utils.ReaderW"")",with eventlet patched code. Use nova.utils.ReaderWriterLock() instead.,https://opendev.org/openstack/nova/src/branch/master/HACKING.rst
nova,openstack/nova,HACKING.rst,80,"Other(""- [N373] Don't use eventlet specific concurrency p"")",- [N373] Don't use eventlet specific concurrency primitives. Use the one,https://opendev.org/openstack/nova/src/branch/master/HACKING.rst
nova,openstack/nova,HACKING.rst,81,"Other(""eventlet.sleep"")",from stdlib instead. E.g. eventlet.sleep => time.sleep,https://opendev.org/openstack/nova/src/branch/master/HACKING.rst
nova,openstack/nova,HACKING.rst,82,"Other(""- [N374] Don't use time.sleep(0) to trigger eventl"")",- [N374] Don't use time.sleep(0) to trigger eventlet yielding.,https://opendev.org/openstack/nova/src/branch/master/HACKING.rst
nova,openstack/nova,doc/source/admin/concurrency.rst,12,"Other(""eventlet.html"")",.. __: https://governance.openstack.org/tc/goals/selected/remove-eventlet.html,https://opendev.org/openstack/nova/src/branch/master/doc/source/admin/concurrency.rst
nova,openstack/nova,doc/source/admin/index.rst,106,"Other(""WSGI container instead of the baked-in eventlet we"")",WSGI container instead of the baked-in eventlet web server.,https://opendev.org/openstack/nova/src/branch/master/doc/source/admin/index.rst
nova,openstack/nova,doc/source/contributor/index.rst,123,"Other(""* :doc:`/contributor/testing/eventlet-profiling`"")",* :doc:`/contributor/testing/eventlet-profiling`,https://opendev.org/openstack/nova/src/branch/master/doc/source/contributor/index.rst
nova,openstack/nova,doc/source/contributor/index.rst,135,"Other(""testing/eventlet-profiling"")",testing/eventlet-profiling,https://opendev.org/openstack/nova/src/branch/master/doc/source/contributor/index.rst
nova,openstack/nova,doc/source/reference/index.rst,26,"Other(""based on eventlet, and may not be familiar to ever"")","based on eventlet, and may not be familiar to everyone.",https://opendev.org/openstack/nova/src/branch/master/doc/source/reference/index.rst
nova,openstack/nova,doc/source/reference/threading.rst,8,"Other(""eventlet.net"")",`eventlet <http://eventlet.net/>`_ and,https://opendev.org/openstack/nova/src/branch/master/doc/source/reference/threading.rst
nova,openstack/nova,doc/source/reference/threading.rst,12,"Other(""switches can only occur when specific eventlet or "")",switches can only occur when specific eventlet or greenlet library calls are,https://opendev.org/openstack/nova/src/branch/master/doc/source/reference/threading.rst
nova,openstack/nova,doc/source/reference/threading.rst,26,"Other(""that trigger an eventlet context switch, the long-"")","that trigger an eventlet context switch, the long-running thread will block",https://opendev.org/openstack/nova/src/branch/master/doc/source/reference/threading.rst
nova,openstack/nova,doc/source/reference/threading.rst,29,"Other(""This scenario can be avoided by adding calls to th"")",This scenario can be avoided by adding calls to the eventlet sleep method,https://opendev.org/openstack/nova/src/branch/master/doc/source/reference/threading.rst
nova,openstack/nova,doc/source/reference/threading.rst,34,Import,from eventlet import greenthread,https://opendev.org/openstack/nova/src/branch/master/doc/source/reference/threading.rst
nova,openstack/nova,doc/source/reference/threading.rst,39,MonkeyPatch,"time module is patched through eventlet.monkey_patch(). To be explicit, we recommend",https://opendev.org/openstack/nova/src/branch/master/doc/source/reference/threading.rst
nova,openstack/nova,doc/source/reference/threading.rst,42,"Other(""MySQL access and eventlet"")",MySQL access and eventlet,https://opendev.org/openstack/nova/src/branch/master/doc/source/reference/threading.rst
nova,openstack/nova,doc/source/reference/threading.rst,46,"Other(""eventlet. MySQL-python uses an external C library "")",eventlet. MySQL-python uses an external C library for accessing the MySQL database.,https://opendev.org/openstack/nova/src/branch/master/doc/source/reference/threading.rst
nova,openstack/nova,doc/source/reference/threading.rst,47,"Other(""Since eventlet cannot use monkey-patching to inter"")","Since eventlet cannot use monkey-patching to intercept blocking calls in a C library,",https://opendev.org/openstack/nova/src/branch/master/doc/source/reference/threading.rst
nova,openstack/nova,doc/source/reference/threading.rst,64,"Other(""``eventlet``. During this transition Nova maintain"")",``eventlet``. During this transition Nova maintains support for running,https://opendev.org/openstack/nova/src/branch/master/doc/source/reference/threading.rst
nova,openstack/nova,doc/source/reference/threading.rst,65,"Other(""services with ``eventlet`` while working to add su"")",services with ``eventlet`` while working to add support for running services,https://opendev.org/openstack/nova/src/branch/master/doc/source/reference/threading.rst
nova,openstack/nova,doc/source/user/wsgi.rst,26,"Other(""eventlet-based scripts)."")",eventlet-based scripts).,https://opendev.org/openstack/nova/src/branch/master/doc/source/user/wsgi.rst
nova,openstack/nova,etc/nova/logging_sample.conf,50,"Other(""[logger_eventletwsgi]"")",[logger_eventletwsgi],https://opendev.org/openstack/nova/src/branch/master/etc/nova/logging_sample.conf
nova,openstack/nova,etc/nova/logging_sample.conf,53,Wsgi,qualname = eventlet.wsgi.server,https://opendev.org/openstack/nova/src/branch/master/etc/nova/logging_sample.conf
nova,openstack/nova,nova/api/openstack/requestlog.py,55,"Other(""If we detect we are running under eventlet wsgi pr"")","If we detect we are running under eventlet wsgi processing, we",https://opendev.org/openstack/nova/src/branch/master/nova/api/openstack/requestlog.py
nova,openstack/nova,nova/api/openstack/requestlog.py,59,"Other(""eventlet.input"")","if req.environ.get('eventlet.input', None) is not None:",https://opendev.org/openstack/nova/src/branch/master/nova/api/openstack/requestlog.py
nova,openstack/nova,nova/compute/manager.py,395,"Other(""for (name, tag), eventlet_event in events.items():"")","for (name, tag), eventlet_event in events.items():",https://opendev.org/openstack/nova/src/branch/master/nova/compute/manager.py
nova,openstack/nova,nova/compute/manager.py,405,"Other(""eventlet_event.set(event)"")",eventlet_event.set(event),https://opendev.org/openstack/nova/src/branch/master/nova/compute/manager.py
nova,openstack/nova,nova/console/websocketproxy.py,168,Import,from eventlet import hubs,https://opendev.org/openstack/nova/src/branch/master/nova/console/websocketproxy.py
nova,openstack/nova,nova/exception.py,2667,"Other(""eventlet.timeout"")","""""""A custom timeout exception to replace eventlet.timeout.Timeout.""""""",https://opendev.org/openstack/nova/src/branch/master/nova/exception.py
nova,openstack/nova,nova/hacking/checks.py,91,"Other(""r\"".*(eventlet|greenthread)\\.(?P<spawn_part>spawn(_"")","r"".*(eventlet|greenthread)\.(?P<spawn_part>spawn(_n)?)\(.*\)"")",https://opendev.org/openstack/nova/src/branch/master/nova/hacking/checks.py
nova,openstack/nova,nova/hacking/checks.py,146,"Other(""eventlet_stdlib_primitives_re = re.compile("")",eventlet_stdlib_primitives_re = re.compile(,https://opendev.org/openstack/nova/src/branch/master/nova/hacking/checks.py
nova,openstack/nova,nova/hacking/checks.py,147,"Other(""r\"".*(eventlet|greenthread)\\.sleep\\(.*\"")"")","r"".*(eventlet|greenthread)\.sleep\(.*"")",https://opendev.org/openstack/nova/src/branch/master/nova/hacking/checks.py
nova,openstack/nova,nova/hacking/checks.py,148,"Other(""eventlet_yield_re = re.compile(r\"".*time\\.sleep\\(0\\"")","eventlet_yield_re = re.compile(r"".*time\.sleep\(0\).*"")",https://opendev.org/openstack/nova/src/branch/master/nova/hacking/checks.py
nova,openstack/nova,nova/hacking/checks.py,575,Spawn,"eventlet.spawn(), and eventlet.spawn_n()",https://opendev.org/openstack/nova/src/branch/master/nova/hacking/checks.py
nova,openstack/nova,nova/hacking/checks.py,580,"Other(""\""greenthread.%(spawn)s() and eventlet.%(spawn)s()\"""")","""greenthread.%(spawn)s() and eventlet.%(spawn)s()"")",https://opendev.org/openstack/nova/src/branch/master/nova/hacking/checks.py
nova,openstack/nova,nova/hacking/checks.py,1022,"Other(""and identify lock holders and waiters. The eventle"")",and identify lock holders and waiters. The eventlet implementation of,https://opendev.org/openstack/nova/src/branch/master/nova/hacking/checks.py
nova,openstack/nova,nova/hacking/checks.py,1026,"Other(""See https://github.com/eventlet/eventlet/issues/73"")",See https://github.com/eventlet/eventlet/issues/731 for details.,https://opendev.org/openstack/nova/src/branch/master/nova/hacking/checks.py
nova,openstack/nova,nova/hacking/checks.py,1031,"Other(""\""function correctly with eventlet patched code. \"""")","""function correctly with eventlet patched code. """,https://opendev.org/openstack/nova/src/branch/master/nova/hacking/checks.py
nova,openstack/nova,nova/hacking/checks.py,1108,"Other(""def check_eventlet_primitives(logical_line, filena"")","def check_eventlet_primitives(logical_line, filename):",https://opendev.org/openstack/nova/src/branch/master/nova/hacking/checks.py
nova,openstack/nova,nova/hacking/checks.py,1109,"Other(""\""\""\""Check for use of any eventlet primitives where "")","""""""Check for use of any eventlet primitives where the stdlib equivalent",https://opendev.org/openstack/nova/src/branch/master/nova/hacking/checks.py
nova,openstack/nova,nova/hacking/checks.py,1118,"Other(""match = re.match(eventlet_stdlib_primitives_re, lo"")","match = re.match(eventlet_stdlib_primitives_re, logical_line)",https://opendev.org/openstack/nova/src/branch/master/nova/hacking/checks.py
nova,openstack/nova,nova/hacking/checks.py,1125,"Other(""def check_eventlet_yield(logical_line, filename):"")","def check_eventlet_yield(logical_line, filename):",https://opendev.org/openstack/nova/src/branch/master/nova/hacking/checks.py
nova,openstack/nova,nova/hacking/checks.py,1126,"Other(""\""\""\""Check for use of time.sleep(0) triggering event"")","""""""Check for use of time.sleep(0) triggering eventlet yield",https://opendev.org/openstack/nova/src/branch/master/nova/hacking/checks.py
nova,openstack/nova,nova/hacking/checks.py,1132,"Other(""\""to trigger an eventlet context switch\"")"")","""to trigger an eventlet context switch"")",https://opendev.org/openstack/nova/src/branch/master/nova/hacking/checks.py
nova,openstack/nova,nova/hacking/checks.py,1134,"Other(""match = re.match(eventlet_yield_re, logical_line)"")","match = re.match(eventlet_yield_re, logical_line)",https://opendev.org/openstack/nova/src/branch/master/nova/hacking/checks.py
nova,openstack/nova,nova/monkey_patch.py,19,"Other(""\""\""\""Enable eventlet monkey patching.\""\""\"""")","""""""Enable eventlet monkey patching.""""""",https://opendev.org/openstack/nova/src/branch/master/nova/monkey_patch.py
nova,openstack/nova,nova/monkey_patch.py,39,Import,import eventlet,https://opendev.org/openstack/nova/src/branch/master/nova/monkey_patch.py
nova,openstack/nova,nova/monkey_patch.py,49,MonkeyPatch,eventlet.monkey_patch(),https://opendev.org/openstack/nova/src/branch/master/nova/monkey_patch.py
nova,openstack/nova,nova/monkey_patch.py,66,"Other(""LOG.warning(\""Modules with known eventlet monkey pa"")","LOG.warning(""Modules with known eventlet monkey patching issues were """,https://opendev.org/openstack/nova/src/branch/master/nova/monkey_patch.py
nova,openstack/nova,nova/monkey_patch.py,67,"Other(""\""imported prior to eventlet monkey patching: %s. T"")","""imported prior to eventlet monkey patching: %s. This """,https://opendev.org/openstack/nova/src/branch/master/nova/monkey_patch.py
nova,openstack/nova,nova/monkey_patch.py,97,"Other(""poison_eventlet()"")",poison_eventlet(),https://opendev.org/openstack/nova/src/branch/master/nova/monkey_patch.py
nova,openstack/nova,nova/monkey_patch.py,111,MonkeyPatch,"""service tried to call eventlet.monkey_patch(). This is a bug.""",https://opendev.org/openstack/nova/src/branch/master/nova/monkey_patch.py
nova,openstack/nova,nova/monkey_patch.py,115,"Other(""def poison_eventlet():"")",def poison_eventlet():,https://opendev.org/openstack/nova/src/branch/master/nova/monkey_patch.py
nova,openstack/nova,nova/monkey_patch.py,116,Import,import eventlet,https://opendev.org/openstack/nova/src/branch/master/nova/monkey_patch.py
nova,openstack/nova,nova/monkey_patch.py,117,"Other(""eventlet.monkey_patch"")",eventlet.monkey_patch = _poison,https://opendev.org/openstack/nova/src/branch/master/nova/monkey_patch.py
nova,openstack/nova,nova/monkey_patch.py,118,"Other(""eventlet.patcher"")",eventlet.patcher.monkey_patch = _poison,https://opendev.org/openstack/nova/src/branch/master/nova/monkey_patch.py
nova,openstack/nova,nova/rpc.py,221,"Other(""exc = \""threading\"" if utils.concurrency_mode_thread"")","exc = ""threading"" if utils.concurrency_mode_threading() else ""eventlet""",https://opendev.org/openstack/nova/src/branch/master/nova/rpc.py
nova,openstack/nova,nova/storage/rbd_utils.py,19,Import,from eventlet import tpool,https://opendev.org/openstack/nova/src/branch/master/nova/storage/rbd_utils.py
nova,openstack/nova,nova/utils.py,32,Import,from eventlet import tpool,https://opendev.org/openstack/nova/src/branch/master/nova/utils.py
nova,openstack/nova,nova/utils.py,590,"Other(""eventlet.spawn"")","""""""Passthrough method for eventlet.spawn.",https://opendev.org/openstack/nova/src/branch/master/nova/utils.py
nova,openstack/nova,nova/virt/disk/vfs/guestfs.py,17,Import,from eventlet import tpool,https://opendev.org/openstack/nova/src/branch/master/nova/virt/disk/vfs/guestfs.py
nova,openstack/nova,nova/virt/libvirt/driver.py,51,Import,from eventlet import tpool,https://opendev.org/openstack/nova/src/branch/master/nova/virt/libvirt/driver.py
nova,openstack/nova,nova/virt/libvirt/driver.py,197,"Other(""eventlet.tpool"")","""""""eventlet.tpool.Proxy doesn't work with old-style class in __str__()",https://opendev.org/openstack/nova/src/branch/master/nova/virt/libvirt/driver.py
nova,openstack/nova,nova/virt/libvirt/host.py,41,Import,from eventlet import greenio,https://opendev.org/openstack/nova/src/branch/master/nova/virt/libvirt/host.py
nova,openstack/nova,nova/virt/libvirt/host.py,42,Import,from eventlet import greenthread,https://opendev.org/openstack/nova/src/branch/master/nova/virt/libvirt/host.py
nova,openstack/nova,nova/virt/libvirt/host.py,43,Import,from eventlet import patcher,https://opendev.org/openstack/nova/src/branch/master/nova/virt/libvirt/host.py
nova,openstack/nova,nova/virt/libvirt/host.py,44,Import,from eventlet import tpool,https://opendev.org/openstack/nova/src/branch/master/nova/virt/libvirt/host.py
nova,openstack/nova,nova/virt/libvirt/host.py,210,"Other(""eventlet's greenthread integration"")",eventlet's greenthread integration,https://opendev.org/openstack/nova/src/branch/master/nova/virt/libvirt/host.py
nova,openstack/nova,nova/virt/libvirt/host.py,252,"Other(""an eventlet coroutine. It can only invoke other li"")",an eventlet coroutine. It can only invoke other libvirt,https://opendev.org/openstack/nova/src/branch/master/nova/virt/libvirt/host.py
nova,openstack/nova,nova/virt/libvirt/host.py,265,"Other(""an eventlet coroutine. It can only invoke other li"")",an eventlet coroutine. It can only invoke other libvirt,https://opendev.org/openstack/nova/src/branch/master/nova/virt/libvirt/host.py
nova,openstack/nova,nova/virt/libvirt/host.py,278,"Other(""an eventlet coroutine. It can only invoke other li"")",an eventlet coroutine. It can only invoke other libvirt,https://opendev.org/openstack/nova/src/branch/master/nova/virt/libvirt/host.py
nova,openstack/nova,nova/virt/libvirt/host.py,465,"Other(""This code is taken from the eventlet tpool module,"")","This code is taken from the eventlet tpool module, under terms",https://opendev.org/openstack/nova/src/branch/master/nova/virt/libvirt/host.py
nova,openstack/nova,releasenotes/notes/deprecate-api-eventlet-1a0279f1f2333082.yaml,4,"Other(""Running API services (nova-osapi_compute or nova-m"")",Running API services (nova-osapi_compute or nova-metadata) with eventlet,https://opendev.org/openstack/nova/src/branch/master/releasenotes/notes/deprecate-api-eventlet-1a0279f1f2333082.yaml
nova,openstack/nova,releasenotes/notes/deprecate_wsgi_log_format-43a10b7a608ea8f3.yaml,5,"Other(""applies when running nova-api under eventlet, whic"")","applies when running nova-api under eventlet, which is no longer",https://opendev.org/openstack/nova/src/branch/master/releasenotes/notes/deprecate_wsgi_log_format-43a10b7a608ea8f3.yaml
nova,openstack/nova,releasenotes/notes/dnspython-2.0.0-not-supported-by-eventlet-b8adf73ed9e14817.yaml,4,"Other(""The dnspython 2.0.0 package is incompatible with e"")",The dnspython 2.0.0 package is incompatible with even the latest eventlet,https://opendev.org/openstack/nova/src/branch/master/releasenotes/notes/dnspython-2.0.0-not-supported-by-eventlet-b8adf73ed9e14817.yaml
nova,openstack/nova,releasenotes/notes/dnspython-2.0.0-not-supported-by-eventlet-b8adf73ed9e14817.yaml,6,"Other(""of the dnspython package is equal or greater than "")",of the dnspython package is equal or greater than 2.0.0. See `eventlet,https://opendev.org/openstack/nova/src/branch/master/releasenotes/notes/dnspython-2.0.0-not-supported-by-eventlet-b8adf73ed9e14817.yaml
nova,openstack/nova,releasenotes/notes/dnspython-2.0.0-not-supported-by-eventlet-b8adf73ed9e14817.yaml,9,"Other("".. _eventlet issue 619: https://github.com/eventle"")",.. _eventlet issue 619: https://github.com/eventlet/eventlet/issues/619,https://opendev.org/openstack/nova/src/branch/master/releasenotes/notes/dnspython-2.0.0-not-supported-by-eventlet-b8adf73ed9e14817.yaml
nova,openstack/nova,releasenotes/notes/flamingo-prelude-22a2782315ce0808.yaml,50,"Other(""run in native threading mode as an alternative to "")",run in native threading mode as an alternative to eventlet. Please try,https://opendev.org/openstack/nova/src/branch/master/releasenotes/notes/flamingo-prelude-22a2782315ce0808.yaml
nova,openstack/nova,releasenotes/notes/greendns-34df7f9fba952bcd.yaml,4,"Other(""During the havana cycle it was discovered that eve"")",During the havana cycle it was discovered that eventlet,https://opendev.org/openstack/nova/src/branch/master/releasenotes/notes/greendns-34df7f9fba952bcd.yaml
nova,openstack/nova,releasenotes/notes/greendns-34df7f9fba952bcd.yaml,7,"Other(""Since then nova has been disabling eventlet monkey"")",Since then nova has been disabling eventlet monkey patching,https://opendev.org/openstack/nova/src/branch/master/releasenotes/notes/greendns-34df7f9fba952bcd.yaml
nova,openstack/nova,releasenotes/notes/remote-debugger-removal-07e26d43c561d495.yaml,8,"Other(""maintained and updated to work with new versions o"")",maintained and updated to work with new versions of python and eventlet.,https://opendev.org/openstack/nova/src/branch/master/releasenotes/notes/remote-debugger-removal-07e26d43c561d495.yaml
nova,openstack/nova,releasenotes/notes/remote-debugger-removal-07e26d43c561d495.yaml,9,"Other(""As a result it is being removed until we complete "")",As a result it is being removed until we complete the eventlet removal.,https://opendev.org/openstack/nova/src/branch/master/releasenotes/notes/remote-debugger-removal-07e26d43c561d495.yaml
nova,openstack/nova,releasenotes/notes/remove-api-eventlet-5a932ef45b9af79f.yaml,4,"Other(""Running API services (nova-osapi_compute or nova-m"")",Running API services (nova-osapi_compute or nova-metadata) with eventlet,https://opendev.org/openstack/nova/src/branch/master/releasenotes/notes/remove-api-eventlet-5a932ef45b9af79f.yaml
nova,openstack/nova,releasenotes/notes/request_log-e7680b3276910743.yaml,5,Wsgi,even if Nova API is not running under eventlet.wsgi. Because this,https://opendev.org/openstack/nova/src/branch/master/releasenotes/notes/request_log-e7680b3276910743.yaml
nova,openstack/nova,releasenotes/notes/request_log-e7680b3276910743.yaml,9,"Other(""detected that nova-api is not running under eventl"")","detected that nova-api is not running under eventlet, and will",https://opendev.org/openstack/nova/src/branch/master/releasenotes/notes/request_log-e7680b3276910743.yaml
nova,openstack/nova,releasenotes/notes/threaded-nova-api-d8ec6704dcf66fb3.yaml,5,"Other(""mode instead of with eventlet. This is an experime"")",mode instead of with eventlet. This is an experimental feature that is,https://opendev.org/openstack/nova/src/branch/master/releasenotes/notes/threaded-nova-api-d8ec6704dcf66fb3.yaml
nova,openstack/nova,releasenotes/notes/threaded-nova-conductor-5bc7a09a7f48480d.yaml,5,"Other(""mode instead of with eventlet. This is an experime"")",mode instead of with eventlet. This is an experimental feature that is,https://opendev.org/openstack/nova/src/branch/master/releasenotes/notes/threaded-nova-conductor-5bc7a09a7f48480d.yaml
nova,openstack/nova,releasenotes/notes/threaded-nova-scheduler-dd4649b987f33025.yaml,5,"Other(""of with eventlet. This is an experimental feature "")",of with eventlet. This is an experimental feature that is disabled by,https://opendev.org/openstack/nova/src/branch/master/releasenotes/notes/threaded-nova-scheduler-dd4649b987f33025.yaml
nova,openstack/nova,releasenotes/notes/unproxied-libvirt-list-devices-7cd218c1a33535c9.yaml,9,"Other(""eventlet.tpool"")",and ``listAllDevices()`` calls with ``eventlet.tpool.Proxy``.,https://opendev.org/openstack/nova/src/branch/master/releasenotes/notes/unproxied-libvirt-list-devices-7cd218c1a33535c9.yaml
nova,openstack/nova,releasenotes/notes/wsgi-applications-8017c3192d2b143e.yaml,7,"Other(""or gunicorn). The eventlet-based servers are still"")","or gunicorn). The eventlet-based servers are still available, but the WSGI",https://opendev.org/openstack/nova/src/branch/master/releasenotes/notes/wsgi-applications-8017c3192d2b143e.yaml
nova,openstack/nova,releasenotes/notes/zookeeper-servicegroup-driver-removed-c3bcaa6f9fe976ed.yaml,9,"Other(""`incompatible with recent eventlet releases`_."")",`incompatible with recent eventlet releases`_.,https://opendev.org/openstack/nova/src/branch/master/releasenotes/notes/zookeeper-servicegroup-driver-removed-c3bcaa6f9fe976ed.yaml
nova,openstack/nova,releasenotes/notes/zookeeper-servicegroup-driver-removed-c3bcaa6f9fe976ed.yaml,14,"Other("".. _`incompatible with recent eventlet releases`: "")",.. _`incompatible with recent eventlet releases`: https://bugs.launchpad.net/nova/+bug/1443910,https://opendev.org/openstack/nova/src/branch/master/releasenotes/notes/zookeeper-servicegroup-driver-removed-c3bcaa6f9fe976ed.yaml
nova,openstack/nova,releasenotes/source/locale/ja/LC_MESSAGES/releasenotes.po,523,Wsgi,"""Nova API is not running under eventlet.wsgi. Because this is an api-paste.""",https://opendev.org/openstack/nova/src/branch/master/releasenotes/source/locale/ja/LC_MESSAGES/releasenotes.po
nova,openstack/nova,releasenotes/source/locale/ja/LC_MESSAGES/releasenotes.po,526,"Other(""\""emit when it is detected that nova-api is not run"")","""emit when it is detected that nova-api is not running under eventlet, and """,https://opendev.org/openstack/nova/src/branch/master/releasenotes/source/locale/ja/LC_MESSAGES/releasenotes.po
nova,openstack/nova,releasenotes/source/locale/ja/LC_MESSAGES/releasenotes.po,530,Wsgi,"""新しい request_log ミドルウェアが、たとえ Nova API が eventlet.wsgi 下で動作""",https://opendev.org/openstack/nova/src/branch/master/releasenotes/source/locale/ja/LC_MESSAGES/releasenotes.po
nova,openstack/nova,releasenotes/source/locale/ja/LC_MESSAGES/releasenotes.po,533,"Other(""\""があります。新しいリクエストログは nova-api が eventlet 下で動作していないこ\"""")","""があります。新しいリクエストログは nova-api が eventlet 下で動作していないこ""",https://opendev.org/openstack/nova/src/branch/master/releasenotes/source/locale/ja/LC_MESSAGES/releasenotes.po
nova,openstack/nova,releasenotes/source/locale/ja/LC_MESSAGES/releasenotes.po,1290,"Other(""\""when running nova-api under eventlet, which is no"")","""when running nova-api under eventlet, which is no longer the preferred """,https://opendev.org/openstack/nova/src/branch/master/releasenotes/source/locale/ja/LC_MESSAGES/releasenotes.po
nova,openstack/nova,releasenotes/source/locale/ja/LC_MESSAGES/releasenotes.po,1293,"Other(""\""``wsgi_log_format`` 設定オプションは非推奨となりました。これは eventle"")","""``wsgi_log_format`` 設定オプションは非推奨となりました。これは eventlet 配下""",https://opendev.org/openstack/nova/src/branch/master/releasenotes/source/locale/ja/LC_MESSAGES/releasenotes.po
nova,openstack/nova,releasenotes/source/locale/ja/LC_MESSAGES/releasenotes.po,3521,"Other(""\""`incompatible with recent eventlet releases`_.\"""")","""`incompatible with recent eventlet releases`_.""",https://opendev.org/openstack/nova/src/branch/master/releasenotes/source/locale/ja/LC_MESSAGES/releasenotes.po
nova,openstack/nova,releasenotes/source/locale/ja/LC_MESSAGES/releasenotes.po,3526,"Other(""\""`incompatible with recent eventlet releases`_ です。"")","""`incompatible with recent eventlet releases`_ です。""",https://opendev.org/openstack/nova/src/branch/master/releasenotes/source/locale/ja/LC_MESSAGES/releasenotes.po
nova,openstack/nova,releasenotes/source/mitaka.rst,644,"Other(""`incompatible with recent eventlet releases`_."")",`incompatible with recent eventlet releases`_.,https://opendev.org/openstack/nova/src/branch/master/releasenotes/source/mitaka.rst
nova,openstack/nova,releasenotes/source/mitaka.rst,649,"Other("".. _`incompatible with recent eventlet releases`: "")",.. _`incompatible with recent eventlet releases`: https://bugs.launchpad.net/nova/+bug/1443910,https://opendev.org/openstack/nova/src/branch/master/releasenotes/source/mitaka.rst
nova,openstack/nova,requirements.txt,8,"Other(""eventlet>=0.30.1 # MIT"")",eventlet>=0.30.1 # MIT,https://opendev.org/openstack/nova/src/branch/master/requirements.txt
nova,openstack/nova,threading_unit_test_excludes.txt,96,"Other(""nova.tests.unit.test_utils.ExecutorStatsTestCase.t"")",nova.tests.unit.test_utils.ExecutorStatsTestCase.test_stats_logged_eventlet,https://opendev.org/openstack/nova/src/branch/master/threading_unit_test_excludes.txt
nova,openstack/nova,threading_unit_test_excludes.txt,97,"Other(""nova.tests.unit.test_utils.OsloServiceBackendSelec"")",nova.tests.unit.test_utils.OsloServiceBackendSelectionTestCase.test_eventlet_selected,https://opendev.org/openstack/nova/src/branch/master/threading_unit_test_excludes.txt
nova,openstack/nova,tox.ini,382,"Other(""N373 = checks:check_eventlet_primitives"")",N373 = checks:check_eventlet_primitives,https://opendev.org/openstack/nova/src/branch/master/tox.ini
nova,openstack/nova,tox.ini,383,"Other(""N374 = checks:check_eventlet_yield"")",N374 = checks:check_eventlet_yield,https://opendev.org/openstack/nova/src/branch/master/tox.ini
nova-specs,openstack/nova-specs,specs/abandoned/parallel-scheduler.rst,48,"Other(""* The C based DB driver and eventlet means the sch"")",* The C based DB driver and eventlet means the scheduler performs best,https://opendev.org/openstack/nova-specs/src/branch/master/specs/abandoned/parallel-scheduler.rst
nova-specs,openstack/nova-specs,specs/abandoned/parallel-scheduler.rst,49,"Other(""when the eventlet thread pool is very small, ideal"")","when the eventlet thread pool is very small, ideally less than 5.",https://opendev.org/openstack/nova-specs/src/branch/master/specs/abandoned/parallel-scheduler.rst
nova-specs,openstack/nova-specs,specs/liberty/approved/service-group-using-tooz.rst,27,"Other(""maintained and doesn't work with eventlet >= 0.17."")",maintained and doesn't work with eventlet >= 0.17.1.,https://opendev.org/openstack/nova-specs/src/branch/master/specs/liberty/approved/service-group-using-tooz.rst
nova-specs,openstack/nova-specs,specs/rocky/implemented/abort-live-migration-in-queued-status.rst,67,"Other(""eventlet.spawn_n"")",the current ``eventlet.spawn_n()`` + python ``Semaphore`` implementation.,https://opendev.org/openstack/nova-specs/src/branch/master/specs/rocky/implemented/abort-live-migration-in-queued-status.rst
octavia,openstack/octavia,HACKING.rst,25,"Other(""- [O345] Usage of Python eventlet module not allow"")",- [O345] Usage of Python eventlet module not allowed,https://opendev.org/openstack/octavia/src/branch/master/HACKING.rst
octavia,openstack/octavia,octavia/hacking/checks.py,53,"Other(""no_eventlet_re = re.compile(r'(import|from)\\s+[(]?"")",no_eventlet_re = re.compile(r'(import|from)\s+[(]?eventlet'),https://opendev.org/openstack/octavia/src/branch/master/octavia/hacking/checks.py
octavia,openstack/octavia,octavia/hacking/checks.py,142,"Other(""def check_no_eventlet_imports(logical_line):"")",def check_no_eventlet_imports(logical_line):,https://opendev.org/openstack/octavia/src/branch/master/octavia/hacking/checks.py
octavia,openstack/octavia,octavia/hacking/checks.py,143,"Other(""\""\""\""O345 - Usage of Python eventlet module not allo"")","""""""O345 - Usage of Python eventlet module not allowed.",https://opendev.org/openstack/octavia/src/branch/master/octavia/hacking/checks.py
octavia,openstack/octavia,octavia/hacking/checks.py,150,"Other(""if no_eventlet_re.match(logical_line):"")",if no_eventlet_re.match(logical_line):,https://opendev.org/openstack/octavia/src/branch/master/octavia/hacking/checks.py
octavia,openstack/octavia,octavia/hacking/checks.py,151,"Other(""msg = 'O345 Usage of Python eventlet module not al"")",msg = 'O345 Usage of Python eventlet module not allowed',https://opendev.org/openstack/octavia/src/branch/master/octavia/hacking/checks.py
octavia,openstack/octavia,octavia/hacking/checks.py,152,"Other(""yield logical_line.index('eventlet'), msg"")","yield logical_line.index('eventlet'), msg",https://opendev.org/openstack/octavia/src/branch/master/octavia/hacking/checks.py
octavia,openstack/octavia,specs/version0.5/queue-consumer.rst,33,"Other(""The threading will be handled by Oslo messaging us"")",The threading will be handled by Oslo messaging using the 'eventlet' executor.,https://opendev.org/openstack/octavia/src/branch/master/specs/version0.5/queue-consumer.rst
octavia,openstack/octavia,specs/version0.5/queue-consumer.rst,34,"Other(""Using the 'eventlet' executor will allow for messa"")",Using the 'eventlet' executor will allow for message throttling and removes,https://opendev.org/openstack/octavia/src/branch/master/specs/version0.5/queue-consumer.rst
octavia,openstack/octavia,specs/version0.5/queue-consumer.rst,36,"Other(""'eventlet' executor is that the Queue Consumer wil"")",'eventlet' executor is that the Queue Consumer will not have to spawn threads,https://opendev.org/openstack/octavia/src/branch/master/specs/version0.5/queue-consumer.rst
octavia,openstack/octavia,tox.ini,185,"Other(""O345 = checks:check_no_eventlet_imports"")",O345 = checks:check_no_eventlet_imports,https://opendev.org/openstack/octavia/src/branch/master/tox.ini
octavia-lib,openstack/octavia-lib,HACKING.rst,33,"Other(""- [O345] Usage of Python eventlet module not allow"")",- [O345] Usage of Python eventlet module not allowed,https://opendev.org/openstack/octavia-lib/src/branch/master/HACKING.rst
octavia-lib,openstack/octavia-lib,octavia_lib/hacking/checks.py,67,"Other(""no_eventlet_re = re.compile(r'(import|from)\\s+[(]?"")",no_eventlet_re = re.compile(r'(import|from)\s+[(]?eventlet'),https://opendev.org/openstack/octavia-lib/src/branch/master/octavia_lib/hacking/checks.py
octavia-lib,openstack/octavia-lib,octavia_lib/hacking/checks.py,255,"Other(""def check_no_eventlet_imports(logical_line):"")",def check_no_eventlet_imports(logical_line):,https://opendev.org/openstack/octavia-lib/src/branch/master/octavia_lib/hacking/checks.py
octavia-lib,openstack/octavia-lib,octavia_lib/hacking/checks.py,256,"Other(""\""\""\""O345 - Usage of Python eventlet module not allo"")","""""""O345 - Usage of Python eventlet module not allowed.",https://opendev.org/openstack/octavia-lib/src/branch/master/octavia_lib/hacking/checks.py
octavia-lib,openstack/octavia-lib,octavia_lib/hacking/checks.py,263,"Other(""if no_eventlet_re.match(logical_line):"")",if no_eventlet_re.match(logical_line):,https://opendev.org/openstack/octavia-lib/src/branch/master/octavia_lib/hacking/checks.py
octavia-lib,openstack/octavia-lib,octavia_lib/hacking/checks.py,264,"Other(""msg = 'O345 Usage of Python eventlet module not al"")",msg = 'O345 Usage of Python eventlet module not allowed',https://opendev.org/openstack/octavia-lib/src/branch/master/octavia_lib/hacking/checks.py
octavia-lib,openstack/octavia-lib,octavia_lib/hacking/checks.py,265,"Other(""yield logical_line.index('eventlet'), msg"")","yield logical_line.index('eventlet'), msg",https://opendev.org/openstack/octavia-lib/src/branch/master/octavia_lib/hacking/checks.py
octavia-lib,openstack/octavia-lib,tox.ini,100,"Other(""O345 = checks:check_no_eventlet_imports"")",O345 = checks:check_no_eventlet_imports,https://opendev.org/openstack/octavia-lib/src/branch/master/tox.ini
octavia-tempest-plugin,openstack/octavia-tempest-plugin,octavia_tempest_plugin/hacking/checks.py,66,"Other(""no_eventlet_re = re.compile(r'(import|from)\\s+[(]?"")",no_eventlet_re = re.compile(r'(import|from)\s+[(]?eventlet'),https://opendev.org/openstack/octavia-tempest-plugin/src/branch/master/octavia_tempest_plugin/hacking/checks.py
octavia-tempest-plugin,openstack/octavia-tempest-plugin,octavia_tempest_plugin/hacking/checks.py,200,"Other(""def check_no_eventlet_imports(logical_line):"")",def check_no_eventlet_imports(logical_line):,https://opendev.org/openstack/octavia-tempest-plugin/src/branch/master/octavia_tempest_plugin/hacking/checks.py
octavia-tempest-plugin,openstack/octavia-tempest-plugin,octavia_tempest_plugin/hacking/checks.py,201,"Other(""\""\""\""O345 - Usage of Python eventlet module not allo"")","""""""O345 - Usage of Python eventlet module not allowed.",https://opendev.org/openstack/octavia-tempest-plugin/src/branch/master/octavia_tempest_plugin/hacking/checks.py
octavia-tempest-plugin,openstack/octavia-tempest-plugin,octavia_tempest_plugin/hacking/checks.py,208,"Other(""if no_eventlet_re.match(logical_line):"")",if no_eventlet_re.match(logical_line):,https://opendev.org/openstack/octavia-tempest-plugin/src/branch/master/octavia_tempest_plugin/hacking/checks.py
octavia-tempest-plugin,openstack/octavia-tempest-plugin,octavia_tempest_plugin/hacking/checks.py,209,"Other(""msg = 'O345 Usage of Python eventlet module not al"")",msg = 'O345 Usage of Python eventlet module not allowed',https://opendev.org/openstack/octavia-tempest-plugin/src/branch/master/octavia_tempest_plugin/hacking/checks.py
octavia-tempest-plugin,openstack/octavia-tempest-plugin,octavia_tempest_plugin/hacking/checks.py,210,"Other(""yield logical_line.index('eventlet'), msg"")","yield logical_line.index('eventlet'), msg",https://opendev.org/openstack/octavia-tempest-plugin/src/branch/master/octavia_tempest_plugin/hacking/checks.py
octavia-tempest-plugin,openstack/octavia-tempest-plugin,tox.ini,98,"Other(""O345 = checks:check_no_eventlet_imports"")",O345 = checks:check_no_eventlet_imports,https://opendev.org/openstack/octavia-tempest-plugin/src/branch/master/tox.ini
openstack-ansible,openstack/openstack-ansible,releasenotes/notes/disable_neutron_uwsgi_default-1763a0cbc17f23c8.yaml,5,"Other(""eventlet due to found compatability issues for the"")",eventlet due to found compatability issues for the current OpenStack,https://opendev.org/openstack/openstack-ansible/src/branch/master/releasenotes/notes/disable_neutron_uwsgi_default-1763a0cbc17f23c8.yaml
openstack-ansible,openstack/openstack-ansible,releasenotes/notes/disable_neutron_uwsgi_default-1763a0cbc17f23c8.yaml,12,"Other(""In case of switching Neutron from uWSGI to old eve"")","In case of switching Neutron from uWSGI to old eventlet,",https://opendev.org/openstack/openstack-ansible/src/branch/master/releasenotes/notes/disable_neutron_uwsgi_default-1763a0cbc17f23c8.yaml
openstack-ansible,openstack/openstack-ansible,releasenotes/notes/neutron_uwsgi_re_disable-45f28da6a4e29e54.yaml,4,"Other(""A uWSGI for Neutron has been disabled again by def"")",A uWSGI for Neutron has been disabled again by default in favor of eventlet,https://opendev.org/openstack/openstack-ansible/src/branch/master/releasenotes/notes/neutron_uwsgi_re_disable-45f28da6a4e29e54.yaml
openstack-ansible-ops,openstack/openstack-ansible-ops,elk_metrics_6x/templates/logstash-pipelines.yml.j2,301,Wsgi,"if [module] == ""eventlet.wsgi.server"" {",https://opendev.org/openstack/openstack-ansible-ops/src/branch/master/elk_metrics_6x/templates/logstash-pipelines.yml.j2
openstack-ansible-ops,openstack/openstack-ansible-ops,elk_metrics_6x/templates/logstash-pipelines.yml.j2,314,Wsgi,"if [module] == ""cinder.eventlet.wsgi.server"" {",https://opendev.org/openstack/openstack-ansible-ops/src/branch/master/elk_metrics_6x/templates/logstash-pipelines.yml.j2
openstack-ansible-ops,openstack/openstack-ansible-ops,elk_metrics_6x/templates/logstash-pipelines.yml.j2,357,Wsgi,"if [module] == ""eventlet.wsgi.server"" {",https://opendev.org/openstack/openstack-ansible-ops/src/branch/master/elk_metrics_6x/templates/logstash-pipelines.yml.j2
openstack-ansible-ops,openstack/openstack-ansible-ops,elk_metrics_6x/templates/logstash-pipelines.yml.j2,428,Wsgi,"if [module] == ""eventlet.wsgi.server"" {",https://opendev.org/openstack/openstack-ansible-ops/src/branch/master/elk_metrics_6x/templates/logstash-pipelines.yml.j2
openstack-ansible-ops,openstack/openstack-ansible-ops,elk_metrics_6x/templates/logstash-pipelines.yml.j2,441,Wsgi,"if [module] == ""eventlet.wsgi.server"" {",https://opendev.org/openstack/openstack-ansible-ops/src/branch/master/elk_metrics_6x/templates/logstash-pipelines.yml.j2
openstack-ansible-ops,openstack/openstack-ansible-ops,elk_metrics_7x/templates/logstash-pipelines.yml.j2,301,Wsgi,"if [module] == ""eventlet.wsgi.server"" {",https://opendev.org/openstack/openstack-ansible-ops/src/branch/master/elk_metrics_7x/templates/logstash-pipelines.yml.j2
openstack-ansible-ops,openstack/openstack-ansible-ops,elk_metrics_7x/templates/logstash-pipelines.yml.j2,314,Wsgi,"if [module] == ""cinder.eventlet.wsgi.server"" {",https://opendev.org/openstack/openstack-ansible-ops/src/branch/master/elk_metrics_7x/templates/logstash-pipelines.yml.j2
openstack-ansible-ops,openstack/openstack-ansible-ops,elk_metrics_7x/templates/logstash-pipelines.yml.j2,357,Wsgi,"if [module] == ""eventlet.wsgi.server"" {",https://opendev.org/openstack/openstack-ansible-ops/src/branch/master/elk_metrics_7x/templates/logstash-pipelines.yml.j2
openstack-ansible-ops,openstack/openstack-ansible-ops,elk_metrics_7x/templates/logstash-pipelines.yml.j2,428,Wsgi,"if [module] == ""eventlet.wsgi.server"" {",https://opendev.org/openstack/openstack-ansible-ops/src/branch/master/elk_metrics_7x/templates/logstash-pipelines.yml.j2
openstack-ansible-ops,openstack/openstack-ansible-ops,elk_metrics_7x/templates/logstash-pipelines.yml.j2,441,Wsgi,"if [module] == ""eventlet.wsgi.server"" {",https://opendev.org/openstack/openstack-ansible-ops/src/branch/master/elk_metrics_7x/templates/logstash-pipelines.yml.j2
openstack-ansible-os_neutron,openstack/openstack-ansible-os_neutron,releasenotes/notes/disable_neutron_uwsgi_default-1763a0cbc17f23c8.yaml,5,"Other(""eventlet due to found compatability issues for the"")",eventlet due to found compatability issues for the current OpenStack,https://opendev.org/openstack/openstack-ansible-os_neutron/src/branch/master/releasenotes/notes/disable_neutron_uwsgi_default-1763a0cbc17f23c8.yaml
openstack-ansible-os_neutron,openstack/openstack-ansible-os_neutron,releasenotes/notes/disable_neutron_uwsgi_default-1763a0cbc17f23c8.yaml,12,"Other(""In case of switching Neutron from uWSGI to old eve"")","In case of switching Neutron from uWSGI to old eventlet,",https://opendev.org/openstack/openstack-ansible-os_neutron/src/branch/master/releasenotes/notes/disable_neutron_uwsgi_default-1763a0cbc17f23c8.yaml
openstack-ansible-os_neutron,openstack/openstack-ansible-os_neutron,releasenotes/notes/neutron_uwsgi_re_disable-45f28da6a4e29e54.yaml,4,"Other(""A uWSGI for Neutron has been disabled again by def"")",A uWSGI for Neutron has been disabled again by default in favor of eventlet,https://opendev.org/openstack/openstack-ansible-os_neutron/src/branch/master/releasenotes/notes/neutron_uwsgi_re_disable-45f28da6a4e29e54.yaml
openstack-helm,openstack/openstack-helm,aodh/values.yaml,503,"Other(""logger_eventletwsgi:"")",logger_eventletwsgi:,https://opendev.org/openstack/openstack-helm/src/branch/master/aodh/values.yaml
openstack-helm,openstack/openstack-helm,aodh/values.yaml,506,Wsgi,qualname: eventlet.wsgi.server,https://opendev.org/openstack/openstack-helm/src/branch/master/aodh/values.yaml
openstack-helm,openstack/openstack-helm,barbican/values.yaml,488,"Other(""logger_eventletwsgi:"")",logger_eventletwsgi:,https://opendev.org/openstack/openstack-helm/src/branch/master/barbican/values.yaml
openstack-helm,openstack/openstack-helm,barbican/values.yaml,491,Wsgi,qualname: eventlet.wsgi.server,https://opendev.org/openstack/openstack-helm/src/branch/master/barbican/values.yaml
openstack-helm,openstack/openstack-helm,blazar/values.yaml,670,"Other(""logger_eventletwsgi:"")",logger_eventletwsgi:,https://opendev.org/openstack/openstack-helm/src/branch/master/blazar/values.yaml
openstack-helm,openstack/openstack-helm,blazar/values.yaml,673,Wsgi,qualname: eventlet.wsgi.server,https://opendev.org/openstack/openstack-helm/src/branch/master/blazar/values.yaml
openstack-helm,openstack/openstack-helm,cinder/values.yaml,929,"Other(""logger_eventletwsgi:"")",logger_eventletwsgi:,https://opendev.org/openstack/openstack-helm/src/branch/master/cinder/values.yaml
openstack-helm,openstack/openstack-helm,cinder/values.yaml,932,Wsgi,qualname: eventlet.wsgi.server,https://opendev.org/openstack/openstack-helm/src/branch/master/cinder/values.yaml
openstack-helm,openstack/openstack-helm,cloudkitty/values.yaml,618,"Other(""logger_eventletwsgi:"")",logger_eventletwsgi:,https://opendev.org/openstack/openstack-helm/src/branch/master/cloudkitty/values.yaml
openstack-helm,openstack/openstack-helm,cloudkitty/values.yaml,621,Wsgi,qualname: eventlet.wsgi.server,https://opendev.org/openstack/openstack-helm/src/branch/master/cloudkitty/values.yaml
openstack-helm,openstack/openstack-helm,designate/values.yaml,517,"Other(""logger_eventletwsgi:"")",logger_eventletwsgi:,https://opendev.org/openstack/openstack-helm/src/branch/master/designate/values.yaml
openstack-helm,openstack/openstack-helm,designate/values.yaml,520,Wsgi,qualname: eventlet.wsgi.server,https://opendev.org/openstack/openstack-helm/src/branch/master/designate/values.yaml
openstack-helm,openstack/openstack-helm,doc/source/specs/nginx-sidecar.rst,16,"Other(""performance impact, for example, eventlet."")","performance impact, for example, eventlet.",https://opendev.org/openstack/openstack-helm/src/branch/master/doc/source/specs/nginx-sidecar.rst
openstack-helm,openstack/openstack-helm,freezer/values.yaml,437,"Other(""logger_eventletwsgi:"")",logger_eventletwsgi:,https://opendev.org/openstack/openstack-helm/src/branch/master/freezer/values.yaml
openstack-helm,openstack/openstack-helm,freezer/values.yaml,440,Wsgi,qualname: eventlet.wsgi.server,https://opendev.org/openstack/openstack-helm/src/branch/master/freezer/values.yaml
openstack-helm,openstack/openstack-helm,glance/values.yaml,344,"Other(""logger_eventletwsgi:"")",logger_eventletwsgi:,https://opendev.org/openstack/openstack-helm/src/branch/master/glance/values.yaml
openstack-helm,openstack/openstack-helm,glance/values.yaml,347,Wsgi,qualname: eventlet.wsgi.server,https://opendev.org/openstack/openstack-helm/src/branch/master/glance/values.yaml
openstack-helm,openstack/openstack-helm,heat/values.yaml,429,"Other(""logger_eventletwsgi:"")",logger_eventletwsgi:,https://opendev.org/openstack/openstack-helm/src/branch/master/heat/values.yaml
openstack-helm,openstack/openstack-helm,heat/values.yaml,432,Wsgi,qualname: eventlet.wsgi.server,https://opendev.org/openstack/openstack-helm/src/branch/master/heat/values.yaml
openstack-helm,openstack/openstack-helm,ironic/values.yaml,182,"Other(""logger_eventletwsgi:"")",logger_eventletwsgi:,https://opendev.org/openstack/openstack-helm/src/branch/master/ironic/values.yaml
openstack-helm,openstack/openstack-helm,ironic/values.yaml,185,Wsgi,qualname: eventlet.wsgi.server,https://opendev.org/openstack/openstack-helm/src/branch/master/ironic/values.yaml
openstack-helm,openstack/openstack-helm,keystone/values.yaml,858,"Other(""logger_eventletwsgi:"")",logger_eventletwsgi:,https://opendev.org/openstack/openstack-helm/src/branch/master/keystone/values.yaml
openstack-helm,openstack/openstack-helm,keystone/values.yaml,861,Wsgi,qualname: eventlet.wsgi.server,https://opendev.org/openstack/openstack-helm/src/branch/master/keystone/values.yaml
openstack-helm,openstack/openstack-helm,magnum/values.yaml,141,"Other(""logger_eventletwsgi:"")",logger_eventletwsgi:,https://opendev.org/openstack/openstack-helm/src/branch/master/magnum/values.yaml
openstack-helm,openstack/openstack-helm,magnum/values.yaml,144,Wsgi,qualname: eventlet.wsgi.server,https://opendev.org/openstack/openstack-helm/src/branch/master/magnum/values.yaml
openstack-helm,openstack/openstack-helm,manila/values.yaml,795,"Other(""logger_eventletwsgi:"")",logger_eventletwsgi:,https://opendev.org/openstack/openstack-helm/src/branch/master/manila/values.yaml
openstack-helm,openstack/openstack-helm,manila/values.yaml,798,Wsgi,qualname: eventlet.wsgi.server,https://opendev.org/openstack/openstack-helm/src/branch/master/manila/values.yaml
openstack-helm,openstack/openstack-helm,mistral/values.yaml,469,"Other(""logger_eventletwsgi:"")",logger_eventletwsgi:,https://opendev.org/openstack/openstack-helm/src/branch/master/mistral/values.yaml
openstack-helm,openstack/openstack-helm,mistral/values.yaml,472,Wsgi,qualname: eventlet.wsgi.server,https://opendev.org/openstack/openstack-helm/src/branch/master/mistral/values.yaml
openstack-helm,openstack/openstack-helm,monasca/values.yaml,184,"Other(""worker-class: eventlet"")",worker-class: eventlet,https://opendev.org/openstack/openstack-helm/src/branch/master/monasca/values.yaml
openstack-helm,openstack/openstack-helm,neutron/values.yaml,2034,"Other(""logger_eventletwsgi:"")",logger_eventletwsgi:,https://opendev.org/openstack/openstack-helm/src/branch/master/neutron/values.yaml
openstack-helm,openstack/openstack-helm,neutron/values.yaml,2037,Wsgi,qualname: eventlet.wsgi.server,https://opendev.org/openstack/openstack-helm/src/branch/master/neutron/values.yaml
openstack-helm,openstack/openstack-helm,nova/values.yaml,1552,"Other(""logger_eventletwsgi:"")",logger_eventletwsgi:,https://opendev.org/openstack/openstack-helm/src/branch/master/nova/values.yaml
openstack-helm,openstack/openstack-helm,nova/values.yaml,1555,Wsgi,qualname: eventlet.wsgi.server,https://opendev.org/openstack/openstack-helm/src/branch/master/nova/values.yaml
openstack-helm,openstack/openstack-helm,octavia/values.yaml,340,"Other(""logger_eventletwsgi:"")",logger_eventletwsgi:,https://opendev.org/openstack/openstack-helm/src/branch/master/octavia/values.yaml
openstack-helm,openstack/openstack-helm,octavia/values.yaml,343,Wsgi,qualname: eventlet.wsgi.server,https://opendev.org/openstack/openstack-helm/src/branch/master/octavia/values.yaml
openstack-helm,openstack/openstack-helm,placement/values.yaml,109,"Other(""logger_eventletwsgi:"")",logger_eventletwsgi:,https://opendev.org/openstack/openstack-helm/src/branch/master/placement/values.yaml
openstack-helm,openstack/openstack-helm,placement/values.yaml,112,Wsgi,qualname: eventlet.wsgi.server,https://opendev.org/openstack/openstack-helm/src/branch/master/placement/values.yaml
openstack-helm,openstack/openstack-helm,releasenotes/notes/neutron-288ac8b37720832e.yaml,9,"Other(""because after eventlet removal plain threads are u"")",because after eventlet removal plain threads are used.,https://opendev.org/openstack/openstack-helm/src/branch/master/releasenotes/notes/neutron-288ac8b37720832e.yaml
openstack-helm,openstack/openstack-helm,releasenotes/notes/neutron-3c33aea435f7ab8a.yaml,10,"Other(""Neutron OVN now runs under **uWSGI**, and the lega"")","Neutron OVN now runs under **uWSGI**, and the legacy **eventlet** support",https://opendev.org/openstack/openstack-helm/src/branch/master/releasenotes/notes/neutron-3c33aea435f7ab8a.yaml
openstack-helm,openstack/openstack-helm,tacker/values.yaml,586,"Other(""logger_eventletwsgi:"")",logger_eventletwsgi:,https://opendev.org/openstack/openstack-helm/src/branch/master/tacker/values.yaml
openstack-helm,openstack/openstack-helm,tacker/values.yaml,589,Wsgi,qualname: eventlet.wsgi.server,https://opendev.org/openstack/openstack-helm/src/branch/master/tacker/values.yaml
openstack-helm,openstack/openstack-helm,watcher/values.yaml,387,"Other(""logger_eventletwsgi:"")",logger_eventletwsgi:,https://opendev.org/openstack/openstack-helm/src/branch/master/watcher/values.yaml
openstack-helm,openstack/openstack-helm,watcher/values.yaml,390,Wsgi,qualname: eventlet.wsgi.server,https://opendev.org/openstack/openstack-helm/src/branch/master/watcher/values.yaml
openstack-helm,openstack/openstack-helm,zaqar/values.yaml,523,"Other(""logger_eventletwsgi:"")",logger_eventletwsgi:,https://opendev.org/openstack/openstack-helm/src/branch/master/zaqar/values.yaml
openstack-helm,openstack/openstack-helm,zaqar/values.yaml,526,Wsgi,qualname: eventlet.wsgi.server,https://opendev.org/openstack/openstack-helm/src/branch/master/zaqar/values.yaml
openstack-manuals,openstack/openstack-manuals,www/static/sitemap.xml,3309,"Other(""<loc>https://docs.openstack.org/neutron/latest/eve"")",<loc>https://docs.openstack.org/neutron/latest/eventlet_deprecation/index.html</loc>,https://opendev.org/openstack/openstack-manuals/src/branch/master/www/static/sitemap.xml
openstack-manuals,openstack/openstack-manuals,www/static/sitemap.xml,7593,"Other(""<loc>https://docs.openstack.org/nova/latest/contri"")",<loc>https://docs.openstack.org/nova/latest/contributor/testing/eventlet-profiling.html</loc>,https://opendev.org/openstack/openstack-manuals/src/branch/master/www/static/sitemap.xml
openstack-manuals,openstack/openstack-manuals,www/static/sitemap.xml,9147,"Other(""<loc>https://docs.openstack.org/cinder/latest/cont"")",<loc>https://docs.openstack.org/cinder/latest/contributor/api/cinder.wsgi.eventlet_server.html</loc>,https://opendev.org/openstack/openstack-manuals/src/branch/master/www/static/sitemap.xml
openstack-manuals,openstack/openstack-manuals,www/static/sitemap.xml,97035,"Other(""<loc>https://docs.openstack.org/keystone/zed/api/k"")",<loc>https://docs.openstack.org/keystone/zed/api/keystone.conf.eventlet_server.html</loc>,https://opendev.org/openstack/openstack-manuals/src/branch/master/www/static/sitemap.xml
openstack-manuals,openstack/openstack-manuals,www/static/sitemap.xml,97551,"Other(""<loc>https://docs.openstack.org/keystone/zed/_modu"")",<loc>https://docs.openstack.org/keystone/zed/_modules/keystone/conf/eventlet_server.html</loc>,https://opendev.org/openstack/openstack-manuals/src/branch/master/www/static/sitemap.xml
openstack-manuals,openstack/openstack-manuals,www/static/sitemap.xml,108981,"Other(""<loc>https://docs.openstack.org/keystone/2023.2/ap"")",<loc>https://docs.openstack.org/keystone/2023.2/api/keystone.conf.eventlet_server.html</loc>,https://opendev.org/openstack/openstack-manuals/src/branch/master/www/static/sitemap.xml
openstack-manuals,openstack/openstack-manuals,www/static/sitemap.xml,109377,"Other(""<loc>https://docs.openstack.org/keystone/2023.2/_m"")",<loc>https://docs.openstack.org/keystone/2023.2/_modules/keystone/conf/eventlet_server.html</loc>,https://opendev.org/openstack/openstack-manuals/src/branch/master/www/static/sitemap.xml
openstack-manuals,openstack/openstack-manuals,www/static/sitemap.xml,110673,"Other(""<loc>https://docs.openstack.org/keystone/2023.1/ap"")",<loc>https://docs.openstack.org/keystone/2023.1/api/keystone.conf.eventlet_server.html</loc>,https://opendev.org/openstack/openstack-manuals/src/branch/master/www/static/sitemap.xml
openstack-manuals,openstack/openstack-manuals,www/static/sitemap.xml,111051,"Other(""<loc>https://docs.openstack.org/keystone/2023.1/_m"")",<loc>https://docs.openstack.org/keystone/2023.1/_modules/keystone/conf/eventlet_server.html</loc>,https://opendev.org/openstack/openstack-manuals/src/branch/master/www/static/sitemap.xml
openstack-manuals,openstack/openstack-manuals,www/static/sitemap.xml,156939,"Other(""<loc>https://docs.openstack.org/tacker/latest/cont"")",<loc>https://docs.openstack.org/tacker/latest/contributor/api/tacker.common.eventlet_utils.html</loc>,https://opendev.org/openstack/openstack-manuals/src/branch/master/www/static/sitemap.xml
openstack-manuals,openstack/openstack-manuals,www/static/sitemap.xml,156963,"Other(""eventlet.html"")",<loc>https://docs.openstack.org/tacker/latest/contributor/api/tacker.cmd.eventlet.html</loc>,https://opendev.org/openstack/openstack-manuals/src/branch/master/www/static/sitemap.xml
openstack-manuals,openstack/openstack-manuals,www/static/sitemap.xml,157095,"Other(""eventlet.tacker_server"")",<loc>https://docs.openstack.org/tacker/latest/contributor/api/tacker.cmd.eventlet.tacker_server.html</loc>,https://opendev.org/openstack/openstack-manuals/src/branch/master/www/static/sitemap.xml
openstack-manuals,openstack/openstack-manuals,www/static/sitemap.xml,157101,"Other(""eventlet.conductor"")",<loc>https://docs.openstack.org/tacker/latest/contributor/api/tacker.cmd.eventlet.conductor.html</loc>,https://opendev.org/openstack/openstack-manuals/src/branch/master/www/static/sitemap.xml
openstack-manuals,openstack/openstack-manuals,www/static/sitemap.xml,208869,"Other(""<loc>https://docs.openstack.org/taskflow/latest/_m"")",<loc>https://docs.openstack.org/taskflow/latest/_modules/taskflow/utils/eventlet_utils.html</loc>,https://opendev.org/openstack/openstack-manuals/src/branch/master/www/static/sitemap.xml
openstack-manuals,openstack/openstack-manuals,www/static/sitemap.xml,232785,"Other(""<loc>https://docs.openstack.org/neutron/2025.1/eve"")",<loc>https://docs.openstack.org/neutron/2025.1/eventlet_deprecation/index.html</loc>,https://opendev.org/openstack/openstack-manuals/src/branch/master/www/static/sitemap.xml
openstack-manuals,openstack/openstack-manuals,www/static/sitemap.xml,285351,"Other(""<loc>https://docs.openstack.org/oslo.service/lates"")",<loc>https://docs.openstack.org/oslo.service/latest/reference/eventlet_backdoor.html</loc>,https://opendev.org/openstack/openstack-manuals/src/branch/master/www/static/sitemap.xml
openstack-manuals,openstack/openstack-manuals,www/static/sitemap.xml,292209,"Other(""<loc>https://docs.openstack.org/oslo.service/2024."")",<loc>https://docs.openstack.org/oslo.service/2024.2/reference/eventlet_backdoor.html</loc>,https://opendev.org/openstack/openstack-manuals/src/branch/master/www/static/sitemap.xml
openstack-manuals,openstack/openstack-manuals,www/static/sitemap.xml,297663,"Other(""<loc>https://docs.openstack.org/oslo.service/2023."")",<loc>https://docs.openstack.org/oslo.service/2023.2/reference/eventlet_backdoor.html</loc>,https://opendev.org/openstack/openstack-manuals/src/branch/master/www/static/sitemap.xml
openstack-manuals,openstack/openstack-manuals,www/static/sitemap.xml,301539,"Other(""<loc>https://docs.openstack.org/oslo.service/zed/r"")",<loc>https://docs.openstack.org/oslo.service/zed/reference/eventlet_backdoor.html</loc>,https://opendev.org/openstack/openstack-manuals/src/branch/master/www/static/sitemap.xml
openstack-manuals,openstack/openstack-manuals,www/static/sitemap.xml,316965,"Other(""<loc>https://docs.openstack.org/oslo.service/2025."")",<loc>https://docs.openstack.org/oslo.service/2025.1/reference/eventlet_backdoor.html</loc>,https://opendev.org/openstack/openstack-manuals/src/branch/master/www/static/sitemap.xml
openstack-manuals,openstack/openstack-manuals,www/static/sitemap.xml,317547,"Other(""<loc>https://docs.openstack.org/oslo.service/2024."")",<loc>https://docs.openstack.org/oslo.service/2024.1/reference/eventlet_backdoor.html</loc>,https://opendev.org/openstack/openstack-manuals/src/branch/master/www/static/sitemap.xml
openstack-manuals,openstack/openstack-manuals,www/static/sitemap.xml,326679,"Other(""<loc>https://docs.openstack.org/oslo.service/2023."")",<loc>https://docs.openstack.org/oslo.service/2023.1/reference/eventlet_backdoor.html</loc>,https://opendev.org/openstack/openstack-manuals/src/branch/master/www/static/sitemap.xml
openstack-manuals,openstack/openstack-manuals,www/static/sitemap.xml,340455,"Other(""<loc>https://docs.openstack.org/oslo.utils/2025.1/"")",<loc>https://docs.openstack.org/oslo.utils/2025.1/reference/eventletutils.html</loc>,https://opendev.org/openstack/openstack-manuals/src/branch/master/www/static/sitemap.xml
openstack-manuals,openstack/openstack-manuals,www/static/sitemap.xml,341349,"Other(""<loc>https://docs.openstack.org/oslo.utils/latest/"")",<loc>https://docs.openstack.org/oslo.utils/latest/reference/eventletutils.html</loc>,https://opendev.org/openstack/openstack-manuals/src/branch/master/www/static/sitemap.xml
openstack-manuals,openstack/openstack-manuals,www/static/sitemap.xml,346479,"Other(""<loc>https://docs.openstack.org/taskflow/2025.1/_m"")",<loc>https://docs.openstack.org/taskflow/2025.1/_modules/taskflow/utils/eventlet_utils.html</loc>,https://opendev.org/openstack/openstack-manuals/src/branch/master/www/static/sitemap.xml
openstack-manuals,openstack/openstack-manuals,www/static/sitemap.xml,348921,"Other(""<loc>https://docs.openstack.org/oslo.utils/2024.2/"")",<loc>https://docs.openstack.org/oslo.utils/2024.2/reference/eventletutils.html</loc>,https://opendev.org/openstack/openstack-manuals/src/branch/master/www/static/sitemap.xml
openstack-manuals,openstack/openstack-manuals,www/static/sitemap.xml,351189,"Other(""<loc>https://docs.openstack.org/taskflow/2024.2/_m"")",<loc>https://docs.openstack.org/taskflow/2024.2/_modules/taskflow/utils/eventlet_utils.html</loc>,https://opendev.org/openstack/openstack-manuals/src/branch/master/www/static/sitemap.xml
openstack-manuals,openstack/openstack-manuals,www/static/sitemap.xml,351351,"Other(""<loc>https://docs.openstack.org/oslo.utils/2023.1/"")",<loc>https://docs.openstack.org/oslo.utils/2023.1/reference/eventletutils.html</loc>,https://opendev.org/openstack/openstack-manuals/src/branch/master/www/static/sitemap.xml
openstack-manuals,openstack/openstack-manuals,www/static/sitemap.xml,351669,"Other(""<loc>https://docs.openstack.org/taskflow/2023.1/_m"")",<loc>https://docs.openstack.org/taskflow/2023.1/_modules/taskflow/utils/eventlet_utils.html</loc>,https://opendev.org/openstack/openstack-manuals/src/branch/master/www/static/sitemap.xml
openstack-manuals,openstack/openstack-manuals,www/static/sitemap.xml,354687,"Other(""<loc>https://docs.openstack.org/oslo.utils/2024.1/"")",<loc>https://docs.openstack.org/oslo.utils/2024.1/reference/eventletutils.html</loc>,https://opendev.org/openstack/openstack-manuals/src/branch/master/www/static/sitemap.xml
openstack-manuals,openstack/openstack-manuals,www/static/sitemap.xml,355629,"Other(""<loc>https://docs.openstack.org/taskflow/2024.1/_m"")",<loc>https://docs.openstack.org/taskflow/2024.1/_modules/taskflow/utils/eventlet_utils.html</loc>,https://opendev.org/openstack/openstack-manuals/src/branch/master/www/static/sitemap.xml
openstack-manuals,openstack/openstack-manuals,www/static/sitemap.xml,358917,"Other(""<loc>https://docs.openstack.org/oslo.utils/zed/ref"")",<loc>https://docs.openstack.org/oslo.utils/zed/reference/eventletutils.html</loc>,https://opendev.org/openstack/openstack-manuals/src/branch/master/www/static/sitemap.xml
openstack-manuals,openstack/openstack-manuals,www/static/sitemap.xml,361665,"Other(""<loc>https://docs.openstack.org/taskflow/2023.2/_m"")",<loc>https://docs.openstack.org/taskflow/2023.2/_modules/taskflow/utils/eventlet_utils.html</loc>,https://opendev.org/openstack/openstack-manuals/src/branch/master/www/static/sitemap.xml
openstack-manuals,openstack/openstack-manuals,www/static/sitemap.xml,363891,"Other(""<loc>https://docs.openstack.org/oslo.utils/2023.2/"")",<loc>https://docs.openstack.org/oslo.utils/2023.2/reference/eventletutils.html</loc>,https://opendev.org/openstack/openstack-manuals/src/branch/master/www/static/sitemap.xml
os-brick,openstack/os-brick,os_brick/initiator/connectors/iscsi.py,616,"Other(""too much about the GIL or how the eventlets will h"")",too much about the GIL or how the eventlets will handle the context,https://opendev.org/openstack/os-brick/src/branch/master/os_brick/initiator/connectors/iscsi.py
os-brick,openstack/os-brick,test-requirements.txt,16,"Other(""eventlet>=0.30.1,!=0.32.0 # MIT"")","eventlet>=0.30.1,!=0.32.0 # MIT",https://opendev.org/openstack/os-brick/src/branch/master/test-requirements.txt
os-ken,openstack/os-ken,doc/source/library_bgp_speaker.rst,22,Import,import eventlet,https://opendev.org/openstack/os-ken/src/branch/master/doc/source/library_bgp_speaker.rst
os-ken,openstack/os-ken,doc/source/library_bgp_speaker.rst,25,MonkeyPatch,eventlet.monkey_patch(),https://opendev.org/openstack/os-ken/src/branch/master/doc/source/library_bgp_speaker.rst
os-ken,openstack/os-ken,doc/source/library_bgp_speaker.rst,54,Sleep,eventlet.sleep(30),https://opendev.org/openstack/os-ken/src/branch/master/doc/source/library_bgp_speaker.rst
os-ken,openstack/os-ken,doc/source/os_ken_app_api.rst,38,"Other(""While threads and queues are currently implemented"")","While threads and queues are currently implemented with eventlet/greenlet,",https://opendev.org/openstack/os-ken/src/branch/master/doc/source/os_ken_app_api.rst
os-ken,openstack/os-ken,os_ken/lib/hub.py,30,"Other(""HUB_TYPE = os.getenv('OSKEN_HUB_TYPE', 'eventlet')"")","HUB_TYPE = os.getenv('OSKEN_HUB_TYPE', 'eventlet')",https://opendev.org/openstack/os-ken/src/branch/master/os_ken/lib/hub.py
os-ken,openstack/os-ken,os_ken/lib/hub.py,159,"Other(""if HUB_TYPE == 'eventlet':"")",if HUB_TYPE == 'eventlet':,https://opendev.org/openstack/os-ken/src/branch/master/os_ken/lib/hub.py
os-ken,openstack/os-ken,os_ken/lib/hub.py,160,Import,import eventlet,https://opendev.org/openstack/os-ken/src/branch/master/os_ken/lib/hub.py
os-ken,openstack/os-ken,os_ken/lib/hub.py,164,Sleep,eventlet.sleep(),https://opendev.org/openstack/os-ken/src/branch/master/os_ken/lib/hub.py
os-ken,openstack/os-ken,os_ken/lib/hub.py,165,Import,import eventlet.event,https://opendev.org/openstack/os-ken/src/branch/master/os_ken/lib/hub.py
os-ken,openstack/os-ken,os_ken/lib/hub.py,166,Import,import eventlet.queue,https://opendev.org/openstack/os-ken/src/branch/master/os_ken/lib/hub.py
os-ken,openstack/os-ken,os_ken/lib/hub.py,167,Import,import eventlet.semaphore,https://opendev.org/openstack/os-ken/src/branch/master/os_ken/lib/hub.py
os-ken,openstack/os-ken,os_ken/lib/hub.py,168,Import,import eventlet.timeout,https://opendev.org/openstack/os-ken/src/branch/master/os_ken/lib/hub.py
os-ken,openstack/os-ken,os_ken/lib/hub.py,169,Wsgi,import eventlet.wsgi,https://opendev.org/openstack/os-ken/src/branch/master/os_ken/lib/hub.py
os-ken,openstack/os-ken,os_ken/lib/hub.py,170,Import,from eventlet import websocket,https://opendev.org/openstack/os-ken/src/branch/master/os_ken/lib/hub.py
os-ken,openstack/os-ken,os_ken/lib/hub.py,173,"Other(""eventlet.getcurrent"")",getcurrent = eventlet.getcurrent,https://opendev.org/openstack/os-ken/src/branch/master/os_ken/lib/hub.py
os-ken,openstack/os-ken,os_ken/lib/hub.py,174,"Other(""eventlet.sleep"")",sleep = eventlet.sleep,https://opendev.org/openstack/os-ken/src/branch/master/os_ken/lib/hub.py
os-ken,openstack/os-ken,os_ken/lib/hub.py,175,"Other(""eventlet.listen"")",listen = eventlet.listen,https://opendev.org/openstack/os-ken/src/branch/master/os_ken/lib/hub.py
os-ken,openstack/os-ken,os_ken/lib/hub.py,176,"Other(""eventlet.connect"")",connect = eventlet.connect,https://opendev.org/openstack/os-ken/src/branch/master/os_ken/lib/hub.py
os-ken,openstack/os-ken,os_ken/lib/hub.py,179,"Other(""eventlet.monkey_patch"")",eventlet.monkey_patch(thread=thread),https://opendev.org/openstack/os-ken/src/branch/master/os_ken/lib/hub.py
os-ken,openstack/os-ken,os_ken/lib/hub.py,200,Spawn,"return eventlet.spawn(_launch, *args, **kwargs)",https://opendev.org/openstack/os-ken/src/branch/master/os_ken/lib/hub.py
os-ken,openstack/os-ken,os_ken/lib/hub.py,221,"Other(""eventlet.spawn_after"")","return eventlet.spawn_after(seconds, _launch, *args, **kwargs)",https://opendev.org/openstack/os-ken/src/branch/master/os_ken/lib/hub.py
os-ken,openstack/os-ken,os_ken/lib/hub.py,235,"Other(""eventlet.queue"")",Queue = eventlet.queue.LightQueue,https://opendev.org/openstack/os-ken/src/branch/master/os_ken/lib/hub.py
os-ken,openstack/os-ken,os_ken/lib/hub.py,236,"Other(""eventlet.queue"")",QueueEmpty = eventlet.queue.Empty,https://opendev.org/openstack/os-ken/src/branch/master/os_ken/lib/hub.py
os-ken,openstack/os-ken,os_ken/lib/hub.py,237,"Other(""eventlet.semaphore"")",Semaphore = eventlet.semaphore.Semaphore,https://opendev.org/openstack/os-ken/src/branch/master/os_ken/lib/hub.py
os-ken,openstack/os-ken,os_ken/lib/hub.py,238,"Other(""eventlet.semaphore"")",BoundedSemaphore = eventlet.semaphore.BoundedSemaphore,https://opendev.org/openstack/os-ken/src/branch/master/os_ken/lib/hub.py
os-ken,openstack/os-ken,os_ken/lib/hub.py,244,Wsgi,"eventlet.wsgi.server(self.server, self.handle, self.logger)",https://opendev.org/openstack/os-ken/src/branch/master/os_ken/lib/hub.py
os-ken,openstack/os-ken,os_ken/lib/hub.py,248,"Other(""eventlet.timeout"")",Timeout = eventlet.timeout.Timeout,https://opendev.org/openstack/os-ken/src/branch/master/os_ken/lib/hub.py
os-ken,openstack/os-ken,os_ken/lib/hub.py,249,"Other(""eventlet.event"")",HubEvent = eventlet.event.Event,https://opendev.org/openstack/os-ken/src/branch/master/os_ken/lib/hub.py
os-ken,openstack/os-ken,os_ken/lib/hub.py,316,"Other(""https://github.com/eventlet/eventlet/blob/master/e"")",https://github.com/eventlet/eventlet/blob/master/eventlet/timeout.py,https://opendev.org/openstack/os-ken/src/branch/master/os_ken/lib/hub.py
os-ken,openstack/os-ken,os_ken/lib/hub.py,373,"Other(""https://github.com/eventlet/eventlet/../eventlet/c"")",https://github.com/eventlet/eventlet/../eventlet/convenience.py,https://opendev.org/openstack/os-ken/src/branch/master/os_ken/lib/hub.py
os-ken,openstack/os-ken,os_ken/lib/hub.py,391,"Other(""\""Invalid OSKEN_HUB_TYPE. Expected one of ('eventle"")","""Invalid OSKEN_HUB_TYPE. Expected one of ('eventlet', 'native')."")",https://opendev.org/openstack/os-ken/src/branch/master/os_ken/lib/hub.py
os-ken,openstack/os-ken,os_ken/services/protocols/bgp/base.py,390,Import,import eventlet,https://opendev.org/openstack/os-ken/src/branch/master/os_ken/services/protocols/bgp/base.py
os-ken,openstack/os-ken,os_ken/services/protocols/bgp/base.py,391,Spawn,"server = eventlet.spawn(self._listen_socket_loop,",https://opendev.org/openstack/os-ken/src/branch/master/os_ken/services/protocols/bgp/base.py
os-ken,openstack/os-ken,os_ken/services/protocols/bgp/speaker.py,24,Import,from eventlet import semaphore,https://opendev.org/openstack/os-ken/src/branch/master/os_ken/services/protocols/bgp/speaker.py
os-ken,openstack/os-ken,os_ken/services/protocols/ovsdb/client.py,62,"Other(""\""\""\""Emulate jsonrpc.Connection.transact_block witho"")","""""""Emulate jsonrpc.Connection.transact_block without blocking eventlet.",https://opendev.org/openstack/os-ken/src/branch/master/os_ken/services/protocols/ovsdb/client.py
os-ken,openstack/os-ken,releasenotes/notes/add-support-for-native-92012287cc366890.yaml,5,"Other(""libraries in replacement to eventlet. To enable ``"")","libraries in replacement to eventlet. To enable ``native`` mode, set",https://opendev.org/openstack/os-ken/src/branch/master/releasenotes/notes/add-support-for-native-92012287cc366890.yaml
os-ken,openstack/os-ken,requirements.txt,6,"Other(""eventlet>=0.27.0 # MIT"")",eventlet>=0.27.0 # MIT,https://opendev.org/openstack/os-ken/src/branch/master/requirements.txt
oslo-specs,openstack/oslo-specs,specs/epoxy/http-driver.rst,121,"Other(""* WSGI server: eventlet"")",* WSGI server: eventlet,https://opendev.org/openstack/oslo-specs/src/branch/master/specs/epoxy/http-driver.rst
oslo-specs,openstack/oslo-specs,specs/epoxy/http-driver.rst,273,"Other(""eventlet which is used by oslo.service."")",eventlet which is used by oslo.service.,https://opendev.org/openstack/oslo-specs/src/branch/master/specs/epoxy/http-driver.rst
oslo-specs,openstack/oslo-specs,specs/epoxy/remove-eventlet-from-oslo-service.rst,34,"Other(""https://blueprints.launchpad.net/oslo?searchtext=r"")",https://blueprints.launchpad.net/oslo?searchtext=remove-eventlet-from-oslo-service,https://opendev.org/openstack/oslo-specs/src/branch/master/specs/epoxy/remove-eventlet-from-oslo-service.rst
oslo-specs,openstack/oslo-specs,specs/epoxy/remove-eventlet-from-oslo-service.rst,46,"Other(""This specification aims to design the removal of e"")",This specification aims to design the removal of eventlet from oslo.service.,https://opendev.org/openstack/oslo-specs/src/branch/master/specs/epoxy/remove-eventlet-from-oslo-service.rst
oslo-specs,openstack/oslo-specs,specs/epoxy/remove-eventlet-from-oslo-service.rst,83,"Other(""- ``eventlet_backdoor``;"")",- ``eventlet_backdoor``;,https://opendev.org/openstack/oslo-specs/src/branch/master/specs/epoxy/remove-eventlet-from-oslo-service.rst
oslo-specs,openstack/oslo-specs,specs/epoxy/remove-eventlet-from-oslo-service.rst,98,"Other(""- ``eventlet_backdoor``;"")",- ``eventlet_backdoor``;,https://opendev.org/openstack/oslo-specs/src/branch/master/specs/epoxy/remove-eventlet-from-oslo-service.rst
oslo-specs,openstack/oslo-specs,specs/epoxy/remove-eventlet-from-oslo-service.rst,166,"Other(""- ``eventlet_backdoor``;"")",- ``eventlet_backdoor``;,https://opendev.org/openstack/oslo-specs/src/branch/master/specs/epoxy/remove-eventlet-from-oslo-service.rst
oslo-specs,openstack/oslo-specs,specs/epoxy/remove-eventlet-from-oslo-service.rst,174,"Other(""- ``eventlet_backdoor``: backdoor made to attach a"")",- ``eventlet_backdoor``: backdoor made to attach an Eventlet based process;,https://opendev.org/openstack/oslo-specs/src/branch/master/specs/epoxy/remove-eventlet-from-oslo-service.rst
oslo-specs,openstack/oslo-specs,specs/epoxy/remove-eventlet-from-oslo-service.rst,182,"Other(""eventlet.readthedocs"")",<https://eventlet.readthedocs.io/en/latest/examples.html#wsgi-server>`_ for,https://opendev.org/openstack/oslo-specs/src/branch/master/specs/epoxy/remove-eventlet-from-oslo-service.rst
oslo-specs,openstack/oslo-specs,specs/epoxy/remove-eventlet-from-oslo-service.rst,242,"Other(""- (SLURP) 2025.1: move the current implementation "")",- (SLURP) 2025.1: move the current implementation into an ``eventlet`` backend,https://opendev.org/openstack/oslo-specs/src/branch/master/specs/epoxy/remove-eventlet-from-oslo-service.rst
oslo-specs,openstack/oslo-specs,specs/epoxy/remove-eventlet-from-oslo-service.rst,245,"Other(""- (NON-SLURP) 2025.2: deprecate the ``eventlet`` b"")",- (NON-SLURP) 2025.2: deprecate the ``eventlet`` backend and make,https://opendev.org/openstack/oslo-specs/src/branch/master/specs/epoxy/remove-eventlet-from-oslo-service.rst
oslo-specs,openstack/oslo-specs,specs/epoxy/remove-eventlet-from-oslo-service.rst,247,"Other(""- (NON-SLURP) 2026.2: remove the ``eventlet`` impl"")",- (NON-SLURP) 2026.2: remove the ``eventlet`` implementation and move the,https://opendev.org/openstack/oslo-specs/src/branch/master/specs/epoxy/remove-eventlet-from-oslo-service.rst
oslo-specs,openstack/oslo-specs,specs/epoxy/remove-eventlet-from-oslo-service.rst,281,"Other(""├── eventlet_backdoor.py"")",├── eventlet_backdoor.py,https://opendev.org/openstack/oslo-specs/src/branch/master/specs/epoxy/remove-eventlet-from-oslo-service.rst
oslo-specs,openstack/oslo-specs,specs/epoxy/remove-eventlet-from-oslo-service.rst,304,"Other(""│\u{a0}\u{a0} ├── eventlet"")",│   ├── eventlet,https://opendev.org/openstack/oslo-specs/src/branch/master/specs/epoxy/remove-eventlet-from-oslo-service.rst
oslo-specs,openstack/oslo-specs,specs/epoxy/remove-eventlet-from-oslo-service.rst,305,"Other(""│\u{a0}\u{a0} │\u{a0}\u{a0} ├── eventlet_backdoor.py"")",│   │   ├── eventlet_backdoor.py,https://opendev.org/openstack/oslo-specs/src/branch/master/specs/epoxy/remove-eventlet-from-oslo-service.rst
oslo-specs,openstack/oslo-specs,specs/epoxy/remove-eventlet-from-oslo-service.rst,320,"Other(""├── eventlet_backdoor.py"")",├── eventlet_backdoor.py,https://opendev.org/openstack/oslo-specs/src/branch/master/specs/epoxy/remove-eventlet-from-oslo-service.rst
oslo-specs,openstack/oslo-specs,specs/epoxy/remove-eventlet-from-oslo-service.rst,345,"Other(""from oslo_service.eventlet import service"")",from oslo_service.eventlet import service,https://opendev.org/openstack/oslo-specs/src/branch/master/specs/epoxy/remove-eventlet-from-oslo-service.rst
oslo-specs,openstack/oslo-specs,specs/epoxy/remove-eventlet-from-oslo-service.rst,363,"Other(""if _options.backend == \""eventlet\"":"")","if _options.backend == ""eventlet"":",https://opendev.org/openstack/oslo-specs/src/branch/master/specs/epoxy/remove-eventlet-from-oslo-service.rst
oslo-specs,openstack/oslo-specs,specs/epoxy/remove-eventlet-from-oslo-service.rst,364,"Other(""from oslo_service.eventlet import service"")",from oslo_service.eventlet import service,https://opendev.org/openstack/oslo-specs/src/branch/master/specs/epoxy/remove-eventlet-from-oslo-service.rst
oslo-specs,openstack/oslo-specs,specs/epoxy/remove-eventlet-from-oslo-service.rst,443,"Other(""- eventlet_backdoor"")",- eventlet_backdoor,https://opendev.org/openstack/oslo-specs/src/branch/master/specs/epoxy/remove-eventlet-from-oslo-service.rst
oslo-specs,openstack/oslo-specs,specs/epoxy/remove-eventlet-from-oslo-service.rst,448,"Other(""import errors until the ``wsgi``, ``eventlet_backd"")","import errors until the ``wsgi``, ``eventlet_backdoor``, ``fixture``,",https://opendev.org/openstack/oslo-specs/src/branch/master/specs/epoxy/remove-eventlet-from-oslo-service.rst
oslo-specs,openstack/oslo-specs,specs/epoxy/remove-eventlet-from-oslo-service.rst,582,"Other(""``threadgroup`` use eventlet green pool to manage "")",``threadgroup`` use eventlet green pool to manage group of threads. Again,https://opendev.org/openstack/oslo-specs/src/branch/master/specs/epoxy/remove-eventlet-from-oslo-service.rst
oslo-specs,openstack/oslo-specs,specs/epoxy/remove-eventlet-from-oslo-service.rst,626,"Other(""oslo_service_backend = eventlet"")",oslo_service_backend = eventlet,https://opendev.org/openstack/oslo-specs/src/branch/master/specs/epoxy/remove-eventlet-from-oslo-service.rst
oslo-specs,openstack/oslo-specs,specs/epoxy/remove-eventlet-from-oslo-service.rst,633,"Other(""choices=['eventlet', 'threading']"")","choices=['eventlet', 'threading']",https://opendev.org/openstack/oslo-specs/src/branch/master/specs/epoxy/remove-eventlet-from-oslo-service.rst
oslo-specs,openstack/oslo-specs,specs/epoxy/remove-eventlet-from-oslo-service.rst,635,"Other(""And it will defaulted to ``eventlet``, and users"")","And it will defaulted to ``eventlet``, and users",https://opendev.org/openstack/oslo-specs/src/branch/master/specs/epoxy/remove-eventlet-from-oslo-service.rst
oslo-specs,openstack/oslo-specs,specs/epoxy/remove-eventlet-from-oslo-service.rst,653,"Other(""from the default config section, as the eventlet_b"")","from the default config section, as the eventlet_backdoor module will be",https://opendev.org/openstack/oslo-specs/src/branch/master/specs/epoxy/remove-eventlet-from-oslo-service.rst
oslo-specs,openstack/oslo-specs,specs/epoxy/remove-eventlet-from-oslo-service.rst,662,"Other(""- removing the greenlet/eventlet executor from fut"")",- removing the greenlet/eventlet executor from futurist.,https://opendev.org/openstack/oslo-specs/src/branch/master/specs/epoxy/remove-eventlet-from-oslo-service.rst
oslo-specs,openstack/oslo-specs,specs/epoxy/remove-eventlet-from-oslo-service.rst,674,"Other(""of the ``eventlet`` backend. We do not want to pol"")",of the ``eventlet`` backend. We do not want to pollute the new ``threading``,https://opendev.org/openstack/oslo-specs/src/branch/master/specs/epoxy/remove-eventlet-from-oslo-service.rst
oslo-specs,openstack/oslo-specs,specs/epoxy/remove-eventlet-from-oslo-service.rst,694,"Other(""- (SLURP) 2025.1: move the current implementation "")",- (SLURP) 2025.1: move the current implementation into an ``eventlet`` backend,https://opendev.org/openstack/oslo-specs/src/branch/master/specs/epoxy/remove-eventlet-from-oslo-service.rst
oslo-specs,openstack/oslo-specs,specs/epoxy/remove-eventlet-from-oslo-service.rst,697,"Other(""- (NON-SLURP) 2025.2: deprecate the eventlet backe"")",- (NON-SLURP) 2025.2: deprecate the eventlet backend and make ``threading`` the,https://opendev.org/openstack/oslo-specs/src/branch/master/specs/epoxy/remove-eventlet-from-oslo-service.rst
oslo-specs,openstack/oslo-specs,specs/epoxy/remove-eventlet-from-oslo-service.rst,699,"Other(""- (NON-SLURP) 2026.2: remove the ``eventlet`` impl"")",- (NON-SLURP) 2026.2: remove the ``eventlet`` implementation and move the,https://opendev.org/openstack/oslo-specs/src/branch/master/specs/epoxy/remove-eventlet-from-oslo-service.rst
oslo-specs,openstack/oslo-specs,specs/epoxy/remove-eventlet-from-oslo-service.rst,709,"Other(""and add a new backend config defaulting to the ``e"")",and add a new backend config defaulting to the ``eventlet`` sub-module,https://opendev.org/openstack/oslo-specs/src/branch/master/specs/epoxy/remove-eventlet-from-oslo-service.rst
oslo-specs,openstack/oslo-specs,specs/epoxy/remove-eventlet-from-oslo-service.rst,748,"Other(""eventlet_backdoor, fixture, etc...) won't have to "")","eventlet_backdoor, fixture, etc...) won't have to be documented.",https://opendev.org/openstack/oslo-specs/src/branch/master/specs/epoxy/remove-eventlet-from-oslo-service.rst
oslo-specs,openstack/oslo-specs,specs/epoxy/remove-eventlet-from-oslo-service.rst,758,"Other(""One related the ``eventlet`` backend and one for t"")",One related the ``eventlet`` backend and one for the ``threading`` backend.,https://opendev.org/openstack/oslo-specs/src/branch/master/specs/epoxy/remove-eventlet-from-oslo-service.rst
oslo-specs,openstack/oslo-specs,specs/epoxy/remove-eventlet-from-oslo-service.rst,762,"Other(""require ``eventlet`` to be in it. Indeed, in many "")","require ``eventlet`` to be in it. Indeed, in many place the existence of",https://opendev.org/openstack/oslo-specs/src/branch/master/specs/epoxy/remove-eventlet-from-oslo-service.rst
oslo-specs,openstack/oslo-specs,specs/epoxy/remove-eventlet-from-oslo-service.rst,763,"Other(""eventlet triggers a behavior change, avoid install"")","eventlet triggers a behavior change, avoid installing eventlet will reduce",https://opendev.org/openstack/oslo-specs/src/branch/master/specs/epoxy/remove-eventlet-from-oslo-service.rst
oslo-specs,openstack/oslo-specs,specs/epoxy/remove-eventlet-from-oslo-service.rst,771,"Other(""eventlet ="")",eventlet =,https://opendev.org/openstack/oslo-specs/src/branch/master/specs/epoxy/remove-eventlet-from-oslo-service.rst
oslo-specs,openstack/oslo-specs,specs/epoxy/remove-eventlet-from-oslo-service.rst,772,"Other(""eventlet>=0.36.1 # MIT"")",eventlet>=0.36.1 # MIT,https://opendev.org/openstack/oslo-specs/src/branch/master/specs/epoxy/remove-eventlet-from-oslo-service.rst
oslo-specs,openstack/oslo-specs,specs/juno/add-tpool-proxy-wrapper.rst,7,"Other(""During Icehouse release cycle in order to drop dep"")",During Icehouse release cycle in order to drop dependency on eventlet we,https://opendev.org/openstack/oslo-specs/src/branch/master/specs/juno/add-tpool-proxy-wrapper.rst
oslo-specs,openstack/oslo-specs,specs/juno/add-tpool-proxy-wrapper.rst,8,"Other(""removed eventlet ``tpool.Proxy`` helper and the co"")",removed eventlet ``tpool.Proxy`` helper and the corresponding config option,https://opendev.org/openstack/oslo-specs/src/branch/master/specs/juno/add-tpool-proxy-wrapper.rst
oslo-specs,openstack/oslo-specs,specs/juno/add-tpool-proxy-wrapper.rst,13,"Other(""optional integration with eventlet ``tpool.Proxy``"")",optional integration with eventlet ``tpool.Proxy`` as a separate module within,https://opendev.org/openstack/oslo-specs/src/branch/master/specs/juno/add-tpool-proxy-wrapper.rst
oslo-specs,openstack/oslo-specs,specs/juno/add-tpool-proxy-wrapper.rst,22,"Other(""eventlet green threads: being a C-extension it han"")",eventlet green threads: being a C-extension it hangs the process on blocking,https://opendev.org/openstack/oslo-specs/src/branch/master/specs/juno/add-tpool-proxy-wrapper.rst
oslo-specs,openstack/oslo-specs,specs/juno/add-tpool-proxy-wrapper.rst,23,"Other(""DB queries (as eventlet can't monkey patch it to f"")",DB queries (as eventlet can't monkey patch it to force a green thread switch,https://opendev.org/openstack/oslo-specs/src/branch/master/specs/juno/add-tpool-proxy-wrapper.rst
oslo-specs,openstack/oslo-specs,specs/juno/add-tpool-proxy-wrapper.rst,26,"Other(""eventlet provides a work around for this problem: "")",eventlet provides a work around for this problem: ``tpool.Proxy`` helper class,https://opendev.org/openstack/oslo-specs/src/branch/master/specs/juno/add-tpool-proxy-wrapper.rst
oslo-specs,openstack/oslo-specs,specs/juno/add-tpool-proxy-wrapper.rst,29,"Other(""real OS thread, which knows how to deal with event"")","real OS thread, which knows how to deal with eventlet thread pool, on return",https://opendev.org/openstack/oslo-specs/src/branch/master/specs/juno/add-tpool-proxy-wrapper.rst
oslo-specs,openstack/oslo-specs,specs/juno/add-tpool-proxy-wrapper.rst,36,"Other(""option one had to use a patched version of eventle"")","option one had to use a patched version of eventlet, as neither PyPI releases",https://opendev.org/openstack/oslo-specs/src/branch/master/specs/juno/add-tpool-proxy-wrapper.rst
oslo-specs,openstack/oslo-specs,specs/juno/add-tpool-proxy-wrapper.rst,40,"Other(""common DB code. eventlet was removed as one of the"")",common DB code. eventlet was removed as one of the dependencies we thought were,https://opendev.org/openstack/oslo-specs/src/branch/master/specs/juno/add-tpool-proxy-wrapper.rst
oslo-specs,openstack/oslo-specs,specs/juno/add-tpool-proxy-wrapper.rst,43,"Other(""process concurrent requests, whether they use even"")","process concurrent requests, whether they use eventlet green threads, real",https://opendev.org/openstack/oslo-specs/src/branch/master/specs/juno/add-tpool-proxy-wrapper.rst
oslo-specs,openstack/oslo-specs,specs/juno/add-tpool-proxy-wrapper.rst,46,"Other(""eventlet ``tpool.Proxy``, so the people wouldn't n"")","eventlet ``tpool.Proxy``, so the people wouldn't need to do this in their",https://opendev.org/openstack/oslo-specs/src/branch/master/specs/juno/add-tpool-proxy-wrapper.rst
oslo-specs,openstack/oslo-specs,specs/juno/add-tpool-proxy-wrapper.rst,54,"Other(""eventlet ``tpool.Proxy`` call proxying we need:"")",eventlet ``tpool.Proxy`` call proxying we need:,https://opendev.org/openstack/oslo-specs/src/branch/master/specs/juno/add-tpool-proxy-wrapper.rst
oslo-specs,openstack/oslo-specs,specs/juno/add-tpool-proxy-wrapper.rst,63,"Other(""4. Even though we'll use eventlet ``tpool.Proxy`` "")","4. Even though we'll use eventlet ``tpool.Proxy`` class at runtime, we are not",https://opendev.org/openstack/oslo-specs/src/branch/master/specs/juno/add-tpool-proxy-wrapper.rst
oslo-specs,openstack/oslo-specs,specs/juno/add-tpool-proxy-wrapper.rst,64,"Other(""going to add it to oslo.db ``requirements.txt`` (w"")",going to add it to oslo.db ``requirements.txt`` (we don't want eventlet to,https://opendev.org/openstack/oslo-specs/src/branch/master/specs/juno/add-tpool-proxy-wrapper.rst
oslo-specs,openstack/oslo-specs,specs/juno/add-tpool-proxy-wrapper.rst,65,"Other(""be an install time dependency; if you use eventlet"")","be an install time dependency; if you use eventlet, it will be up to you to",https://opendev.org/openstack/oslo-specs/src/branch/master/specs/juno/add-tpool-proxy-wrapper.rst
oslo-specs,openstack/oslo-specs,specs/juno/add-tpool-proxy-wrapper.rst,79,"Other(""2. Document, that if someone wanted to use oslo.db"")","2. Document, that if someone wanted to use oslo.db with eventlet",https://opendev.org/openstack/oslo-specs/src/branch/master/specs/juno/add-tpool-proxy-wrapper.rst
oslo-specs,openstack/oslo-specs,specs/juno/add-tpool-proxy-wrapper.rst,83,"Other(""The advantage of this solution is that we don't ne"")",The advantage of this solution is that we don't need to re-add eventlet stuff,https://opendev.org/openstack/oslo-specs/src/branch/master/specs/juno/add-tpool-proxy-wrapper.rst
oslo-specs,openstack/oslo-specs,specs/juno/add-tpool-proxy-wrapper.rst,88,"Other(""clear to users why they need to use another librar"")","clear to users why they need to use another library, if they use eventlet and",https://opendev.org/openstack/oslo-specs/src/branch/master/specs/juno/add-tpool-proxy-wrapper.rst
oslo-specs,openstack/oslo-specs,specs/juno/add-tpool-proxy-wrapper.rst,108,"Other(""lot, when eventlet and ``MySQL-Python`` are used. "")","lot, when eventlet and ``MySQL-Python`` are used. Note: you will still need",https://opendev.org/openstack/oslo-specs/src/branch/master/specs/juno/add-tpool-proxy-wrapper.rst
oslo-specs,openstack/oslo-specs,specs/juno/add-tpool-proxy-wrapper.rst,109,"Other(""to use unreleased eventlet code."")",to use unreleased eventlet code.,https://opendev.org/openstack/oslo-specs/src/branch/master/specs/juno/add-tpool-proxy-wrapper.rst
oslo-specs,openstack/oslo-specs,specs/juno/add-tpool-proxy-wrapper.rst,124,"Other(""OpenStack projects that want to use oslo.db with e"")",OpenStack projects that want to use oslo.db with eventlet ``tpool.Proxy`` call,https://opendev.org/openstack/oslo-specs/src/branch/master/specs/juno/add-tpool-proxy-wrapper.rst
oslo-specs,openstack/oslo-specs,specs/juno/add-tpool-proxy-wrapper.rst,184,"Other(""that patched version of eventlet is needed to use "")",that patched version of eventlet is needed to use it.,https://opendev.org/openstack/oslo-specs/src/branch/master/specs/juno/add-tpool-proxy-wrapper.rst
oslo-specs,openstack/oslo-specs,specs/juno/add-tpool-proxy-wrapper.rst,190,"Other(""To work properly, this depends on the unreleased v"")","To work properly, this depends on the unreleased version of eventlet. Though,",https://opendev.org/openstack/oslo-specs/src/branch/master/specs/juno/add-tpool-proxy-wrapper.rst
oslo-specs,openstack/oslo-specs,specs/juno/add-tpool-proxy-wrapper.rst,192,"Other(""version of eventlet in production. We are going to"")",version of eventlet in production. We are going to leave it up to deployers to,https://opendev.org/openstack/oslo-specs/src/branch/master/specs/juno/add-tpool-proxy-wrapper.rst
oslo-specs,openstack/oslo-specs,specs/juno/add-tpool-proxy-wrapper.rst,211,"Other(""eventlet tpool docs:"")",eventlet tpool docs:,https://opendev.org/openstack/oslo-specs/src/branch/master/specs/juno/add-tpool-proxy-wrapper.rst
oslo-specs,openstack/oslo-specs,specs/juno/add-tpool-proxy-wrapper.rst,213,"Other(""eventlet.net"")",http://eventlet.net/doc/threading.html#module-eventlet.tpool,https://opendev.org/openstack/oslo-specs/src/branch/master/specs/juno/add-tpool-proxy-wrapper.rst
oslo-specs,openstack/oslo-specs,specs/juno/add-tpool-proxy-wrapper.rst,215,"Other(""The patch fixing the eventlet issue:"")",The patch fixing the eventlet issue:,https://opendev.org/openstack/oslo-specs/src/branch/master/specs/juno/add-tpool-proxy-wrapper.rst
oslo-specs,openstack/oslo-specs,specs/juno/add-tpool-proxy-wrapper.rst,217,"Other(""https://bitbucket.org/eventlet/eventlet/pull-reque"")",https://bitbucket.org/eventlet/eventlet/pull-request/29/,https://opendev.org/openstack/oslo-specs/src/branch/master/specs/juno/add-tpool-proxy-wrapper.rst
oslo-specs,openstack/oslo-specs,specs/kilo/make-enginefacade-a-facade.rst,403,"Other(""at the eventlet level and 2. thread locals are see"")","at the eventlet level and 2. thread locals are seen as ""action at a distance"",",https://opendev.org/openstack/oslo-specs/src/branch/master/specs/kilo/make-enginefacade-a-facade.rst
oslo-specs,openstack/oslo-specs,specs/kilo/make-enginefacade-a-facade.rst,605,"Other(""1. The need for thread locals or any issues with e"")",1. The need for thread locals or any issues with eventlet is removed.,https://opendev.org/openstack/oslo-specs/src/branch/master/specs/kilo/make-enginefacade-a-facade.rst
oslo-specs,openstack/oslo-specs,specs/liberty/adopt-futurist.rst,21,"Other(""- An eventlet executor (aka a ``GreenThreadPoolExe"")",- An eventlet executor (aka a ``GreenThreadPoolExecutor``) that uses a,https://opendev.org/openstack/oslo-specs/src/branch/master/specs/liberty/adopt-futurist.rst
oslo-specs,openstack/oslo-specs,specs/liberty/adopt-futurist.rst,22,"Other(""`eventlet`_ greenpool and greenthreads (making the"")",`eventlet`_ greenpool and greenthreads (making the same futures/executor,https://opendev.org/openstack/oslo-specs/src/branch/master/specs/liberty/adopt-futurist.rst
oslo-specs,openstack/oslo-specs,specs/liberty/adopt-futurist.rst,23,"Other(""interface work when running in an eventlet environ"")",interface work when running in an eventlet environment). This kind of,https://opendev.org/openstack/oslo-specs/src/branch/master/specs/liberty/adopt-futurist.rst
oslo-specs,openstack/oslo-specs,specs/liberty/adopt-futurist.rst,24,Import,addition makes it eas(ier) to move from eventlet to another style of,https://opendev.org/openstack/oslo-specs/src/branch/master/specs/liberty/adopt-futurist.rst
oslo-specs,openstack/oslo-specs,specs/liberty/adopt-futurist.rst,125,"Other(""eventlet.net"")",and http://eventlet.net/doc/modules/greenpool.html for information on,https://opendev.org/openstack/oslo-specs/src/branch/master/specs/liberty/adopt-futurist.rst
oslo-specs,openstack/oslo-specs,specs/liberty/adopt-futurist.rst,214,"Other(""* `eventlet`_ (**optionally** required for green f"")",* `eventlet`_ (**optionally** required for green futures/executors),https://opendev.org/openstack/oslo-specs/src/branch/master/specs/liberty/adopt-futurist.rst
oslo-specs,openstack/oslo-specs,specs/liberty/adopt-futurist.rst,231,"Other(""eventlet.net"")",.. _eventlet: http://eventlet.net/,https://opendev.org/openstack/oslo-specs/src/branch/master/specs/liberty/adopt-futurist.rst
oslo-specs,openstack/oslo-specs,specs/liberty/graduate-oslo-service.rst,17,"Other(""* openstack/common/eventlet_backdoor.py"")",* openstack/common/eventlet_backdoor.py,https://opendev.org/openstack/oslo-specs/src/branch/master/specs/liberty/graduate-oslo-service.rst
oslo-specs,openstack/oslo-specs,specs/liberty/graduate-oslo-service.rst,18,"Other(""* tests/unit/test_eventlet_backdoor.py"")",* tests/unit/test_eventlet_backdoor.py,https://opendev.org/openstack/oslo-specs/src/branch/master/specs/liberty/graduate-oslo-service.rst
oslo-specs,openstack/oslo-specs,specs/liberty/graduate-oslo-service.rst,25,"Other(""* tests/unit/eventlet_service.py"")",* tests/unit/eventlet_service.py,https://opendev.org/openstack/oslo-specs/src/branch/master/specs/liberty/graduate-oslo-service.rst
oslo-specs,openstack/oslo-specs,specs/liberty/windows-oslo-service-workers.rst,18,"Other(""eventlet.greenio"")","* eventlet.greenio.GreenPipe, which it cannot be used, as it tries to set the",https://opendev.org/openstack/oslo-specs/src/branch/master/specs/liberty/windows-oslo-service-workers.rst
oslo-specs,openstack/oslo-specs,specs/liberty/zmq-req-rep.rst,189,"Other("".. [3] https://blueprints.launchpad.net/oslo.messa"")",.. [3] https://blueprints.launchpad.net/oslo.messaging/+spec/zmq-work-without-eventlet,https://opendev.org/openstack/oslo-specs/src/branch/master/specs/liberty/zmq-req-rep.rst
oslo-specs,openstack/oslo-specs,specs/mitaka/rabbitmq-pika-driver.rst,61,"Other(""It does not have special adapter for eventlet. But"")",It does not have special adapter for eventlet. But It is possible to use,https://opendev.org/openstack/oslo-specs/src/branch/master/specs/mitaka/rabbitmq-pika-driver.rst
oslo-specs,openstack/oslo-specs,specs/mitaka/rabbitmq-pika-driver.rst,62,"Other(""'BlockingConnection' adapter and eventlet monkey p"")",'BlockingConnection' adapter and eventlet monkey patching. It works pretty,https://opendev.org/openstack/oslo-specs/src/branch/master/specs/mitaka/rabbitmq-pika-driver.rst
oslo-specs,openstack/oslo-specs,specs/mitaka/rabbitmq-pika-driver.rst,64,"Other(""not patched by current eventlet implementation. So"")",not patched by current eventlet implementation. So I added code which removes,https://opendev.org/openstack/oslo-specs/src/branch/master/specs/mitaka/rabbitmq-pika-driver.rst
oslo-specs,openstack/oslo-specs,specs/mitaka/rabbitmq-pika-driver.rst,65,"Other(""'pull' and 'epull' attributes from 'select' module"")",'pull' and 'epull' attributes from 'select' module if eventlet is patched.,https://opendev.org/openstack/oslo-specs/src/branch/master/specs/mitaka/rabbitmq-pika-driver.rst
oslo-specs,openstack/oslo-specs,specs/mitaka/rabbitmq-pika-driver.rst,66,"Other(""In this case Pika uses standard select api which i"")",In this case Pika uses standard select api which is patched by eventlet,https://opendev.org/openstack/oslo-specs/src/branch/master/specs/mitaka/rabbitmq-pika-driver.rst
oslo-specs,openstack/oslo-specs,specs/newton/reconfigurable-oslo-logging.rst,127,"Other(""The 'logging' module was creating a Lock before ev"")",The 'logging' module was creating a Lock before eventlet could monkey-patch,https://opendev.org/openstack/oslo-specs/src/branch/master/specs/newton/reconfigurable-oslo-logging.rst
oslo-specs,openstack/oslo-specs,specs/newton/reconfigurable-oslo-logging.rst,135,"Other(""* Eventlet fix: https://github.com/eventlet/eventl"")",* Eventlet fix: https://github.com/eventlet/eventlet/pull/309,https://opendev.org/openstack/oslo-specs/src/branch/master/specs/newton/reconfigurable-oslo-logging.rst
oslo.cache,openstack/oslo.cache,oslo_cache/_bmemcache_pool.py,22,Import,import eventlet,https://opendev.org/openstack/oslo.cache/src/branch/master/oslo_cache/_bmemcache_pool.py
oslo.cache,openstack/oslo.cache,oslo_cache/_bmemcache_pool.py,24,"Other(""eventlet = None"")",eventlet = None,https://opendev.org/openstack/oslo.cache/src/branch/master/oslo_cache/_bmemcache_pool.py
oslo.cache,openstack/oslo.cache,oslo_cache/_bmemcache_pool.py,32,"Other(""eventlet.patcher"")",if eventlet and eventlet.patcher.is_monkey_patched('thread'):,https://opendev.org/openstack/oslo.cache/src/branch/master/oslo_cache/_bmemcache_pool.py
oslo.cache,openstack/oslo.cache,oslo_cache/_bmemcache_pool.py,53,"Other(""eventlet.patcher"")",if eventlet and eventlet.patcher.is_monkey_patched('thread'):,https://opendev.org/openstack/oslo.cache/src/branch/master/oslo_cache/_bmemcache_pool.py
oslo.cache,openstack/oslo.cache,oslo_cache/_memcache_pool.py,29,Import,import eventlet,https://opendev.org/openstack/oslo.cache/src/branch/master/oslo_cache/_memcache_pool.py
oslo.cache,openstack/oslo.cache,oslo_cache/_memcache_pool.py,31,"Other(""eventlet = None"")",eventlet = None,https://opendev.org/openstack/oslo.cache/src/branch/master/oslo_cache/_memcache_pool.py
oslo.cache,openstack/oslo.cache,oslo_cache/_memcache_pool.py,42,"Other(""eventlet.patcher"")",if eventlet and eventlet.patcher.is_monkey_patched('thread'):,https://opendev.org/openstack/oslo.cache/src/branch/master/oslo_cache/_memcache_pool.py
oslo.cache,openstack/oslo.cache,oslo_cache/_memcache_pool.py,63,"Other(""eventlet.patcher"")",if eventlet and eventlet.patcher.is_monkey_patched('thread'):,https://opendev.org/openstack/oslo.cache/src/branch/master/oslo_cache/_memcache_pool.py
oslo.cache,openstack/oslo.cache,oslo_cache/_opts.py,76,"Other(""'Cache backend module. For eventlet-based or '"")",'Cache backend module. For eventlet-based or ',https://opendev.org/openstack/oslo.cache/src/branch/master/oslo_cache/_opts.py
oslo.cache,openstack/oslo.cache,releasenotes/notes/deprecate-memcache_pool-backend-98f1267e4e912004.yaml,5,"Other(""eventlet.html"")","OpenStack `is planned <https://governance.openstack.org/tc//goals/proposed/remove-eventlet.html>`_,",https://opendev.org/openstack/oslo.cache/src/branch/master/releasenotes/notes/deprecate-memcache_pool-backend-98f1267e4e912004.yaml
oslo.cache,openstack/oslo.cache,releasenotes/notes/deprecate-memcache_pool-backend-98f1267e4e912004.yaml,7,"Other(""in an environment using eventlet is now deprecated"")",in an environment using eventlet is now deprecated.,https://opendev.org/openstack/oslo.cache/src/branch/master/releasenotes/notes/deprecate-memcache_pool-backend-98f1267e4e912004.yaml
oslo.concurrency,openstack/oslo.concurrency,oslo_concurrency/lockutils.py,38,Import,import eventlet,https://opendev.org/openstack/oslo.concurrency/src/branch/master/oslo_concurrency/lockutils.py
oslo.concurrency,openstack/oslo.concurrency,oslo_concurrency/lockutils.py,39,Import,from eventlet import patcher as eventlet_patcher,https://opendev.org/openstack/oslo.concurrency/src/branch/master/oslo_concurrency/lockutils.py
oslo.concurrency,openstack/oslo.concurrency,oslo_concurrency/lockutils.py,41,"Other(""eventlet = None"")",eventlet = None,https://opendev.org/openstack/oslo.concurrency/src/branch/master/oslo_concurrency/lockutils.py
oslo.concurrency,openstack/oslo.concurrency,oslo_concurrency/lockutils.py,42,"Other(""eventlet_patcher = None"")",eventlet_patcher = None,https://opendev.org/openstack/oslo.concurrency/src/branch/master/oslo_concurrency/lockutils.py
oslo.concurrency,openstack/oslo.concurrency,oslo_concurrency/lockutils.py,100,"Other(""if eventlet is not None and eventlet_patcher is no"")",if eventlet is not None and eventlet_patcher is not None:,https://opendev.org/openstack/oslo.concurrency/src/branch/master/oslo_concurrency/lockutils.py
oslo.concurrency,openstack/oslo.concurrency,oslo_concurrency/lockutils.py,101,"Other(""if eventlet_patcher.is_monkey_patched('thread'):"")",if eventlet_patcher.is_monkey_patched('thread'):,https://opendev.org/openstack/oslo.concurrency/src/branch/master/oslo_concurrency/lockutils.py
oslo.concurrency,openstack/oslo.concurrency,oslo_concurrency/lockutils.py,104,"Other(""eventlet.getcurrent"")",self._current_thread = eventlet.getcurrent,https://opendev.org/openstack/oslo.concurrency/src/branch/master/oslo_concurrency/lockutils.py
oslo.concurrency,openstack/oslo.concurrency,oslo_concurrency/lockutils.py,261,MonkeyPatch,"eventlet.monkey_patch(), else `semaphore.Semaphore`) unless external is",https://opendev.org/openstack/oslo.concurrency/src/branch/master/oslo_concurrency/lockutils.py
oslo.concurrency,openstack/oslo.concurrency,pyproject.toml,36,"Other(""eventlet = ["")",eventlet = [,https://opendev.org/openstack/oslo.concurrency/src/branch/master/pyproject.toml
oslo.concurrency,openstack/oslo.concurrency,pyproject.toml,37,"Other(""\""eventlet>=0.35.2\"", # MIT"")","""eventlet>=0.35.2"", # MIT",https://opendev.org/openstack/oslo.concurrency/src/branch/master/pyproject.toml
oslo.concurrency,openstack/oslo.concurrency,releasenotes/notes/deprecate-eventlet-within-lockutils-cba49086d7a65042.yaml,5,"Other(""eventlet.html"")","OpenStack `is planned <https://governance.openstack.org/tc//goals/proposed/remove-eventlet.html>`_,",https://opendev.org/openstack/oslo.concurrency/src/branch/master/releasenotes/notes/deprecate-eventlet-within-lockutils-cba49086d7a65042.yaml
oslo.concurrency,openstack/oslo.concurrency,test-requirements.txt,5,"Other(""eventlet>=0.35.2 # MIT"")",eventlet>=0.35.2 # MIT,https://opendev.org/openstack/oslo.concurrency/src/branch/master/test-requirements.txt
oslo.config,openstack/oslo.config,doc/source/cli/generator.rst,277,"Other(""replacement_group: eventlet_server"")",replacement_group: eventlet_server,https://opendev.org/openstack/oslo.config/src/branch/master/doc/source/cli/generator.rst
oslo.db,openstack/oslo.db,oslo_db/sqlalchemy/engines.py,46,MonkeyPatch,"If we use eventlet.monkey_patch(), eventlet.greenthread.sleep(0) will",https://opendev.org/openstack/oslo.db/src/branch/master/oslo_db/sqlalchemy/engines.py
oslo.db,openstack/oslo.db,oslo_db/sqlalchemy/engines.py,50,"Other(""implemented by C libraries that eventlet cannot mo"")",implemented by C libraries that eventlet cannot monkey patch.,https://opendev.org/openstack/oslo.db/src/branch/master/oslo_db/sqlalchemy/engines.py
oslo.db,openstack/oslo.db,releasenotes/notes/warn-incomplete-url-c44cd03baf630c7c.yaml,7,"Other(""concurrency library eventlet."")",concurrency library eventlet.,https://opendev.org/openstack/oslo.db/src/branch/master/releasenotes/notes/warn-incomplete-url-c44cd03baf630c7c.yaml
oslo.db,openstack/oslo.db,releasenotes/notes/warn-incomplete-url-c44cd03baf630c7c.yaml,12,"Other(""with the concurrency library eventlet. To use PyMy"")","with the concurrency library eventlet. To use PyMySQL, ensure the",https://opendev.org/openstack/oslo.db/src/branch/master/releasenotes/notes/warn-incomplete-url-c44cd03baf630c7c.yaml
oslo.db,openstack/oslo.db,releasenotes/source/locale/en_GB/LC_MESSAGES/releasenotes.po,213,"Other(""\""the best compatibility with the concurrency libra"")","""the best compatibility with the concurrency library eventlet. To use """,https://opendev.org/openstack/oslo.db/src/branch/master/releasenotes/source/locale/en_GB/LC_MESSAGES/releasenotes.po
oslo.db,openstack/oslo.db,releasenotes/source/locale/en_GB/LC_MESSAGES/releasenotes.po,219,"Other(""\""the best compatibility with the concurrency libra"")","""the best compatibility with the concurrency library eventlet. To use """,https://opendev.org/openstack/oslo.db/src/branch/master/releasenotes/source/locale/en_GB/LC_MESSAGES/releasenotes.po
oslo.db,openstack/oslo.db,releasenotes/source/locale/en_GB/LC_MESSAGES/releasenotes.po,651,"Other(""\""as MySQL, the default is incompatible with the co"")","""as MySQL, the default is incompatible with the concurrency library eventlet.""",https://opendev.org/openstack/oslo.db/src/branch/master/releasenotes/source/locale/en_GB/LC_MESSAGES/releasenotes.po
oslo.db,openstack/oslo.db,releasenotes/source/locale/en_GB/LC_MESSAGES/releasenotes.po,655,"Other(""\""as MySQL, the default is incompatible with the co"")","""as MySQL, the default is incompatible with the concurrency library eventlet.""",https://opendev.org/openstack/oslo.db/src/branch/master/releasenotes/source/locale/en_GB/LC_MESSAGES/releasenotes.po
oslo.log,openstack/oslo.log,.zuul.yaml,44,"Other(""name: oslo.log-tox-py312-eventlet-patched"")",name: oslo.log-tox-py312-eventlet-patched,https://opendev.org/openstack/oslo.log/src/branch/master/.zuul.yaml
oslo.log,openstack/oslo.log,.zuul.yaml,52,"Other(""name: oslo.log-tox-py312-eventlet-patched-asyncio"")",name: oslo.log-tox-py312-eventlet-patched-asyncio,https://opendev.org/openstack/oslo.log/src/branch/master/.zuul.yaml
oslo.log,openstack/oslo.log,.zuul.yaml,64,"Other(""- oslo.log-tox-py312-eventlet-patched"")",- oslo.log-tox-py312-eventlet-patched,https://opendev.org/openstack/oslo.log/src/branch/master/.zuul.yaml
oslo.log,openstack/oslo.log,.zuul.yaml,65,"Other(""- oslo.log-tox-py312-eventlet-patched-asyncio"")",- oslo.log-tox-py312-eventlet-patched-asyncio,https://opendev.org/openstack/oslo.log/src/branch/master/.zuul.yaml
oslo.log,openstack/oslo.log,.zuul.yaml,69,"Other(""- oslo.log-tox-py312-eventlet-patched"")",- oslo.log-tox-py312-eventlet-patched,https://opendev.org/openstack/oslo.log/src/branch/master/.zuul.yaml
oslo.log,openstack/oslo.log,.zuul.yaml,70,"Other(""- oslo.log-tox-py312-eventlet-patched-asyncio"")",- oslo.log-tox-py312-eventlet-patched-asyncio,https://opendev.org/openstack/oslo.log/src/branch/master/.zuul.yaml
oslo.log,openstack/oslo.log,doc/source/admin/example_nova.rst,64,Wsgi,"Similarly, ``boto``, ``suds``, and ``eventlet.wsgi.server`` are",https://opendev.org/openstack/oslo.log/src/branch/master/doc/source/admin/example_nova.rst
oslo.log,openstack/oslo.log,doc/source/admin/nova_sample.conf,50,"Other(""[logger_eventletwsgi]"")",[logger_eventletwsgi],https://opendev.org/openstack/oslo.log/src/branch/master/doc/source/admin/nova_sample.conf
oslo.log,openstack/oslo.log,doc/source/admin/nova_sample.conf,53,Wsgi,qualname = eventlet.wsgi.server,https://opendev.org/openstack/oslo.log/src/branch/master/doc/source/admin/nova_sample.conf
oslo.log,openstack/oslo.log,oslo_log/log.py,43,Import,from oslo_utils import eventletutils,https://opendev.org/openstack/oslo.log/src/branch/master/oslo_log/log.py
oslo.log,openstack/oslo.log,oslo_log/log.py,271,"Other(""def _fix_eventlet_logging():"")",def _fix_eventlet_logging():,https://opendev.org/openstack/oslo.log/src/branch/master/oslo_log/log.py
oslo.log,openstack/oslo.log,oslo_log/log.py,272,"Other(""\""\""\""Properly setup logging with eventlet on native "")","""""""Properly setup logging with eventlet on native threads.",https://opendev.org/openstack/oslo.log/src/branch/master/oslo_log/log.py
oslo.log,openstack/oslo.log,oslo_log/log.py,274,"Other(""Workaround for: https://github.com/eventlet/eventl"")",Workaround for: https://github.com/eventlet/eventlet/issues/432,https://opendev.org/openstack/oslo.log/src/branch/master/oslo_log/log.py
oslo.log,openstack/oslo.log,oslo_log/log.py,279,"Other(""if eventletutils.is_monkey_patched('thread'):"")",if eventletutils.is_monkey_patched('thread'):,https://opendev.org/openstack/oslo.log/src/branch/master/oslo_log/log.py
oslo.log,openstack/oslo.log,oslo_log/log.py,285,Import,import eventlet.green.threading,https://opendev.org/openstack/oslo.log/src/branch/master/oslo_log/log.py
oslo.log,openstack/oslo.log,oslo_log/log.py,287,"Other(""eventlet.green"")",logging.threading = eventlet.green.threading,https://opendev.org/openstack/oslo.log/src/branch/master/oslo_log/log.py
oslo.log,openstack/oslo.log,oslo_log/log.py,293,"Other(""def setup(conf, product_name, version='unknown', *"")","def setup(conf, product_name, version='unknown', *, fix_eventlet=True):",https://opendev.org/openstack/oslo.log/src/branch/master/oslo_log/log.py
oslo.log,openstack/oslo.log,oslo_log/log.py,295,"Other(""if fix_eventlet:"")",if fix_eventlet:,https://opendev.org/openstack/oslo.log/src/branch/master/oslo_log/log.py
oslo.log,openstack/oslo.log,oslo_log/log.py,296,"Other(""_fix_eventlet_logging()"")",_fix_eventlet_logging(),https://opendev.org/openstack/oslo.log/src/branch/master/oslo_log/log.py
oslo.log,openstack/oslo.log,oslo_log/pipe_mutex.py,22,Import,import eventlet,https://opendev.org/openstack/oslo.log/src/branch/master/oslo_log/pipe_mutex.py
oslo.log,openstack/oslo.log,oslo_log/pipe_mutex.py,23,Import,import eventlet.asyncio,https://opendev.org/openstack/oslo.log/src/branch/master/oslo_log/pipe_mutex.py
oslo.log,openstack/oslo.log,oslo_log/pipe_mutex.py,24,Import,import eventlet.debug,https://opendev.org/openstack/oslo.log/src/branch/master/oslo_log/pipe_mutex.py
oslo.log,openstack/oslo.log,oslo_log/pipe_mutex.py,25,Import,import eventlet.greenthread,https://opendev.org/openstack/oslo.log/src/branch/master/oslo_log/pipe_mutex.py
oslo.log,openstack/oslo.log,oslo_log/pipe_mutex.py,26,Import,import eventlet.hubs,https://opendev.org/openstack/oslo.log/src/branch/master/oslo_log/pipe_mutex.py
oslo.log,openstack/oslo.log,oslo_log/pipe_mutex.py,27,Import,import eventlet.hubs.asyncio,https://opendev.org/openstack/oslo.log/src/branch/master/oslo_log/pipe_mutex.py
oslo.log,openstack/oslo.log,oslo_log/pipe_mutex.py,28,Import,import eventlet.patcher,https://opendev.org/openstack/oslo.log/src/branch/master/oslo_log/pipe_mutex.py
oslo.log,openstack/oslo.log,oslo_log/pipe_mutex.py,31,"Other(""eventlet.patcher"")","os = eventlet.patcher.original(""os"")",https://opendev.org/openstack/oslo.log/src/branch/master/oslo_log/pipe_mutex.py
oslo.log,openstack/oslo.log,oslo_log/pipe_mutex.py,33,"Other(""eventlet.patcher"")","SimpleQueue = eventlet.patcher.original(""queue"").SimpleQueue",https://opendev.org/openstack/oslo.log/src/branch/master/oslo_log/pipe_mutex.py
oslo.log,openstack/oslo.log,oslo_log/pipe_mutex.py,35,"Other(""eventlet.patcher"")","threading = eventlet.patcher.original(""threading"")",https://opendev.org/openstack/oslo.log/src/branch/master/oslo_log/pipe_mutex.py
oslo.log,openstack/oslo.log,oslo_log/pipe_mutex.py,55,"Other(""eventlet.greenthread"")",current_greenthread_id = id(eventlet.greenthread.getcurrent()),https://opendev.org/openstack/oslo.log/src/branch/master/oslo_log/pipe_mutex.py
oslo.log,openstack/oslo.log,oslo_log/pipe_mutex.py,60,"Other(""return self._acquire_eventlet(blocking, current_gr"")","return self._acquire_eventlet(blocking, current_greenthread_id)",https://opendev.org/openstack/oslo.log/src/branch/master/oslo_log/pipe_mutex.py
oslo.log,openstack/oslo.log,oslo_log/pipe_mutex.py,64,"Other(""eventlet.greenthread"")",current_greenthread_id = id(eventlet.greenthread.getcurrent()),https://opendev.org/openstack/oslo.log/src/branch/master/oslo_log/pipe_mutex.py
oslo.log,openstack/oslo.log,oslo_log/pipe_mutex.py,73,"Other(""self._release_eventlet()"")",self._release_eventlet(),https://opendev.org/openstack/oslo.log/src/branch/master/oslo_log/pipe_mutex.py
oslo.log,openstack/oslo.log,oslo_log/pipe_mutex.py,91,"Other(""Related eventlet bug: https://github.com/eventlet/"")",Related eventlet bug: https://github.com/eventlet/eventlet/issues/432,https://opendev.org/openstack/oslo.log/src/branch/master/oslo_log/pipe_mutex.py
oslo.log,openstack/oslo.log,oslo_log/pipe_mutex.py,118,"Other(""eventlet.debug"")",eventlet.debug.hub_prevent_multiple_readers(False),https://opendev.org/openstack/oslo.log/src/branch/master/oslo_log/pipe_mutex.py
oslo.log,openstack/oslo.log,oslo_log/pipe_mutex.py,120,"Other(""def _acquire_eventlet(self, blocking, current_gree"")","def _acquire_eventlet(self, blocking, current_greenthread_id):",https://opendev.org/openstack/oslo.log/src/branch/master/oslo_log/pipe_mutex.py
oslo.log,openstack/oslo.log,oslo_log/pipe_mutex.py,139,"Other(""eventlet.hubs"")","eventlet.hubs.trampoline(self.rfd, read=True)",https://opendev.org/openstack/oslo.log/src/branch/master/oslo_log/pipe_mutex.py
oslo.log,openstack/oslo.log,oslo_log/pipe_mutex.py,141,"Other(""def _release_eventlet(self):"")",def _release_eventlet(self):,https://opendev.org/openstack/oslo.log/src/branch/master/oslo_log/pipe_mutex.py
oslo.log,openstack/oslo.log,oslo_log/pipe_mutex.py,181,"Other(""\""\""\""Alternative implementation of mutex for eventle"")","""""""Alternative implementation of mutex for eventlet asyncio hub.",https://opendev.org/openstack/oslo.log/src/branch/master/oslo_log/pipe_mutex.py
oslo.log,openstack/oslo.log,oslo_log/pipe_mutex.py,183,"Other(""When using the eventlet asyncio hub, multiple file"")","When using the eventlet asyncio hub, multiple file descriptors as readers",https://opendev.org/openstack/oslo.log/src/branch/master/oslo_log/pipe_mutex.py
oslo.log,openstack/oslo.log,oslo_log/pipe_mutex.py,211,"Other(""def _acquire_eventlet(self, blocking, current_gree"")","def _acquire_eventlet(self, blocking, current_greenthread_id):",https://opendev.org/openstack/oslo.log/src/branch/master/oslo_log/pipe_mutex.py
oslo.log,openstack/oslo.log,oslo_log/pipe_mutex.py,212,"Other(""eventlet.asyncio"")",return eventlet.asyncio.spawn_for_awaitable(,https://opendev.org/openstack/oslo.log/src/branch/master/oslo_log/pipe_mutex.py
oslo.log,openstack/oslo.log,oslo_log/pipe_mutex.py,229,Sleep,eventlet.sleep(0.0001),https://opendev.org/openstack/oslo.log/src/branch/master/oslo_log/pipe_mutex.py
oslo.log,openstack/oslo.log,oslo_log/pipe_mutex.py,236,"Other(""def _release_eventlet(self):"")",def _release_eventlet(self):,https://opendev.org/openstack/oslo.log/src/branch/master/oslo_log/pipe_mutex.py
oslo.log,openstack/oslo.log,oslo_log/pipe_mutex.py,253,"Other(""eventlet.hubs"")",_HUB = eventlet.hubs.get_hub(),https://opendev.org/openstack/oslo.log/src/branch/master/oslo_log/pipe_mutex.py
oslo.log,openstack/oslo.log,oslo_log/pipe_mutex.py,254,"Other(""eventlet.hubs"")","if isinstance(_HUB, eventlet.hubs.asyncio.Hub):",https://opendev.org/openstack/oslo.log/src/branch/master/oslo_log/pipe_mutex.py
oslo.log,openstack/oslo.log,oslo_log/pipe_mutex.py,257,"Other(""importlib.metadata.version(\""eventlet\"").split(\"".\"")["")","importlib.metadata.version(""eventlet"").split(""."")[:3]",https://opendev.org/openstack/oslo.log/src/branch/master/oslo_log/pipe_mutex.py
oslo.log,openstack/oslo.log,oslo_log/pipe_mutex.py,261,"Other(""\""eventlet 0.38.2 or later is required when using a"")","""eventlet 0.38.2 or later is required when using asyncio hub""",https://opendev.org/openstack/oslo.log/src/branch/master/oslo_log/pipe_mutex.py
oslo.log,openstack/oslo.log,releasenotes/notes/deprecate-eventlet-monkey_patch-f6b37295e367d6c0.yaml,5,"Other(""eventlet.html"")","OpenStack `is planned <https://governance.openstack.org/tc//goals/proposed/remove-eventlet.html>`_,",https://opendev.org/openstack/oslo.log/src/branch/master/releasenotes/notes/deprecate-eventlet-monkey_patch-f6b37295e367d6c0.yaml
oslo.log,openstack/oslo.log,releasenotes/notes/native-threads-logging-cc84f7288c4835a0.yaml,6,"Other(""eventlet native threads."")",eventlet native threads.,https://opendev.org/openstack/oslo.log/src/branch/master/releasenotes/notes/native-threads-logging-cc84f7288c4835a0.yaml
oslo.log,openstack/oslo.log,releasenotes/source/locale/en_GB/LC_MESSAGES/releasenotes.po,276,"Other(""\""log/+bug/1983863>`_: Fixed logging in eventlet na"")","""log/+bug/1983863>`_: Fixed logging in eventlet native threads. This fix """,https://opendev.org/openstack/oslo.log/src/branch/master/releasenotes/source/locale/en_GB/LC_MESSAGES/releasenotes.po
oslo.log,openstack/oslo.log,releasenotes/source/locale/en_GB/LC_MESSAGES/releasenotes.po,281,"Other(""\""oslo.log/+bug/1983863>`_: Fixed logging in eventl"")","""oslo.log/+bug/1983863>`_: Fixed logging in eventlet native threads. This fix """,https://opendev.org/openstack/oslo.log/src/branch/master/releasenotes/source/locale/en_GB/LC_MESSAGES/releasenotes.po
oslo.log,openstack/oslo.log,releasenotes/source/locale/en_GB/LC_MESSAGES/releasenotes.po,320,"Other(""\""logging in eventlet native threads.\"""")","""logging in eventlet native threads.""",https://opendev.org/openstack/oslo.log/src/branch/master/releasenotes/source/locale/en_GB/LC_MESSAGES/releasenotes.po
oslo.log,openstack/oslo.log,releasenotes/source/locale/en_GB/LC_MESSAGES/releasenotes.po,323,"Other(""\""logging in eventlet native threads.\"""")","""logging in eventlet native threads.""",https://opendev.org/openstack/oslo.log/src/branch/master/releasenotes/source/locale/en_GB/LC_MESSAGES/releasenotes.po
oslo.log,openstack/oslo.log,test-requirements.txt,9,"Other(""eventlet>=0.38.2 # MIT"")",eventlet>=0.38.2 # MIT,https://opendev.org/openstack/oslo.log/src/branch/master/test-requirements.txt
oslo.log,openstack/oslo.log,tox.ini,18,Import,"python -c ""import eventlet.hubs; print('Hub used:', eventlet.hubs.get_hub())""",https://opendev.org/openstack/oslo.log/src/branch/master/tox.ini
oslo.messaging,openstack/oslo.messaging,oslo_messaging/_drivers/amqpdriver.py,24,Import,from oslo_utils import eventletutils,https://opendev.org/openstack/oslo.messaging/src/branch/master/oslo_messaging/_drivers/amqpdriver.py
oslo.messaging,openstack/oslo.messaging,oslo_messaging/_drivers/amqpdriver.py,130,"Other(""self._shutdown = eventletutils.Event()"")",self._shutdown = eventletutils.Event(),https://opendev.org/openstack/oslo.messaging/src/branch/master/oslo_messaging/_drivers/amqpdriver.py
oslo.messaging,openstack/oslo.messaging,oslo_messaging/_drivers/amqpdriver.py,380,"Other(""self._shutdown = eventletutils.Event()"")",self._shutdown = eventletutils.Event(),https://opendev.org/openstack/oslo.messaging/src/branch/master/oslo_messaging/_drivers/amqpdriver.py
oslo.messaging,openstack/oslo.messaging,oslo_messaging/_drivers/amqpdriver.py,381,"Other(""self._shutoff = eventletutils.Event()"")",self._shutoff = eventletutils.Event(),https://opendev.org/openstack/oslo.messaging/src/branch/master/oslo_messaging/_drivers/amqpdriver.py
oslo.messaging,openstack/oslo.messaging,oslo_messaging/_drivers/amqpdriver.py,566,"Other(""self._thread_exit_event = eventletutils.Event()"")",self._thread_exit_event = eventletutils.Event(),https://opendev.org/openstack/oslo.messaging/src/branch/master/oslo_messaging/_drivers/amqpdriver.py
oslo.messaging,openstack/oslo.messaging,oslo_messaging/_drivers/impl_fake.py,22,Import,from oslo_utils import eventletutils,https://opendev.org/openstack/oslo.messaging/src/branch/master/oslo_messaging/_drivers/impl_fake.py
oslo.messaging,openstack/oslo.messaging,oslo_messaging/_drivers/impl_fake.py,53,"Other(""self._stopped = eventletutils.Event()"")",self._stopped = eventletutils.Event(),https://opendev.org/openstack/oslo.messaging/src/branch/master/oslo_messaging/_drivers/impl_fake.py
oslo.messaging,openstack/oslo.messaging,oslo_messaging/_drivers/impl_kafka.py,21,Import,from oslo_utils import eventletutils,https://opendev.org/openstack/oslo.messaging/src/branch/master/oslo_messaging/_drivers/impl_kafka.py
oslo.messaging,openstack/oslo.messaging,oslo_messaging/_drivers/impl_kafka.py,29,"Other(""if eventletutils.EVENTLET_AVAILABLE:"")",if eventletutils.EVENTLET_AVAILABLE:,https://opendev.org/openstack/oslo.messaging/src/branch/master/oslo_messaging/_drivers/impl_kafka.py
oslo.messaging,openstack/oslo.messaging,oslo_messaging/_drivers/impl_kafka.py,30,"Other(""eventlet.tpool"")",tpool = importutils.try_import('eventlet.tpool'),https://opendev.org/openstack/oslo.messaging/src/branch/master/oslo_messaging/_drivers/impl_kafka.py
oslo.messaging,openstack/oslo.messaging,oslo_messaging/_drivers/impl_kafka.py,219,"Other(""if eventletutils.is_monkey_patched('thread'):"")",if eventletutils.is_monkey_patched('thread'):,https://opendev.org/openstack/oslo.messaging/src/branch/master/oslo_messaging/_drivers/impl_kafka.py
oslo.messaging,openstack/oslo.messaging,oslo_messaging/_drivers/impl_kafka.py,302,"Other(""if eventletutils.is_monkey_patched('thread'):"")",if eventletutils.is_monkey_patched('thread'):,https://opendev.org/openstack/oslo.messaging/src/branch/master/oslo_messaging/_drivers/impl_kafka.py
oslo.messaging,openstack/oslo.messaging,oslo_messaging/_drivers/impl_kafka.py,375,"Other(""self._stopped = eventletutils.Event()"")",self._stopped = eventletutils.Event(),https://opendev.org/openstack/oslo.messaging/src/branch/master/oslo_messaging/_drivers/impl_kafka.py
oslo.messaging,openstack/oslo.messaging,oslo_messaging/_drivers/impl_rabbit.py,38,Import,from oslo_utils import eventletutils,https://opendev.org/openstack/oslo.messaging/src/branch/master/oslo_messaging/_drivers/impl_rabbit.py
oslo.messaging,openstack/oslo.messaging,oslo_messaging/_drivers/impl_rabbit.py,102,"Other(""'using eventlet for core service framework.',"")","'using eventlet for core service framework.',",https://opendev.org/openstack/oslo.messaging/src/branch/master/oslo_messaging/_drivers/impl_rabbit.py
oslo.messaging,openstack/oslo.messaging,oslo_messaging/_drivers/impl_rabbit.py,110,"Other(""\""stdlib by using eventlet/greenlet then the heartb"")","""stdlib by using eventlet/greenlet then the heartbeat """,https://opendev.org/openstack/oslo.messaging/src/branch/master/oslo_messaging/_drivers/impl_rabbit.py
oslo.messaging,openstack/oslo.messaging,oslo_messaging/_drivers/impl_rabbit.py,685,"Other(""self._get_thread_id = eventletutils.fetch_current_"")",self._get_thread_id = eventletutils.fetch_current_thread_functor(),https://opendev.org/openstack/oslo.messaging/src/branch/master/oslo_messaging/_drivers/impl_rabbit.py
oslo.messaging,openstack/oslo.messaging,oslo_messaging/_drivers/pool.py,30,Pool,"Modelled after the eventlet.pools.Pool interface, but designed to be safe",https://opendev.org/openstack/oslo.messaging/src/branch/master/oslo_messaging/_drivers/pool.py
oslo.messaging,openstack/oslo.messaging,oslo_messaging/_utils.py,19,Import,from oslo_utils import eventletutils,https://opendev.org/openstack/oslo.messaging/src/branch/master/oslo_messaging/_utils.py
oslo.messaging,openstack/oslo.messaging,oslo_messaging/_utils.py,24,"Other(""eventlet = importutils.try_import('eventlet')"")",eventlet = importutils.try_import('eventlet'),https://opendev.org/openstack/oslo.messaging/src/branch/master/oslo_messaging/_utils.py
oslo.messaging,openstack/oslo.messaging,oslo_messaging/_utils.py,25,"Other(""if eventlet and eventletutils.is_monkey_patched(\""t"")","if eventlet and eventletutils.is_monkey_patched(""thread""):",https://opendev.org/openstack/oslo.messaging/src/branch/master/oslo_messaging/_utils.py
oslo.messaging,openstack/oslo.messaging,oslo_messaging/_utils.py,28,"Other(""eventlet.patcher"")",stdlib_threading = eventlet.patcher.original('threading'),https://opendev.org/openstack/oslo.messaging/src/branch/master/oslo_messaging/_utils.py
oslo.messaging,openstack/oslo.messaging,oslo_messaging/_utils.py,29,"Other(""eventlet.patcher"")",stdlib_queue = eventlet.patcher.original('queue'),https://opendev.org/openstack/oslo.messaging/src/branch/master/oslo_messaging/_utils.py
oslo.messaging,openstack/oslo.messaging,oslo_messaging/_utils.py,87,"Other(""if eventletutils.is_monkey_patched('thread'):"")",if eventletutils.is_monkey_patched('thread'):,https://opendev.org/openstack/oslo.messaging/src/branch/master/oslo_messaging/_utils.py
oslo.messaging,openstack/oslo.messaging,oslo_messaging/_utils.py,88,"Other(""LOG.debug(\""Threading is patched, using an eventlet"")","LOG.debug(""Threading is patched, using an eventlet executor"")",https://opendev.org/openstack/oslo.messaging/src/branch/master/oslo_messaging/_utils.py
oslo.messaging,openstack/oslo.messaging,oslo_messaging/_utils.py,89,"Other(""return 'eventlet'"")",return 'eventlet',https://opendev.org/openstack/oslo.messaging/src/branch/master/oslo_messaging/_utils.py
oslo.messaging,openstack/oslo.messaging,oslo_messaging/notify/listener.py,76,"Other(""*Note:* If the \""eventlet\"" executor is used, the th"")","*Note:* If the ""eventlet"" executor is used, the threading and time library need",https://opendev.org/openstack/oslo.messaging/src/branch/master/oslo_messaging/notify/listener.py
oslo.messaging,openstack/oslo.messaging,oslo_messaging/notify/listener.py,227,"Other(""If the eventlet executor is used, the threading an"")","If the eventlet executor is used, the threading and time library need to be",https://opendev.org/openstack/oslo.messaging/src/branch/master/oslo_messaging/notify/listener.py
oslo.messaging,openstack/oslo.messaging,oslo_messaging/notify/listener.py,237,"Other(""'eventlet' and 'threading'"")",'eventlet' and 'threading',https://opendev.org/openstack/oslo.messaging/src/branch/master/oslo_messaging/notify/listener.py
oslo.messaging,openstack/oslo.messaging,oslo_messaging/notify/listener.py,262,"Other(""If the eventlet executor is used, the threading an"")","If the eventlet executor is used, the threading and time library need to be",https://opendev.org/openstack/oslo.messaging/src/branch/master/oslo_messaging/notify/listener.py
oslo.messaging,openstack/oslo.messaging,oslo_messaging/notify/listener.py,272,"Other(""'eventlet' and 'threading'"")",'eventlet' and 'threading',https://opendev.org/openstack/oslo.messaging/src/branch/master/oslo_messaging/notify/listener.py
oslo.messaging,openstack/oslo.messaging,oslo_messaging/rpc/dispatcher.py,26,Import,from oslo_utils import eventletutils,https://opendev.org/openstack/oslo.messaging/src/branch/master/oslo_messaging/rpc/dispatcher.py
oslo.messaging,openstack/oslo.messaging,oslo_messaging/rpc/dispatcher.py,287,"Other(""completion_event = eventletutils.Event()"")",completion_event = eventletutils.Event(),https://opendev.org/openstack/oslo.messaging/src/branch/master/oslo_messaging/rpc/dispatcher.py
oslo.messaging,openstack/oslo.messaging,oslo_messaging/rpc/server.py,52,"Other(""*Note:* If the \""eventlet\"" executor is used, the th"")","*Note:* If the ""eventlet"" executor is used, the threading and time library need",https://opendev.org/openstack/oslo.messaging/src/branch/master/oslo_messaging/rpc/server.py
oslo.messaging,openstack/oslo.messaging,oslo_messaging/rpc/server.py,80,Import,import eventlet,https://opendev.org/openstack/oslo.messaging/src/branch/master/oslo_messaging/rpc/server.py
oslo.messaging,openstack/oslo.messaging,oslo_messaging/rpc/server.py,81,MonkeyPatch,eventlet.monkey_patch(),https://opendev.org/openstack/oslo.messaging/src/branch/master/oslo_messaging/rpc/server.py
oslo.messaging,openstack/oslo.messaging,oslo_messaging/rpc/server.py,111,Executor,executor='eventlet'),https://opendev.org/openstack/oslo.messaging/src/branch/master/oslo_messaging/rpc/server.py
oslo.messaging,openstack/oslo.messaging,oslo_messaging/rpc/server.py,224,"Other(""message=\""the eventlet executor is now deprecated. "")","message=""the eventlet executor is now deprecated. Threading """,https://opendev.org/openstack/oslo.messaging/src/branch/master/oslo_messaging/rpc/server.py
oslo.messaging,openstack/oslo.messaging,oslo_messaging/rpc/server.py,238,"Other(""available values are 'eventlet' and 'threading'."")",available values are 'eventlet' and 'threading'.,https://opendev.org/openstack/oslo.messaging/src/branch/master/oslo_messaging/rpc/server.py
oslo.messaging,openstack/oslo.messaging,oslo_messaging/server.py,29,Import,from oslo_utils import eventletutils,https://opendev.org/openstack/oslo.messaging/src/branch/master/oslo_messaging/server.py
oslo.messaging,openstack/oslo.messaging,oslo_messaging/server.py,56,"Other(""' executor is threading or eventlet.'),"")","' executor is threading or eventlet.'),",https://opendev.org/openstack/oslo.messaging/src/branch/master/oslo_messaging/server.py
oslo.messaging,openstack/oslo.messaging,oslo_messaging/server.py,311,"Other(""message=\""the eventlet executor is now deprecated. "")","message=""the eventlet executor is now deprecated. Threading """,https://opendev.org/openstack/oslo.messaging/src/branch/master/oslo_messaging/server.py
oslo.messaging,openstack/oslo.messaging,oslo_messaging/server.py,323,"Other(""asynchronism then you need to consider to use the "")",asynchronism then you need to consider to use the eventlet executor.,https://opendev.org/openstack/oslo.messaging/src/branch/master/oslo_messaging/server.py
oslo.messaging,openstack/oslo.messaging,oslo_messaging/server.py,331,"Other(""available values are 'eventlet' and 'threading'."")",available values are 'eventlet' and 'threading'.,https://opendev.org/openstack/oslo.messaging/src/branch/master/oslo_messaging/server.py
oslo.messaging,openstack/oslo.messaging,oslo_messaging/server.py,335,"Other(""if executor and executor not in (\""threading\"", \""eve"")","if executor and executor not in (""threading"", ""eventlet""):",https://opendev.org/openstack/oslo.messaging/src/branch/master/oslo_messaging/server.py
oslo.messaging,openstack/oslo.messaging,oslo_messaging/server.py,338,"Other(""\""Executor should be None or 'eventlet' and 'thread"")","""Executor should be None or 'eventlet' and 'threading'"")",https://opendev.org/openstack/oslo.messaging/src/branch/master/oslo_messaging/server.py
oslo.messaging,openstack/oslo.messaging,oslo_messaging/server.py,349,"Other(""if self.executor_type == \""eventlet\"":"")","if self.executor_type == ""eventlet"":",https://opendev.org/openstack/oslo.messaging/src/branch/master/oslo_messaging/server.py
oslo.messaging,openstack/oslo.messaging,oslo_messaging/server.py,350,"Other(""eventletutils.warn_eventlet_not_patched("")",eventletutils.warn_eventlet_not_patched(,https://opendev.org/openstack/oslo.messaging/src/branch/master/oslo_messaging/server.py
oslo.messaging,openstack/oslo.messaging,oslo_messaging/server.py,352,"Other(""what=\""the 'oslo.messaging eventlet executor'\"")"")","what=""the 'oslo.messaging eventlet executor'"")",https://opendev.org/openstack/oslo.messaging/src/branch/master/oslo_messaging/server.py
oslo.messaging,openstack/oslo.messaging,pyproject.toml,52,"Other(""eventlet = \""futurist:GreenThreadPoolExecutor\"""")","eventlet = ""futurist:GreenThreadPoolExecutor""",https://opendev.org/openstack/oslo.messaging/src/branch/master/pyproject.toml
oslo.messaging,openstack/oslo.messaging,releasenotes/notes/bug-2098714-d55094fa4fbb3178.yaml,4,"Other(""Fixes delayed metrics processing in services using"")","Fixes delayed metrics processing in services using eventlet, caused by",https://opendev.org/openstack/oslo.messaging/src/branch/master/releasenotes/notes/bug-2098714-d55094fa4fbb3178.yaml
oslo.messaging,openstack/oslo.messaging,releasenotes/notes/bug-2098714-d55094fa4fbb3178.yaml,5,"Other(""mixing a native thread with an eventlet-patched qu"")",mixing a native thread with an eventlet-patched queue.,https://opendev.org/openstack/oslo.messaging/src/branch/master/releasenotes/notes/bug-2098714-d55094fa4fbb3178.yaml
oslo.messaging,openstack/oslo.messaging,releasenotes/notes/deprecate-eventlet-executor-13835b9818fd77f2.yaml,5,"Other(""eventlet.html"")","OpenStack `is planned <https://governance.openstack.org/tc//goals/proposed/remove-eventlet.html>`_, for this reason the Eventlet executor is",https://opendev.org/openstack/oslo.messaging/src/branch/master/releasenotes/notes/deprecate-eventlet-executor-13835b9818fd77f2.yaml
oslo.messaging,openstack/oslo.messaging,releasenotes/notes/deprecate-the-option-heartbeat_in_pthread-from-rabbit-driver-5757adb83701caa5.yaml,8,"Other(""never worked with services using eventlet for core"")",never worked with services using eventlet for core service framework.,https://opendev.org/openstack/oslo.messaging/src/branch/master/releasenotes/notes/deprecate-the-option-heartbeat_in_pthread-from-rabbit-driver-5757adb83701caa5.yaml
oslo.messaging,openstack/oslo.messaging,test-requirements.txt,13,"Other(""eventlet>=0.23.0 # MIT"")",eventlet>=0.23.0 # MIT,https://opendev.org/openstack/oslo.messaging/src/branch/master/test-requirements.txt
oslo.messaging,openstack/oslo.messaging,tools/simulator.py,16,Import,import eventlet,https://opendev.org/openstack/oslo.messaging/src/branch/master/tools/simulator.py
oslo.messaging,openstack/oslo.messaging,tools/simulator.py,17,MonkeyPatch,eventlet.monkey_patch(),https://opendev.org/openstack/oslo.messaging/src/branch/master/tools/simulator.py
oslo.messaging,openstack/oslo.messaging,tools/simulator.py,270,Executor,"endpoints, executor='eventlet')",https://opendev.org/openstack/oslo.messaging/src/branch/master/tools/simulator.py
oslo.messaging,openstack/oslo.messaging,tools/simulator.py,302,Executor,"endpoints, executor='eventlet',",https://opendev.org/openstack/oslo.messaging/src/branch/master/tools/simulator.py
oslo.messaging,openstack/oslo.messaging,tools/simulator.py,535,Pool,p = eventlet.GreenPool(size=threads),https://opendev.org/openstack/oslo.messaging/src/branch/master/tools/simulator.py
oslo.messaging,openstack/oslo.messaging,tools/simulator.py,552,Pool,p = eventlet.GreenPool(size=threads),https://opendev.org/openstack/oslo.messaging/src/branch/master/tools/simulator.py
oslo.messaging,openstack/oslo.messaging,tools/simulator.py,574,Sleep,eventlet.sleep(),https://opendev.org/openstack/oslo.messaging/src/branch/master/tools/simulator.py
oslo.messaging,openstack/oslo.messaging,tools/simulator.py,581,Sleep,eventlet.sleep(),https://opendev.org/openstack/oslo.messaging/src/branch/master/tools/simulator.py
oslo.messaging,openstack/oslo.messaging,tools/simulator.py,740,"Other(""type=str, default='eventlet',"")","type=str, default='eventlet',",https://opendev.org/openstack/oslo.messaging/src/branch/master/tools/simulator.py
oslo.privsep,openstack/oslo.privsep,oslo_privsep/daemon.py,60,Import,import eventlet,https://opendev.org/openstack/oslo.privsep/src/branch/master/oslo_privsep/daemon.py
oslo.privsep,openstack/oslo.privsep,oslo_privsep/daemon.py,61,Import,from eventlet import patcher,https://opendev.org/openstack/oslo.privsep/src/branch/master/oslo_privsep/daemon.py
oslo.privsep,openstack/oslo.privsep,oslo_privsep/daemon.py,90,"Other(""eventlet.patcher"")",if eventlet.patcher.is_monkey_patched(module):,https://opendev.org/openstack/oslo.privsep/src/branch/master/oslo_privsep/daemon.py
oslo.privsep,openstack/oslo.privsep,oslo_privsep/daemon.py,254,"Other(""eventlet.patcher"")",if eventlet.patcher.is_monkey_patched('socket'):,https://opendev.org/openstack/oslo.privsep/src/branch/master/oslo_privsep/daemon.py
oslo.privsep,openstack/oslo.privsep,oslo_privsep/daemon.py,255,"Other(""eventlet.greenio"")","return eventlet.greenio.GreenPipe(fd, *args, **kwargs)",https://opendev.org/openstack/oslo.privsep/src/branch/master/oslo_privsep/daemon.py
oslo.privsep,openstack/oslo.privsep,oslo_privsep/daemon.py,288,"Other(""for eventlet_mod_name, func_modules in EVENTLET_LI"")","for eventlet_mod_name, func_modules in EVENTLET_LIBRARIES:",https://opendev.org/openstack/oslo.privsep/src/branch/master/oslo_privsep/daemon.py
oslo.privsep,openstack/oslo.privsep,oslo_privsep/daemon.py,289,"Other(""eventlet.patcher"")",if not eventlet.patcher.is_monkey_patched(eventlet_mod_name):,https://opendev.org/openstack/oslo.privsep/src/branch/master/oslo_privsep/daemon.py
oslo.privsep,openstack/oslo.privsep,oslo_privsep/daemon.py,294,"Other(""eventlet.patcher"")",orig_mod = eventlet.patcher.original(name),https://opendev.org/openstack/oslo.privsep/src/branch/master/oslo_privsep/daemon.py
oslo.privsep,openstack/oslo.privsep,oslo_privsep/daemon.py,570,"Other(""logging.setup(cfg.CONF, 'privsep', fix_eventlet=Fa"")","logging.setup(cfg.CONF, 'privsep', fix_eventlet=False)",https://opendev.org/openstack/oslo.privsep/src/branch/master/oslo_privsep/daemon.py
oslo.privsep,openstack/oslo.privsep,releasenotes/notes/deprecate-eventlet-monkey-patching-c37fea982471c01c.yaml,5,"Other(""eventlet.html"")","OpenStack `is planned <https://governance.openstack.org/tc//goals/proposed/remove-eventlet.html>`_,",https://opendev.org/openstack/oslo.privsep/src/branch/master/releasenotes/notes/deprecate-eventlet-monkey-patching-c37fea982471c01c.yaml
oslo.privsep,openstack/oslo.privsep,releasenotes/notes/un-monkey-patch-privileged-daemon-160e00296549df3d.yaml,4,"Other(""The ``oslo.privsep`` client can be called from a p"")",The ``oslo.privsep`` client can be called from a program using eventlet.,https://opendev.org/openstack/oslo.privsep/src/branch/master/releasenotes/notes/un-monkey-patch-privileged-daemon-160e00296549df3d.yaml
oslo.privsep,openstack/oslo.privsep,releasenotes/notes/un-monkey-patch-privileged-daemon-160e00296549df3d.yaml,5,"Other(""eventlet.monkey_patch"")","If ``eventlet.monkey_patch``, some libraries will be patched, for example",https://opendev.org/openstack/oslo.privsep/src/branch/master/releasenotes/notes/un-monkey-patch-privileged-daemon-160e00296549df3d.yaml
oslo.privsep,openstack/oslo.privsep,releasenotes/notes/un-monkey-patch-privileged-daemon-160e00296549df3d.yaml,9,"Other(""original values. The goal is to prevent some timeo"")",original values. The goal is to prevent some timeouts when using eventlet,https://opendev.org/openstack/oslo.privsep/src/branch/master/releasenotes/notes/un-monkey-patch-privileged-daemon-160e00296549df3d.yaml
oslo.privsep,openstack/oslo.privsep,releasenotes/source/locale/en_GB/LC_MESSAGES/releasenotes.po,120,"Other(""\""The ``oslo.privsep`` client can be called from a "")","""The ``oslo.privsep`` client can be called from a program using eventlet. If """,https://opendev.org/openstack/oslo.privsep/src/branch/master/releasenotes/source/locale/en_GB/LC_MESSAGES/releasenotes.po
oslo.privsep,openstack/oslo.privsep,releasenotes/source/locale/en_GB/LC_MESSAGES/releasenotes.po,121,"Other(""eventlet.monkey_patch"")","""``eventlet.monkey_patch``, some libraries will be patched, for example """,https://opendev.org/openstack/oslo.privsep/src/branch/master/releasenotes/source/locale/en_GB/LC_MESSAGES/releasenotes.po
oslo.privsep,openstack/oslo.privsep,releasenotes/source/locale/en_GB/LC_MESSAGES/releasenotes.po,125,"Other(""\""values. The goal is to prevent some timeouts when"")","""values. The goal is to prevent some timeouts when using eventlet threads """,https://opendev.org/openstack/oslo.privsep/src/branch/master/releasenotes/source/locale/en_GB/LC_MESSAGES/releasenotes.po
oslo.privsep,openstack/oslo.privsep,releasenotes/source/locale/en_GB/LC_MESSAGES/releasenotes.po,129,"Other(""\""The ``oslo.privsep`` client can be called from a "")","""The ``oslo.privsep`` client can be called from a program using eventlet. If """,https://opendev.org/openstack/oslo.privsep/src/branch/master/releasenotes/source/locale/en_GB/LC_MESSAGES/releasenotes.po
oslo.privsep,openstack/oslo.privsep,releasenotes/source/locale/en_GB/LC_MESSAGES/releasenotes.po,130,"Other(""eventlet.monkey_patch"")","""``eventlet.monkey_patch``, some libraries will be patched, for example """,https://opendev.org/openstack/oslo.privsep/src/branch/master/releasenotes/source/locale/en_GB/LC_MESSAGES/releasenotes.po
oslo.privsep,openstack/oslo.privsep,releasenotes/source/locale/en_GB/LC_MESSAGES/releasenotes.po,134,"Other(""\""values. The goal is to prevent some timeouts when"")","""values. The goal is to prevent some timeouts when using eventlet threads """,https://opendev.org/openstack/oslo.privsep/src/branch/master/releasenotes/source/locale/en_GB/LC_MESSAGES/releasenotes.po
oslo.privsep,openstack/oslo.privsep,requirements.txt,10,"Other(""eventlet>=0.21.0 # MIT"")",eventlet>=0.21.0 # MIT,https://opendev.org/openstack/oslo.privsep/src/branch/master/requirements.txt
oslo.reports,openstack/oslo.reports,doc/source/user/report.txt,18,"Other(""/usr/local/lib/python2.7/dist-packages/eventlet/hu"")",/usr/local/lib/python2.7/dist-packages/eventlet/hubs/hub.py:346 in run,https://opendev.org/openstack/oslo.reports/src/branch/master/doc/source/user/report.txt
oslo.reports,openstack/oslo.reports,doc/source/user/report.txt,21,"Other(""/usr/local/lib/python2.7/dist-packages/eventlet/hu"")",/usr/local/lib/python2.7/dist-packages/eventlet/hubs/poll.py:82 in wait,https://opendev.org/openstack/oslo.reports/src/branch/master/doc/source/user/report.txt
oslo.reports,openstack/oslo.reports,doc/source/user/report.txt,39,"Other(""eventlet.greenthread"")",`eventlet.greenthread.sleep(self.wait_interval)`,https://opendev.org/openstack/oslo.reports/src/branch/master/doc/source/user/report.txt
oslo.reports,openstack/oslo.reports,doc/source/user/report.txt,41,"Other(""/usr/local/lib/python2.7/dist-packages/eventlet/gr"")",/usr/local/lib/python2.7/dist-packages/eventlet/greenthread.py:34 in sleep,https://opendev.org/openstack/oslo.reports/src/branch/master/doc/source/user/report.txt
oslo.reports,openstack/oslo.reports,doc/source/user/report.txt,44,"Other(""/usr/local/lib/python2.7/dist-packages/eventlet/hu"")",/usr/local/lib/python2.7/dist-packages/eventlet/hubs/hub.py:294 in switch,https://opendev.org/openstack/oslo.reports/src/branch/master/doc/source/user/report.txt
oslo.rootwrap,openstack/oslo.rootwrap,oslo_rootwrap/__init__.py,21,Import,import eventlet.patcher,https://opendev.org/openstack/oslo.rootwrap/src/branch/master/oslo_rootwrap/__init__.py
oslo.rootwrap,openstack/oslo.rootwrap,oslo_rootwrap/__init__.py,26,"Other(""eventlet.patcher"")",_patched_socket = (eventlet.patcher.is_monkey_patched('socket') or,https://opendev.org/openstack/oslo.rootwrap/src/branch/master/oslo_rootwrap/__init__.py
oslo.rootwrap,openstack/oslo.rootwrap,oslo_rootwrap/__init__.py,34,Import,from eventlet.green import subprocess   # noqa,https://opendev.org/openstack/oslo.rootwrap/src/branch/master/oslo_rootwrap/__init__.py
oslo.rootwrap,openstack/oslo.rootwrap,releasenotes/notes/deprecate-eventlet-monkey-patching-462dc9f2929efab1.yaml,5,"Other(""eventlet.html"")","OpenStack `is planned <https://governance.openstack.org/tc//goals/proposed/remove-eventlet.html>`_,",https://opendev.org/openstack/oslo.rootwrap/src/branch/master/releasenotes/notes/deprecate-eventlet-monkey-patching-462dc9f2929efab1.yaml
oslo.rootwrap,openstack/oslo.rootwrap,test-requirements.txt,9,"Other(""eventlet>=0.18.2 # MIT"")",eventlet>=0.18.2 # MIT,https://opendev.org/openstack/oslo.rootwrap/src/branch/master/test-requirements.txt
oslo.rootwrap,openstack/oslo.rootwrap,tox.ini,14,"Other(""stestr run --slowest (?!tests.test_functional_even"")",stestr run --slowest (?!tests.test_functional_eventlet)tests {posargs},https://opendev.org/openstack/oslo.rootwrap/src/branch/master/tox.ini
oslo.rootwrap,openstack/oslo.rootwrap,tox.ini,15,"Other(""env TEST_EVENTLET=1 stestr run --slowest tests.tes"")",env TEST_EVENTLET=1 stestr run --slowest tests.test_functional_eventlet,https://opendev.org/openstack/oslo.rootwrap/src/branch/master/tox.ini
oslo.service,openstack/oslo.service,doc/source/reference/eventlet_backdoor.rst,2,"Other(""eventlet_backdoor"")",eventlet_backdoor,https://opendev.org/openstack/oslo.service/src/branch/master/doc/source/reference/eventlet_backdoor.rst
oslo.service,openstack/oslo.service,doc/source/reference/eventlet_backdoor.rst,5,"Other("".. automodule:: oslo_service.eventlet_backdoor"")",.. automodule:: oslo_service.eventlet_backdoor,https://opendev.org/openstack/oslo.service/src/branch/master/doc/source/reference/eventlet_backdoor.rst
oslo.service,openstack/oslo.service,doc/source/reference/index.rst,8,"Other(""eventlet_backdoor"")",eventlet_backdoor,https://opendev.org/openstack/oslo.service/src/branch/master/doc/source/reference/index.rst
oslo.service,openstack/oslo.service,doc/source/user/backend.rst,38,"Other(""eventlet.org"")",- `Eventlet removal guide <https://removal.eventlet.org/>`_,https://opendev.org/openstack/oslo.service/src/branch/master/doc/source/user/backend.rst
oslo.service,openstack/oslo.service,doc/source/user/backend.rst,397,"Other(""- Uses built-in eventlet processes"")",- Uses built-in eventlet processes,https://opendev.org/openstack/oslo.service/src/branch/master/doc/source/user/backend.rst
oslo.service,openstack/oslo.service,doc/source/user/backend.rst,400,"Other(""- Uses eventlet green thread pools"")",- Uses eventlet green thread pools,https://opendev.org/openstack/oslo.service/src/branch/master/doc/source/user/backend.rst
oslo.service,openstack/oslo.service,doc/source/user/backend.rst,403,"Other(""- Provided (with eventlet)"")",- Provided (with eventlet),https://opendev.org/openstack/oslo.service/src/branch/master/doc/source/user/backend.rst
oslo.service,openstack/oslo.service,doc/source/user/backend.rst,406,"Other(""- Provided (eventlet only)"")",- Provided (eventlet only),https://opendev.org/openstack/oslo.service/src/branch/master/doc/source/user/backend.rst
oslo.service,openstack/oslo.service,doc/source/user/backend.rst,413,"Other(""See `eventlet_backdoor.py`_"")",See `eventlet_backdoor.py`_,https://opendev.org/openstack/oslo.service/src/branch/master/doc/source/user/backend.rst
oslo.service,openstack/oslo.service,doc/source/user/backend.rst,434,"Other(""eventlet.org"")",- `Eventlet removal guide <https://removal.eventlet.org/>`_,https://opendev.org/openstack/oslo.service/src/branch/master/doc/source/user/backend.rst
oslo.service,openstack/oslo.service,doc/source/user/backend.rst,441,"Other("".. _Epoxy spec for Eventlet removal: https://specs"")",.. _Epoxy spec for Eventlet removal: https://specs.openstack.org/openstack/oslo-specs/specs/epoxy/remove-eventlet-from-oslo-service.html,https://opendev.org/openstack/oslo.service/src/branch/master/doc/source/user/backend.rst
oslo.service,openstack/oslo.service,doc/source/user/backend.rst,442,"Other(""eventlet.html"")",.. _OpenStack Eventlet removal goal: https://governance.openstack.org/tc/goals/selected/remove-eventlet.html,https://opendev.org/openstack/oslo.service/src/branch/master/doc/source/user/backend.rst
oslo.service,openstack/oslo.service,doc/source/user/backend.rst,443,"Other("".. _Epoxy spec for oslo.service: https://specs.ope"")",.. _Epoxy spec for oslo.service: https://specs.openstack.org/openstack/oslo-specs/specs/epoxy/remove-eventlet-from-oslo-service.html,https://opendev.org/openstack/oslo.service/src/branch/master/doc/source/user/backend.rst
oslo.service,openstack/oslo.service,doc/source/user/backend.rst,444,"Other(""eventlet.html"")",.. _Eventlet removal goal: https://governance.openstack.org/tc/goals/selected/remove-eventlet.html,https://opendev.org/openstack/oslo.service/src/branch/master/doc/source/user/backend.rst
oslo.service,openstack/oslo.service,doc/source/user/backend.rst,445,"Other("".. _eventlet_backdoor.py: https://opendev.org/open"")",.. _eventlet_backdoor.py: https://opendev.org/openstack/oslo.service/src/branch/master/oslo_service/eventlet_backdoor.py,https://opendev.org/openstack/oslo.service/src/branch/master/doc/source/user/backend.rst
oslo.service,openstack/oslo.service,doc/source/user/usage.rst,17,"Other(""* :func:`~oslo_service.eventlet_backdoor.initializ"")",* :func:`~oslo_service.eventlet_backdoor.initialize_if_enabled`,https://opendev.org/openstack/oslo.service/src/branch/master/doc/source/user/usage.rst
oslo.service,openstack/oslo.service,doc/source/user/usage.rst,53,"Other("":mod:`~oslo_service.eventlet_backdoor` modules for"")",:mod:`~oslo_service.eventlet_backdoor` modules for the ``[DEFAULT]``,https://opendev.org/openstack/oslo.service/src/branch/master/doc/source/user/usage.rst
oslo.service,openstack/oslo.service,doc/source/user/usage.rst,206,"Other(""calltrace) through the :mod:`~oslo_service.eventle"")",calltrace) through the :mod:`~oslo_service.eventlet_backdoor` module. The,https://opendev.org/openstack/oslo.service/src/branch/master/doc/source/user/usage.rst
oslo.service,openstack/oslo.service,oslo_service/_options.py,25,"Other(""eventlet_backdoor_opts = ["")",eventlet_backdoor_opts = [,https://opendev.org/openstack/oslo.service/src/branch/master/oslo_service/_options.py
oslo.service,openstack/oslo.service,oslo_service/_options.py,32,"Other(""help=\""Enable eventlet backdoor.  %s\"" % help_for_ba"")","help=""Enable eventlet backdoor.  %s"" % help_for_backdoor_port),",https://opendev.org/openstack/oslo.service/src/branch/master/oslo_service/_options.py
oslo.service,openstack/oslo.service,oslo_service/_options.py,39,"Other(""help=\""Enable eventlet backdoor, using the provided"")","help=""Enable eventlet backdoor, using the provided path""",https://opendev.org/openstack/oslo.service/src/branch/master/oslo_service/_options.py
oslo.service,openstack/oslo.service,oslo_service/backend/__init__.py,34,"Other(""EVENTLET = \""eventlet\"""")","EVENTLET = ""eventlet""",https://opendev.org/openstack/oslo.service/src/branch/master/oslo_service/backend/__init__.py
oslo.service,openstack/oslo.service,oslo_service/backend/_common/loopingcall.py,15,"Other(""\""\""\""Common looping call functionality for both even"")","""""""Common looping call functionality for both eventlet and threading",https://opendev.org/openstack/oslo.service/src/branch/master/oslo_service/backend/_common/loopingcall.py
oslo.service,openstack/oslo.service,oslo_service/backend/_common/threadgroup.py,15,"Other(""\""\""\""Common thread group functionality for both even"")","""""""Common thread group functionality for both eventlet and threading",https://opendev.org/openstack/oslo.service/src/branch/master/oslo_service/backend/_common/threadgroup.py
oslo.service,openstack/oslo.service,oslo_service/backend/_common/threadgroup.py,29,"Other(""This provides a common interface for both eventlet"")",This provides a common interface for both eventlet and threading,https://opendev.org/openstack/oslo.service/src/branch/master/oslo_service/backend/_common/threadgroup.py
oslo.service,openstack/oslo.service,oslo_service/backend/_common/threadgroup.py,180,"Other(""that is shared between the eventlet and threading "")",that is shared between the eventlet and threading backends.,https://opendev.org/openstack/oslo.service/src/branch/master/oslo_service/backend/_common/threadgroup.py
oslo.service,openstack/oslo.service,oslo_service/backend/_eventlet/__init__.py,18,"Other(""from oslo_service.backend._eventlet import looping"")",from oslo_service.backend._eventlet import loopingcall,https://opendev.org/openstack/oslo.service/src/branch/master/oslo_service/backend/_eventlet/__init__.py
oslo.service,openstack/oslo.service,oslo_service/backend/_eventlet/__init__.py,19,"Other(""from oslo_service.backend._eventlet import service"")",from oslo_service.backend._eventlet import service,https://opendev.org/openstack/oslo.service/src/branch/master/oslo_service/backend/_eventlet/__init__.py
oslo.service,openstack/oslo.service,oslo_service/backend/_eventlet/__init__.py,20,"Other(""from oslo_service.backend._eventlet import threadg"")",from oslo_service.backend._eventlet import threadgroup,https://opendev.org/openstack/oslo.service/src/branch/master/oslo_service/backend/_eventlet/__init__.py
oslo.service,openstack/oslo.service,oslo_service/backend/_eventlet/loopingcall.py,19,Import,from eventlet import event,https://opendev.org/openstack/oslo.service/src/branch/master/oslo_service/backend/_eventlet/loopingcall.py
oslo.service,openstack/oslo.service,oslo_service/backend/_eventlet/loopingcall.py,20,Import,from eventlet import greenthread,https://opendev.org/openstack/oslo.service/src/branch/master/oslo_service/backend/_eventlet/loopingcall.py
oslo.service,openstack/oslo.service,oslo_service/backend/_eventlet/loopingcall.py,21,Import,from oslo_utils import eventletutils,https://opendev.org/openstack/oslo.service/src/branch/master/oslo_service/backend/_eventlet/loopingcall.py
oslo.service,openstack/oslo.service,oslo_service/backend/_eventlet/loopingcall.py,36,"Other(""return eventletutils.EventletEvent()"")",return eventletutils.EventletEvent(),https://opendev.org/openstack/oslo.service/src/branch/master/oslo_service/backend/_eventlet/loopingcall.py
oslo.service,openstack/oslo.service,oslo_service/backend/_eventlet/loopingcall.py,73,"Other(""\""\""\""A fixed interval looping call for eventlet back"")","""""""A fixed interval looping call for eventlet backend.""""""",https://opendev.org/openstack/oslo.service/src/branch/master/oslo_service/backend/_eventlet/loopingcall.py
oslo.service,openstack/oslo.service,oslo_service/backend/_eventlet/loopingcall.py,80,"Other(""\""\""\""A fixed interval looping call with timeout for "")","""""""A fixed interval looping call with timeout for eventlet backend.""""""",https://opendev.org/openstack/oslo.service/src/branch/master/oslo_service/backend/_eventlet/loopingcall.py
oslo.service,openstack/oslo.service,oslo_service/backend/_eventlet/loopingcall.py,85,"Other(""\""\""\""A dynamic looping call for eventlet backend.\""\""\"""")","""""""A dynamic looping call for eventlet backend.""""""",https://opendev.org/openstack/oslo.service/src/branch/master/oslo_service/backend/_eventlet/loopingcall.py
oslo.service,openstack/oslo.service,oslo_service/backend/_eventlet/loopingcall.py,90,"Other(""\""\""\""A backoff looping call for eventlet backend.\""\""\"""")","""""""A backoff looping call for eventlet backend.""""""",https://opendev.org/openstack/oslo.service/src/branch/master/oslo_service/backend/_eventlet/loopingcall.py
oslo.service,openstack/oslo.service,oslo_service/backend/_eventlet/loopingcall.py,98,"Other(""\""\""\""Create a dynamic looping call instance for even"")","""""""Create a dynamic looping call instance for eventlet backend.""""""",https://opendev.org/openstack/oslo.service/src/branch/master/oslo_service/backend/_eventlet/loopingcall.py
oslo.service,openstack/oslo.service,oslo_service/backend/_eventlet/service.py,31,Import,import eventlet,https://opendev.org/openstack/oslo.service/src/branch/master/oslo_service/backend/_eventlet/service.py
oslo.service,openstack/oslo.service,oslo_service/backend/_eventlet/service.py,32,Import,from eventlet import event,https://opendev.org/openstack/oslo.service/src/branch/master/oslo_service/backend/_eventlet/service.py
oslo.service,openstack/oslo.service,oslo_service/backend/_eventlet/service.py,33,Import,from eventlet import tpool,https://opendev.org/openstack/oslo.service/src/branch/master/oslo_service/backend/_eventlet/service.py
oslo.service,openstack/oslo.service,oslo_service/backend/_eventlet/service.py,36,Import,from eventlet.hubs import poll as poll_hub,https://opendev.org/openstack/oslo.service/src/branch/master/oslo_service/backend/_eventlet/service.py
oslo.service,openstack/oslo.service,oslo_service/backend/_eventlet/service.py,51,"Other(""from oslo_service.backend._eventlet import threadg"")",from oslo_service.backend._eventlet import threadgroup,https://opendev.org/openstack/oslo.service/src/branch/master/oslo_service/backend/_eventlet/service.py
oslo.service,openstack/oslo.service,oslo_service/backend/_eventlet/service.py,53,Import,from oslo_service import eventlet_backdoor,https://opendev.org/openstack/oslo.service/src/branch/master/oslo_service/backend/_eventlet/service.py
oslo.service,openstack/oslo.service,oslo_service/backend/_eventlet/service.py,103,Spawn,"eventlet.spawn(self._handle_signal_cb, signo, frame)",https://opendev.org/openstack/oslo.service/src/branch/master/oslo_service/backend/_eventlet/service.py
oslo.service,openstack/oslo.service,oslo_service/backend/_eventlet/service.py,127,"Other(""signal from interrupting eventlet's call to poll()"")",signal from interrupting eventlet's call to poll() or sleep().,https://opendev.org/openstack/oslo.service/src/branch/master/oslo_service/backend/_eventlet/service.py
oslo.service,openstack/oslo.service,oslo_service/backend/_eventlet/service.py,129,"Other(""eventlet.patcher"")",select_module = eventlet.patcher.original('select'),https://opendev.org/openstack/oslo.service/src/branch/master/oslo_service/backend/_eventlet/service.py
oslo.service,openstack/oslo.service,oslo_service/backend/_eventlet/service.py,139,"Other(""eventlet.patcher"")",time_sleep = eventlet.patcher.original('time').sleep,https://opendev.org/openstack/oslo.service/src/branch/master/oslo_service/backend/_eventlet/service.py
oslo.service,openstack/oslo.service,oslo_service/backend/_eventlet/service.py,156,"Other(""eventlet.hubs"")",hub = eventlet.hubs.get_hub(),https://opendev.org/openstack/oslo.service/src/branch/master/oslo_service/backend/_eventlet/service.py
oslo.service,openstack/oslo.service,oslo_service/backend/_eventlet/service.py,183,"Other(""eventlet_backdoor.initialize_if_enabled(self.conf)"")",eventlet_backdoor.initialize_if_enabled(self.conf)),https://opendev.org/openstack/oslo.service/src/branch/master/oslo_service/backend/_eventlet/service.py
oslo.service,openstack/oslo.service,oslo_service/backend/_eventlet/service.py,339,"Other(""eventlet.greenio"")","self.readpipe = eventlet.greenio.GreenPipe(rfd, 'r')",https://opendev.org/openstack/oslo.service/src/branch/master/oslo_service/backend/_eventlet/service.py
oslo.service,openstack/oslo.service,oslo_service/backend/_eventlet/service.py,446,"Other(""eventlet.hubs"")",eventlet.hubs.use_hub(),https://opendev.org/openstack/oslo.service/src/branch/master/oslo_service/backend/_eventlet/service.py
oslo.service,openstack/oslo.service,oslo_service/backend/_eventlet/service.py,451,"Other(""eventlet.spawn_n"")",eventlet.spawn_n(self._pipe_watcher),https://opendev.org/openstack/oslo.service/src/branch/master/oslo_service/backend/_eventlet/service.py
oslo.service,openstack/oslo.service,oslo_service/backend/_eventlet/service.py,555,"Other(""eventlet.greenthread"")",eventlet.greenthread.sleep(self.wait_interval),https://opendev.org/openstack/oslo.service/src/branch/master/oslo_service/backend/_eventlet/service.py
oslo.service,openstack/oslo.service,oslo_service/backend/_eventlet/service.py,596,"Other(""eventlet.greenlet"")",except eventlet.greenlet.GreenletExit:,https://opendev.org/openstack/oslo.service/src/branch/master/oslo_service/backend/_eventlet/service.py
oslo.service,openstack/oslo.service,oslo_service/backend/_eventlet/threadgroup.py,20,Import,import eventlet,https://opendev.org/openstack/oslo.service/src/branch/master/oslo_service/backend/_eventlet/threadgroup.py
oslo.service,openstack/oslo.service,oslo_service/backend/_eventlet/threadgroup.py,21,Import,from eventlet import greenlet,https://opendev.org/openstack/oslo.service/src/branch/master/oslo_service/backend/_eventlet/threadgroup.py
oslo.service,openstack/oslo.service,oslo_service/backend/_eventlet/threadgroup.py,22,Import,from eventlet import greenpool,https://opendev.org/openstack/oslo.service/src/branch/master/oslo_service/backend/_eventlet/threadgroup.py
oslo.service,openstack/oslo.service,oslo_service/backend/_eventlet/threadgroup.py,26,"Other(""from oslo_service.backend._eventlet import looping"")",from oslo_service.backend._eventlet import loopingcall,https://opendev.org/openstack/oslo.service/src/branch/master/oslo_service/backend/_eventlet/threadgroup.py
oslo.service,openstack/oslo.service,oslo_service/backend/_eventlet/threadgroup.py,82,"Other(""\""\""\""Create a fixed interval timer for eventlet back"")","""""""Create a fixed interval timer for eventlet backend.""""""",https://opendev.org/openstack/oslo.service/src/branch/master/oslo_service/backend/_eventlet/threadgroup.py
oslo.service,openstack/oslo.service,oslo_service/backend/_eventlet/threadgroup.py,86,"Other(""\""\""\""Create a dynamic interval timer for eventlet ba"")","""""""Create a dynamic interval timer for eventlet backend.""""""",https://opendev.org/openstack/oslo.service/src/branch/master/oslo_service/backend/_eventlet/threadgroup.py
oslo.service,openstack/oslo.service,oslo_service/backend/_eventlet/threadgroup.py,190,Sleep,eventlet.sleep(wait_time),https://opendev.org/openstack/oslo.service/src/branch/master/oslo_service/backend/_eventlet/threadgroup.py
oslo.service,openstack/oslo.service,oslo_service/backend/_threading/threadgroup.py,28,"Other(""This class mimics the eventlet Thread interface (s"")","This class mimics the eventlet Thread interface (stop, wait, link,",https://opendev.org/openstack/oslo.service/src/branch/master/oslo_service/backend/_threading/threadgroup.py
oslo.service,openstack/oslo.service,oslo_service/backend/_threading/threadgroup.py,52,"Other(""\""\""\""A group of threads and timers similar to eventl"")","""""""A group of threads and timers similar to eventlet's GreenPool.""""""",https://opendev.org/openstack/oslo.service/src/branch/master/oslo_service/backend/_threading/threadgroup.py
oslo.service,openstack/oslo.service,oslo_service/eventlet_backdoor.py,26,Import,import eventlet.backdoor,https://opendev.org/openstack/oslo.service/src/branch/master/oslo_service/eventlet_backdoor.py
oslo.service,openstack/oslo.service,oslo_service/eventlet_backdoor.py,30,Import,from eventlet.green import socket,https://opendev.org/openstack/oslo.service/src/branch/master/oslo_service/eventlet_backdoor.py
oslo.service,openstack/oslo.service,oslo_service/eventlet_backdoor.py,41,"Other(""\""The 'eventlet_backdoor' module is deprecated and "")","""The 'eventlet_backdoor' module is deprecated and will be removed in """,https://opendev.org/openstack/oslo.service/src/branch/master/oslo_service/eventlet_backdoor.py
oslo.service,openstack/oslo.service,oslo_service/eventlet_backdoor.py,168,Listen,"return eventlet.listen((host, port), reuse_port=False)",https://opendev.org/openstack/oslo.service/src/branch/master/oslo_service/eventlet_backdoor.py
oslo.service,openstack/oslo.service,oslo_service/eventlet_backdoor.py,190,Listen,"return eventlet.listen(socket_path, socket.AF_UNIX)",https://opendev.org/openstack/oslo.service/src/branch/master/oslo_service/eventlet_backdoor.py
oslo.service,openstack/oslo.service,oslo_service/eventlet_backdoor.py,206,Listen,"return eventlet.listen(socket_path, socket.AF_UNIX)",https://opendev.org/openstack/oslo.service/src/branch/master/oslo_service/eventlet_backdoor.py
oslo.service,openstack/oslo.service,oslo_service/eventlet_backdoor.py,210,"Other(""conf.register_opts(_options.eventlet_backdoor_opts"")",conf.register_opts(_options.eventlet_backdoor_opts),https://opendev.org/openstack/oslo.service/src/branch/master/oslo_service/eventlet_backdoor.py
oslo.service,openstack/oslo.service,oslo_service/eventlet_backdoor.py,234,"Other(""LOG.warning(\""Could not apply format string to even"")","LOG.warning(""Could not apply format string to eventlet """,https://opendev.org/openstack/oslo.service/src/branch/master/oslo_service/eventlet_backdoor.py
oslo.service,openstack/oslo.service,oslo_service/eventlet_backdoor.py,256,Spawn,"thread = eventlet.spawn(eventlet.backdoor.backdoor_server, sock,",https://opendev.org/openstack/oslo.service/src/branch/master/oslo_service/eventlet_backdoor.py
oslo.service,openstack/oslo.service,oslo_service/eventlet_backdoor.py,271,Import,import eventlet,https://opendev.org/openstack/oslo.service/src/branch/master/oslo_service/eventlet_backdoor.py
oslo.service,openstack/oslo.service,oslo_service/eventlet_backdoor.py,272,"Other(""eventlet.monkey_patch"")",eventlet.monkey_patch(all=True),https://opendev.org/openstack/oslo.service/src/branch/master/oslo_service/eventlet_backdoor.py
oslo.service,openstack/oslo.service,oslo_service/eventlet_backdoor.py,279,"Other(""conf.register_cli_opts(_options.eventlet_backdoor_"")",conf.register_cli_opts(_options.eventlet_backdoor_opts),https://opendev.org/openstack/oslo.service/src/branch/master/oslo_service/eventlet_backdoor.py
oslo.service,openstack/oslo.service,oslo_service/fixture.py,64,"Other(""'oslo_utils.eventletutils.EventletEvent.wait')).mo"")",'oslo_utils.eventletutils.EventletEvent.wait')).mock,https://opendev.org/openstack/oslo.service/src/branch/master/oslo_service/fixture.py
oslo.service,openstack/oslo.service,oslo_service/service.py,50,"Other(""return [(None, copy.deepcopy(_options.eventlet_bac"")","return [(None, copy.deepcopy(_options.eventlet_backdoor_opts +",https://opendev.org/openstack/oslo.service/src/branch/master/oslo_service/service.py
oslo.service,openstack/oslo.service,oslo_service/wsgi.py,24,Import,import eventlet,https://opendev.org/openstack/oslo.service/src/branch/master/oslo_service/wsgi.py
oslo.service,openstack/oslo.service,oslo_service/wsgi.py,25,Wsgi,import eventlet.wsgi,https://opendev.org/openstack/oslo.service/src/branch/master/oslo_service/wsgi.py
oslo.service,openstack/oslo.service,oslo_service/wsgi.py,79,"Other(""\""The Server class utilises the eventlet service, a"")","""The Server class utilises the eventlet service, and eventlet support """,https://opendev.org/openstack/oslo.service/src/branch/master/oslo_service/wsgi.py
oslo.service,openstack/oslo.service,oslo_service/wsgi.py,80,"Other(""\""is deprecated for removal. You should remove use "")","""is deprecated for removal. You should remove use of eventlet servers """,https://opendev.org/openstack/oslo.service/src/branch/master/oslo_service/wsgi.py
oslo.service,openstack/oslo.service,oslo_service/wsgi.py,92,Wsgi,"pool_size=None, protocol=eventlet.wsgi.HttpProtocol,",https://opendev.org/openstack/oslo.service/src/branch/master/oslo_service/wsgi.py
oslo.service,openstack/oslo.service,oslo_service/wsgi.py,94,Wsgi,"logger_name='eventlet.wsgi.server',",https://opendev.org/openstack/oslo.service/src/branch/master/oslo_service/wsgi.py
oslo.service,openstack/oslo.service,oslo_service/wsgi.py,103,"Other("":param pool_size: Maximum number of eventlets to s"")",:param pool_size: Maximum number of eventlets to spawn concurrently.,https://opendev.org/openstack/oslo.service/src/branch/master/oslo_service/wsgi.py
oslo.service,openstack/oslo.service,oslo_service/wsgi.py,127,Wsgi,eventlet.wsgi.MAX_HEADER_LINE = conf.max_header_line,https://opendev.org/openstack/oslo.service/src/branch/master/oslo_service/wsgi.py
oslo.service,openstack/oslo.service,oslo_service/wsgi.py,133,Pool,self._pool = eventlet.GreenPool(self.pool_size),https://opendev.org/openstack/oslo.service/src/branch/master/oslo_service/wsgi.py
oslo.service,openstack/oslo.service,oslo_service/wsgi.py,172,Listen,"sock = eventlet.listen(bind_addr, family, backlog=backlog)",https://opendev.org/openstack/oslo.service/src/branch/master/oslo_service/wsgi.py
oslo.service,openstack/oslo.service,oslo_service/wsgi.py,183,Listen,"sock = eventlet.listen(socket_file, family=socket.AF_UNIX,",https://opendev.org/openstack/oslo.service/src/branch/master/oslo_service/wsgi.py
oslo.service,openstack/oslo.service,oslo_service/wsgi.py,207,Wsgi,"'func': eventlet.wsgi.server,",https://opendev.org/openstack/oslo.service/src/branch/master/oslo_service/wsgi.py
oslo.service,openstack/oslo.service,oslo_service/wsgi.py,222,Spawn,self._server = eventlet.spawn(**wsgi_kwargs),https://opendev.org/openstack/oslo.service/src/branch/master/oslo_service/wsgi.py
oslo.service,openstack/oslo.service,oslo_service/wsgi.py,246,"Other(""\""\""\""Stops eventlet server. Doesn't allow accept new"")","""""""Stops eventlet server. Doesn't allow accept new connecting.",https://opendev.org/openstack/oslo.service/src/branch/master/oslo_service/wsgi.py
oslo.service,openstack/oslo.service,oslo_service/wsgi.py,261,"Other(""Waits on the server's eventlet to finish, then ret"")","Waits on the server's eventlet to finish, then returns.",https://opendev.org/openstack/oslo.service/src/branch/master/oslo_service/wsgi.py
oslo.service,openstack/oslo.service,releasenotes/notes/accept-wait-interval-threading-fc02f76056cbaed4.yaml,6,"Other(""The parameter is still used in the ``eventlet`` ba"")",The parameter is still used in the ``eventlet`` backend to reduce CPU usage,https://opendev.org/openstack/oslo.service/src/branch/master/releasenotes/notes/accept-wait-interval-threading-fc02f76056cbaed4.yaml
oslo.service,openstack/oslo.service,releasenotes/notes/accept-wait-interval-threading-fc02f76056cbaed4.yaml,12,"Other(""compatible with how the ``eventlet`` backend behav"")",compatible with how the ``eventlet`` backend behaves.,https://opendev.org/openstack/oslo.service/src/branch/master/releasenotes/notes/accept-wait-interval-threading-fc02f76056cbaed4.yaml
oslo.service,openstack/oslo.service,releasenotes/notes/add-backend-system-eventlet-migration-deprecations-da46d5a70d7f057d.yaml,8,"Other(""By default, the ``eventlet`` backend is used, pres"")","By default, the ``eventlet`` backend is used, preserving the previous",https://opendev.org/openstack/oslo.service/src/branch/master/releasenotes/notes/add-backend-system-eventlet-migration-deprecations-da46d5a70d7f057d.yaml
oslo.service,openstack/oslo.service,releasenotes/notes/add-backend-system-eventlet-migration-deprecations-da46d5a70d7f057d.yaml,19,"Other(""- ``oslo_service.eventlet_backdoor``: This module "")",- ``oslo_service.eventlet_backdoor``: This module has been deprecated and,https://opendev.org/openstack/oslo.service/src/branch/master/releasenotes/notes/add-backend-system-eventlet-migration-deprecations-da46d5a70d7f057d.yaml
oslo.service,openstack/oslo.service,releasenotes/notes/add-threading-backend-9b0e601e5c1282e1.yaml,4,"Other(""threads instead of `eventlet`. This includes a ful"")",threads instead of `eventlet`. This includes a full implementation of:,https://opendev.org/openstack/oslo.service/src/branch/master/releasenotes/notes/add-threading-backend-9b0e601e5c1282e1.yaml
oslo.service,openstack/oslo.service,releasenotes/notes/add-threading-backend-9b0e601e5c1282e1.yaml,10,"Other(""- A new `ThreadGroup` and `Thread` abstraction to "")",- A new `ThreadGroup` and `Thread` abstraction to mimic `eventlet`-like,https://opendev.org/openstack/oslo.service/src/branch/master/releasenotes/notes/add-threading-backend-9b0e601e5c1282e1.yaml
oslo.service,openstack/oslo.service,releasenotes/notes/add-threading-backend-9b0e601e5c1282e1.yaml,15,"Other(""monkey-patching, making it suitable for environmen"")","monkey-patching, making it suitable for environments where `eventlet` is",https://opendev.org/openstack/oslo.service/src/branch/master/releasenotes/notes/add-threading-backend-9b0e601e5c1282e1.yaml
oslo.service,openstack/oslo.service,releasenotes/notes/native-threads-on-child-7150690c7caa1013.yaml,5,"Other(""<https://bugs.launchpad.net/oslo.service/+bug/1983"")",<https://bugs.launchpad.net/oslo.service/+bug/1983949>`_: Fixed eventlet,https://opendev.org/openstack/oslo.service/src/branch/master/releasenotes/notes/native-threads-on-child-7150690c7caa1013.yaml
oslo.service,openstack/oslo.service,releasenotes/notes/rename-backend-submodules-to-private-63bfa674677c3854.yaml,9,"Other(""* ``oslo_service.backend.eventlet`` → ``oslo_servi"")",* ``oslo_service.backend.eventlet`` → ``oslo_service.backend._eventlet``,https://opendev.org/openstack/oslo.service/src/branch/master/releasenotes/notes/rename-backend-submodules-to-private-63bfa674677c3854.yaml
oslo.service,openstack/oslo.service,releasenotes/notes/support-pid-in-eventlet-backdoor-socket-path-1863eaad1dd08556.yaml,6,"Other(""process. This makes the eventlet backdoor accessib"")",process. This makes the eventlet backdoor accessible when spawning,https://opendev.org/openstack/oslo.service/src/branch/master/releasenotes/notes/support-pid-in-eventlet-backdoor-socket-path-1863eaad1dd08556.yaml
oslo.service,openstack/oslo.service,releasenotes/notes/undeprecate-wsgi-7e5306403625b8c6.yaml,5,"Other(""utilities besides the eventlet-based ``Server`` cl"")","utilities besides the eventlet-based ``Server`` class. Instead, only the",https://opendev.org/openstack/oslo.service/src/branch/master/releasenotes/notes/undeprecate-wsgi-7e5306403625b8c6.yaml
oslo.service,openstack/oslo.service,releasenotes/notes/wsgi-server-threading-backend-protection-a8f3d2e19b5c7f84.yaml,12,"Other(""eventlet in a threading environment. The fail-fast"")",eventlet in a threading environment. The fail-fast behavior ensures that,https://opendev.org/openstack/oslo.service/src/branch/master/releasenotes/notes/wsgi-server-threading-backend-protection-a8f3d2e19b5c7f84.yaml
oslo.service,openstack/oslo.service,releasenotes/source/locale/en_GB/LC_MESSAGES/releasenotes.po,177,"Other(""\""makes the eventlet backdoor accessible when spawn"")","""makes the eventlet backdoor accessible when spawning multiple processes with """,https://opendev.org/openstack/oslo.service/src/branch/master/releasenotes/source/locale/en_GB/LC_MESSAGES/releasenotes.po
oslo.service,openstack/oslo.service,releasenotes/source/locale/en_GB/LC_MESSAGES/releasenotes.po,182,"Other(""\""makes the eventlet backdoor accessible when spawn"")","""makes the eventlet backdoor accessible when spawning multiple processes with """,https://opendev.org/openstack/oslo.service/src/branch/master/releasenotes/source/locale/en_GB/LC_MESSAGES/releasenotes.po
oslo.service,openstack/oslo.service,requirements.txt,7,"Other(""eventlet>=0.27.0 # MIT"")",eventlet>=0.27.0 # MIT,https://opendev.org/openstack/oslo.service/src/branch/master/requirements.txt
oslo.utils,openstack/oslo.utils,doc/source/reference/eventletutils.rst,2,"Other(""eventletutils"")",eventletutils,https://opendev.org/openstack/oslo.utils/src/branch/master/doc/source/reference/eventletutils.rst
oslo.utils,openstack/oslo.utils,doc/source/reference/eventletutils.rst,5,"Other("".. automodule:: oslo_utils.eventletutils"")",.. automodule:: oslo_utils.eventletutils,https://opendev.org/openstack/oslo.utils/src/branch/master/doc/source/reference/eventletutils.rst
oslo.utils,openstack/oslo.utils,doc/source/reference/index.rst,10,"Other(""eventletutils"")",eventletutils,https://opendev.org/openstack/oslo.utils/src/branch/master/doc/source/reference/index.rst
oslo.utils,openstack/oslo.utils,oslo_utils/eventletutils.py,37,"Other(""\""eventletutils module is deprecated and will be re"")","""eventletutils module is deprecated and will be removed.""",https://opendev.org/openstack/oslo.utils/src/branch/master/oslo_utils/eventletutils.py
oslo.utils,openstack/oslo.utils,oslo_utils/eventletutils.py,41,"Other(""_eventlet = importutils.try_import('eventlet')"")",_eventlet = importutils.try_import('eventlet'),https://opendev.org/openstack/oslo.utils/src/branch/master/oslo_utils/eventletutils.py
oslo.utils,openstack/oslo.utils,oslo_utils/eventletutils.py,42,"Other(""eventlet.patcher"")",_patcher = importutils.try_import('eventlet.patcher'),https://opendev.org/openstack/oslo.utils/src/branch/master/oslo_utils/eventletutils.py
oslo.utils,openstack/oslo.utils,oslo_utils/eventletutils.py,47,"Other(""EVENTLET_AVAILABLE = all((_eventlet, _patcher))"")","EVENTLET_AVAILABLE = all((_eventlet, _patcher))",https://opendev.org/openstack/oslo.utils/src/branch/master/oslo_utils/eventletutils.py
oslo.utils,openstack/oslo.utils,oslo_utils/eventletutils.py,68,"Other(""If eventlet is used to monkey-patch the threading "")","If eventlet is used to monkey-patch the threading module, return the",https://opendev.org/openstack/oslo.utils/src/branch/master/oslo_utils/eventletutils.py
oslo.utils,openstack/oslo.utils,oslo_utils/eventletutils.py,69,"Other(""current eventlet greenthread. Otherwise, return th"")","current eventlet greenthread. Otherwise, return the current Python thread.",https://opendev.org/openstack/oslo.utils/src/branch/master/oslo_utils/eventletutils.py
oslo.utils,openstack/oslo.utils,oslo_utils/eventletutils.py,84,"Other(""eventlet.getcurrent"")",return _eventlet.getcurrent  # type: ignore,https://opendev.org/openstack/oslo.utils/src/branch/master/oslo_utils/eventletutils.py
oslo.utils,openstack/oslo.utils,oslo_utils/eventletutils.py,89,"Other(""def warn_eventlet_not_patched("")",def warn_eventlet_not_patched(,https://opendev.org/openstack/oslo.utils/src/branch/master/oslo_utils/eventletutils.py
oslo.utils,openstack/oslo.utils,oslo_utils/eventletutils.py,93,"Other(""\""\""\""Warns if eventlet is being used without patchin"")","""""""Warns if eventlet is being used without patching provided modules.",https://opendev.org/openstack/oslo.utils/src/branch/master/oslo_utils/eventletutils.py
oslo.utils,openstack/oslo.utils,oslo_utils/eventletutils.py,98,"Other(""to the names passed into the eventlet"")",to the names passed into the eventlet,https://opendev.org/openstack/oslo.utils/src/branch/master/oslo_utils/eventletutils.py
oslo.utils,openstack/oslo.utils,oslo_utils/eventletutils.py,150,"Other(""\""It is highly recommended that when eventlet\"""")","""It is highly recommended that when eventlet""",https://opendev.org/openstack/oslo.utils/src/branch/master/oslo_utils/eventletutils.py
oslo.utils,openstack/oslo.utils,oslo_utils/eventletutils.py,161,"Other(""\""\""\""Determines safely is eventlet patching for modu"")","""""""Determines safely is eventlet patching for module enabled or not",https://opendev.org/openstack/oslo.utils/src/branch/master/oslo_utils/eventletutils.py
oslo.utils,openstack/oslo.utils,oslo_utils/eventletutils.py,172,"Other(""\""\""\""A class that provides consistent eventlet/threa"")","""""""A class that provides consistent eventlet/threading Event API.",https://opendev.org/openstack/oslo.utils/src/branch/master/oslo_utils/eventletutils.py
oslo.utils,openstack/oslo.utils,oslo_utils/eventletutils.py,174,"Other(""eventlet.event"")",This wraps the eventlet.event.Event class to have the same API as,https://opendev.org/openstack/oslo.utils/src/branch/master/oslo_utils/eventletutils.py
oslo.utils,openstack/oslo.utils,oslo_utils/eventletutils.py,185,"Other(""eventlet.event"")",self._event = _eventlet.event.Event(),https://opendev.org/openstack/oslo.utils/src/branch/master/oslo_utils/eventletutils.py
oslo.utils,openstack/oslo.utils,oslo_utils/eventletutils.py,201,"Other(""eventlet.timeout"")",with _eventlet.timeout.Timeout(,https://opendev.org/openstack/oslo.utils/src/branch/master/oslo_utils/eventletutils.py
oslo.utils,openstack/oslo.utils,oslo_utils/excutils.py,163,"Other(""can happen when eventlet switches greenthreads or "")",can happen when eventlet switches greenthreads or when running an,https://opendev.org/openstack/oslo.utils/src/branch/master/oslo_utils/excutils.py
oslo.utils,openstack/oslo.utils,releasenotes/notes/deprecate-eventletutils-f8a96c2c42cd9a15.yaml,5,"Other(""eventlet.html"")","OpenStack `is planned <https://governance.openstack.org/tc//goals/proposed/remove-eventlet.html>`_, for this reason the ``eventletutils`` module is",https://opendev.org/openstack/oslo.utils/src/branch/master/releasenotes/notes/deprecate-eventletutils-f8a96c2c42cd9a15.yaml
oslo.utils,openstack/oslo.utils,test-requirements.txt,1,"Other(""eventlet>=0.18.2 # MIT"")",eventlet>=0.18.2 # MIT,https://opendev.org/openstack/oslo.utils/src/branch/master/test-requirements.txt
oslo.vmware,openstack/oslo.vmware,oslo_vmware/common/loopingcall.py,21,Import,from eventlet import event,https://opendev.org/openstack/oslo.vmware/src/branch/master/oslo_vmware/common/loopingcall.py
oslo.vmware,openstack/oslo.vmware,oslo_vmware/common/loopingcall.py,22,Import,from eventlet import greenthread,https://opendev.org/openstack/oslo.vmware/src/branch/master/oslo_vmware/common/loopingcall.py
oslo.vmware,openstack/oslo.vmware,oslo_vmware/image_transfer.py,23,Import,from eventlet import timeout,https://opendev.org/openstack/oslo.vmware/src/branch/master/oslo_vmware/image_transfer.py
oslo.vmware,openstack/oslo.vmware,requirements.txt,12,"Other(""eventlet!=0.18.3,!=0.20.1,>=0.18.2 # MIT"")","eventlet!=0.18.3,!=0.20.1,>=0.18.2 # MIT",https://opendev.org/openstack/oslo.vmware/src/branch/master/requirements.txt
osops,openstack/osops,contrib/multi/openstack-liberty-multinode-scripts/LIBERTY-U14.04-AIO/2-liberty-aio-keystone.sh,48,"Other(""[eventlet_server]"")",[eventlet_server],https://opendev.org/openstack/osops/src/branch/master/contrib/multi/openstack-liberty-multinode-scripts/LIBERTY-U14.04-AIO/2-liberty-aio-keystone.sh
osops,openstack/osops,contrib/multi/openstack-liberty-multinode-scripts/LIBERTY-U14.04-AIO/2-liberty-aio-keystone.sh,49,"Other(""[eventlet_server_ssl]"")",[eventlet_server_ssl],https://opendev.org/openstack/osops/src/branch/master/contrib/multi/openstack-liberty-multinode-scripts/LIBERTY-U14.04-AIO/2-liberty-aio-keystone.sh
osops,openstack/osops,contrib/multi/openstack-liberty-multinode-scripts/LIBERTY-U14.04-AIO/AIO-LIBERTY-2.sh,130,"Other(""[eventlet_server]"")",[eventlet_server],https://opendev.org/openstack/osops/src/branch/master/contrib/multi/openstack-liberty-multinode-scripts/LIBERTY-U14.04-AIO/AIO-LIBERTY-2.sh
osops,openstack/osops,contrib/multi/openstack-liberty-multinode-scripts/LIBERTY-U14.04-AIO/AIO-LIBERTY-2.sh,131,"Other(""[eventlet_server_ssl]"")",[eventlet_server_ssl],https://opendev.org/openstack/osops/src/branch/master/contrib/multi/openstack-liberty-multinode-scripts/LIBERTY-U14.04-AIO/AIO-LIBERTY-2.sh
osops,openstack/osops,contrib/multi/openstack-liberty-multinode-scripts/LIBERTY-U14.04-LB/ctl-3.keystone.sh,50,"Other(""[eventlet_server]"")",[eventlet_server],https://opendev.org/openstack/osops/src/branch/master/contrib/multi/openstack-liberty-multinode-scripts/LIBERTY-U14.04-LB/ctl-3.keystone.sh
osops,openstack/osops,contrib/multi/openstack-liberty-multinode-scripts/LIBERTY-U14.04-LB/ctl-3.keystone.sh,51,"Other(""[eventlet_server_ssl]"")",[eventlet_server_ssl],https://opendev.org/openstack/osops/src/branch/master/contrib/multi/openstack-liberty-multinode-scripts/LIBERTY-U14.04-LB/ctl-3.keystone.sh
osops,openstack/osops,contrib/multi/openstack-liberty-multinode-scripts/LIBERTY-U14.04-OVS/ctl-3.keystone.sh,49,"Other(""[eventlet_server]"")",[eventlet_server],https://opendev.org/openstack/osops/src/branch/master/contrib/multi/openstack-liberty-multinode-scripts/LIBERTY-U14.04-OVS/ctl-3.keystone.sh
osops,openstack/osops,contrib/multi/openstack-liberty-multinode-scripts/LIBERTY-U14.04-OVS/ctl-3.keystone.sh,50,"Other(""[eventlet_server_ssl]"")",[eventlet_server_ssl],https://opendev.org/openstack/osops/src/branch/master/contrib/multi/openstack-liberty-multinode-scripts/LIBERTY-U14.04-OVS/ctl-3.keystone.sh
osops,openstack/osops,example-configs/MIT_CSAIL/README.md,52,"Other(""APIs run via eventlet server"")",APIs run via eventlet server,https://opendev.org/openstack/osops/src/branch/master/example-configs/MIT_CSAIL/README.md
osops,openstack/osops,example-configs/MIT_CSAIL/compute/etc/nova/logging.conf,47,"Other(""[logger_eventletwsgi]"")",[logger_eventletwsgi],https://opendev.org/openstack/osops/src/branch/master/example-configs/MIT_CSAIL/compute/etc/nova/logging.conf
osops,openstack/osops,example-configs/MIT_CSAIL/compute/etc/nova/logging.conf,50,Wsgi,qualname = eventlet.wsgi.server,https://opendev.org/openstack/osops/src/branch/master/example-configs/MIT_CSAIL/compute/etc/nova/logging.conf
osops,openstack/osops,example-configs/MIT_CSAIL/controller/etc/cinder/logging.conf,42,"Other(""[logger_eventletwsgi]"")",[logger_eventletwsgi],https://opendev.org/openstack/osops/src/branch/master/example-configs/MIT_CSAIL/controller/etc/cinder/logging.conf
osops,openstack/osops,example-configs/MIT_CSAIL/controller/etc/cinder/logging.conf,45,Wsgi,qualname = eventlet.wsgi.server,https://opendev.org/openstack/osops/src/branch/master/example-configs/MIT_CSAIL/controller/etc/cinder/logging.conf
osops,openstack/osops,example-configs/MIT_CSAIL/controller/etc/nova/logging.conf,47,"Other(""[logger_eventletwsgi]"")",[logger_eventletwsgi],https://opendev.org/openstack/osops/src/branch/master/example-configs/MIT_CSAIL/controller/etc/nova/logging.conf
osops,openstack/osops,example-configs/MIT_CSAIL/controller/etc/nova/logging.conf,50,Wsgi,qualname = eventlet.wsgi.server,https://opendev.org/openstack/osops/src/branch/master/example-configs/MIT_CSAIL/controller/etc/nova/logging.conf
ossa,openstack/ossa,ossa/OSSA-2014-007.yaml,12,"Other(""related to a bad interaction between eventlet and "")",related to a bad interaction between eventlet and python-memcached that should be,https://opendev.org/openstack/ossa/src/branch/master/ossa/OSSA-2014-007.yaml
ossa,openstack/ossa,ossa/OSSA-2014-007.yaml,13,"Other(""avoided if the calling process already monkey-patc"")","avoided if the calling process already monkey-patches ""thread"" to use eventlet.",https://opendev.org/openstack/ossa/src/branch/master/ossa/OSSA-2014-007.yaml
ovn-bgp-agent,openstack/ovn-bgp-agent,test-requirements.txt,4,"Other(""eventlet>=0.26.1 # MIT"")",eventlet>=0.26.1 # MIT,https://opendev.org/openstack/ovn-bgp-agent/src/branch/master/test-requirements.txt
ovsdbapp,openstack/ovsdbapp,ovsdbapp/backend/ovs_idl/vlog.py,22,Import,from eventlet import patcher,https://opendev.org/openstack/ovsdbapp/src/branch/master/ovsdbapp/backend/ovs_idl/vlog.py
ovsdbapp,openstack/ovsdbapp,ovsdbapp/backend/ovs_idl/windows/utils.py,17,Import,import eventlet,https://opendev.org/openstack/ovsdbapp/src/branch/master/ovsdbapp/backend/ovs_idl/windows/utils.py
ovsdbapp,openstack/ovsdbapp,ovsdbapp/backend/ovs_idl/windows/utils.py,18,Import,from eventlet import tpool,https://opendev.org/openstack/ovsdbapp/src/branch/master/ovsdbapp/backend/ovs_idl/windows/utils.py
ovsdbapp,openstack/ovsdbapp,ovsdbapp/backend/ovs_idl/windows/utils.py,20,"Other(""eventlet = None"")",eventlet = None,https://opendev.org/openstack/ovsdbapp/src/branch/master/ovsdbapp/backend/ovs_idl/windows/utils.py
ovsdbapp,openstack/ovsdbapp,ovsdbapp/backend/ovs_idl/windows/utils.py,31,"Other(""keyword arguments \""kwargs\"". If eventlet is not ins"")","keyword arguments ""kwargs"". If eventlet is not installed on the system",https://opendev.org/openstack/ovsdbapp/src/branch/master/ovsdbapp/backend/ovs_idl/windows/utils.py
ovsdbapp,openstack/ovsdbapp,ovsdbapp/backend/ovs_idl/windows/utils.py,34,"Other(""if eventlet is None:"")",if eventlet is None:,https://opendev.org/openstack/ovsdbapp/src/branch/master/ovsdbapp/backend/ovs_idl/windows/utils.py
ovsdbapp,openstack/ovsdbapp,ovsdbapp/backend/ovs_idl/windows/utils.py,40,"Other(""eventlet.getcurrent"")",if eventlet.getcurrent().parent:,https://opendev.org/openstack/ovsdbapp/src/branch/master/ovsdbapp/backend/ovs_idl/windows/utils.py
project-config,openstack/project-config,accessbot/channels.yaml,175,"Other(""- name: openstack-eventlet-removal"")",- name: openstack-eventlet-removal,https://opendev.org/openstack/project-config/src/branch/master/accessbot/channels.yaml
project-config,openstack/project-config,gerrit/projects.yaml,2764,"Other(""- project: openstack/deb-python-aioeventlet"")",- project: openstack/deb-python-aioeventlet,https://opendev.org/openstack/project-config/src/branch/master/gerrit/projects.yaml
project-config,openstack/project-config,gerrit/projects.yaml,2932,"Other(""- project: openstack/deb-python-eventlet"")",- project: openstack/deb-python-eventlet,https://opendev.org/openstack/project-config/src/branch/master/gerrit/projects.yaml
project-config,openstack/project-config,zuul/main.yaml,1409,"Other(""- eventlet/eventlet"")",- eventlet/eventlet,https://opendev.org/openstack/project-config/src/branch/master/zuul/main.yaml
puppet-barbican,openstack/puppet-barbican,releasenotes/notes/fix_ubuntu_install-20a799586184762a.yaml,5,"Other(""as the packaging contains no init script for the e"")",as the packaging contains no init script for the eventlet.,https://opendev.org/openstack/puppet-barbican/src/branch/master/releasenotes/notes/fix_ubuntu_install-20a799586184762a.yaml
puppet-ceilometer,openstack/puppet-ceilometer,CHANGELOG.md,38,"Other(""- wsgi: make sure eventlet process is stopped befo"")",- wsgi: make sure eventlet process is stopped before httpd,https://opendev.org/openstack/puppet-ceilometer/src/branch/master/CHANGELOG.md
puppet-ceilometer,openstack/puppet-ceilometer,CHANGELOG.md,45,"Other(""- acceptance/eventlet: make sure apache is stopped"")",- acceptance/eventlet: make sure apache is stopped,https://opendev.org/openstack/puppet-ceilometer/src/branch/master/CHANGELOG.md
puppet-keystone,openstack/puppet-keystone,CHANGELOG.md,27,"Other(""- if running eventlet, send deprecation warning"")","- if running eventlet, send deprecation warning",https://opendev.org/openstack/puppet-keystone/src/branch/master/CHANGELOG.md
puppet-keystone,openstack/puppet-keystone,CHANGELOG.md,56,"Other(""- acceptance/eventlet: make sure apache is stopped"")",- acceptance/eventlet: make sure apache is stopped,https://opendev.org/openstack/puppet-keystone/src/branch/master/CHANGELOG.md
puppet-keystone,openstack/puppet-keystone,releasenotes/notes/deprecated-public_bind_host-and-public_port-90ee086ecd2b977c.yaml,5,"Other(""deprecated, and don't affect the correspoiding par"")","deprecated, and don't affect the correspoiding parameters under eventlet",https://opendev.org/openstack/puppet-keystone/src/branch/master/releasenotes/notes/deprecated-public_bind_host-and-public_port-90ee086ecd2b977c.yaml
puppet-keystone,openstack/puppet-keystone,releasenotes/notes/policy_rc_d_keystone_eventlet-2dc65eb3d27f8969.yaml,4,"Other(""for keystone eventlet service."")",for keystone eventlet service.,https://opendev.org/openstack/puppet-keystone/src/branch/master/releasenotes/notes/policy_rc_d_keystone_eventlet-2dc65eb3d27f8969.yaml
puppet-keystone,openstack/puppet-keystone,releasenotes/notes/policy_rc_d_keystone_eventlet-2dc65eb3d27f8969.yaml,6,"Other(""- Keystone eventlet service is auto-started on deb"")",- Keystone eventlet service is auto-started on debian based,https://opendev.org/openstack/puppet-keystone/src/branch/master/releasenotes/notes/policy_rc_d_keystone_eventlet-2dc65eb3d27f8969.yaml
puppet-keystone,openstack/puppet-keystone,spec/classes/keystone_init_spec.rb,532,"Other(""context 'with default domain and eventlet service "")",context 'with default domain and eventlet service is managed and enabled' do,https://opendev.org/openstack/puppet-keystone/src/branch/master/spec/classes/keystone_init_spec.rb
puppet-manila,openstack/puppet-manila,releasenotes/notes/manila-wsgi-893b66e84d4a9133.yaml,5,"Other(""package-provided built-in eventlet based wsgi serv"")",package-provided built-in eventlet based wsgi server. Set,https://opendev.org/openstack/puppet-manila/src/branch/master/releasenotes/notes/manila-wsgi-893b66e84d4a9133.yaml
puppet-nova,openstack/puppet-nova,spec/classes/nova_api_spec.rb,42,"Other(""it 'clears eventlet options' do"")",it 'clears eventlet options' do,https://opendev.org/openstack/puppet-nova/src/branch/master/spec/classes/nova_api_spec.rb
puppet-openstacklib,openstack/puppet-openstacklib,releasenotes/notes/manage_policy_rc_d_file-747510db06792d52.yaml,11,"Other(""eventlet process on package install."")",eventlet process on package install.,https://opendev.org/openstack/puppet-openstacklib/src/branch/master/releasenotes/notes/manage_policy_rc_d_file-747510db06792d52.yaml
python-glanceclient,openstack/python-glanceclient,glanceclient/common/https.py,24,Import,from eventlet import patcher,https://opendev.org/openstack/python-glanceclient/src/branch/master/glanceclient/common/https.py
python-glanceclient,openstack/python-glanceclient,glanceclient/common/https.py,27,Import,from eventlet.green.httplib import HTTPSConnection,https://opendev.org/openstack/python-glanceclient/src/branch/master/glanceclient/common/https.py
python-glanceclient,openstack/python-glanceclient,glanceclient/common/https.py,28,Import,from eventlet.green.OpenSSL.SSL import GreenConnection as Connection,https://opendev.org/openstack/python-glanceclient/src/branch/master/glanceclient/common/https.py
python-glanceclient,openstack/python-glanceclient,releasenotes/source/earlier.rst,377,"Other(""* 1157864_: Fix an issue where glanceclient would "")",* 1157864_: Fix an issue where glanceclient would fail with eventlet.,https://opendev.org/openstack/python-glanceclient/src/branch/master/releasenotes/source/earlier.rst
python-ironicclient,openstack/python-ironicclient,tools/install_venv_common.py,180,"Other(""\""\""\""Workaround for a bug in eventlet."")","""""""Workaround for a bug in eventlet.",https://opendev.org/openstack/python-ironicclient/src/branch/master/tools/install_venv_common.py
python-ironicclient,openstack/python-ironicclient,tools/install_venv_common.py,188,"Other(""Upstream: https://bitbucket.org/eventlet/eventlet/"")",Upstream: https://bitbucket.org/eventlet/eventlet/issue/89,https://opendev.org/openstack/python-ironicclient/src/branch/master/tools/install_venv_common.py
python-ironicclient,openstack/python-ironicclient,tools/install_venv_common.py,199,"Other(""'eventlet/green/subprocess.py'),"")","'eventlet/green/subprocess.py'),",https://opendev.org/openstack/python-ironicclient/src/branch/master/tools/install_venv_common.py
python-ironicclient,openstack/python-ironicclient,tools/install_venv_common.py,200,"Other(""eventlet.patch"")",'contrib/redhat-eventlet.patch'),https://opendev.org/openstack/python-ironicclient/src/branch/master/tools/install_venv_common.py
python-keystoneclient,openstack/python-keystoneclient,keystoneclient/common/cms.py,16,"Other(""eventlet.green"")",subprocess or eventlet.green.subprocess can be used.,https://opendev.org/openstack/python-keystoneclient/src/branch/master/keystoneclient/common/cms.py
python-keystoneclient,openstack/python-keystoneclient,keystoneclient/common/cms.py,19,"Other(""eventlet.green"")",or eventlet.green.subprocess based on if os module is patched by eventlet.,https://opendev.org/openstack/python-keystoneclient/src/branch/master/keystoneclient/common/cms.py
python-keystoneclient,openstack/python-keystoneclient,keystoneclient/common/cms.py,60,Import,from eventlet import patcher,https://opendev.org/openstack/python-keystoneclient/src/branch/master/keystoneclient/common/cms.py
python-keystoneclient,openstack/python-keystoneclient,keystoneclient/common/cms.py,62,Import,from eventlet.green import subprocess,https://opendev.org/openstack/python-keystoneclient/src/branch/master/keystoneclient/common/cms.py
python-keystoneclient,openstack/python-keystoneclient,keystoneclient/common/cms.py,78,"Other(""eventlet.green"")","The subprocess could be eventlet.green.subprocess if using eventlet,",https://opendev.org/openstack/python-keystoneclient/src/branch/master/keystoneclient/common/cms.py
python-octaviaclient,openstack/python-octaviaclient,octaviaclient/hacking/checks.py,163,"Other(""def check_no_eventlet_imports(logical_line):"")",def check_no_eventlet_imports(logical_line):,https://opendev.org/openstack/python-octaviaclient/src/branch/master/octaviaclient/hacking/checks.py
python-octaviaclient,openstack/python-octaviaclient,octaviaclient/hacking/checks.py,164,"Other(""\""\""\""O345 - Usage of Python eventlet module not allo"")","""""""O345 - Usage of Python eventlet module not allowed.",https://opendev.org/openstack/python-octaviaclient/src/branch/master/octaviaclient/hacking/checks.py
python-octaviaclient,openstack/python-octaviaclient,octaviaclient/hacking/checks.py,171,"Other(""if re.match(r'(import|from)\\s+[(]?eventlet', logic"")","if re.match(r'(import|from)\s+[(]?eventlet', logical_line):",https://opendev.org/openstack/python-octaviaclient/src/branch/master/octaviaclient/hacking/checks.py
python-octaviaclient,openstack/python-octaviaclient,octaviaclient/hacking/checks.py,172,"Other(""msg = 'O345 Usage of Python eventlet module not al"")",msg = 'O345 Usage of Python eventlet module not allowed',https://opendev.org/openstack/python-octaviaclient/src/branch/master/octaviaclient/hacking/checks.py
python-octaviaclient,openstack/python-octaviaclient,octaviaclient/hacking/checks.py,173,"Other(""yield logical_line.index('eventlet'), msg"")","yield logical_line.index('eventlet'), msg",https://opendev.org/openstack/python-octaviaclient/src/branch/master/octaviaclient/hacking/checks.py
python-octaviaclient,openstack/python-octaviaclient,tox.ini,124,"Other(""O345 = checks:check_no_eventlet_imports"")",O345 = checks:check_no_eventlet_imports,https://opendev.org/openstack/python-octaviaclient/src/branch/master/tox.ini
python-swiftclient,openstack/python-swiftclient,ChangeLog,777,"Other(""* Eradicate eventlet and fix bug lp:959221"")",* Eradicate eventlet and fix bug lp:959221,https://opendev.org/openstack/python-swiftclient/src/branch/master/ChangeLog
python-troveclient,openstack/python-troveclient,troveclient/client.py,35,Import,import eventlet as sleep_lib,https://opendev.org/openstack/python-troveclient/src/branch/master/troveclient/client.py
python-zaqarclient,openstack/python-zaqarclient,HACKING.rst,110,Import,import eventlet,https://opendev.org/openstack/python-zaqarclient/src/branch/master/HACKING.rst
rally,openstack/rally,rally/utils/sshutils.py,52,"Other(""eventlet.monkey_patch"")","eventlet.monkey_patch(select=True, time=True)",https://opendev.org/openstack/rally/src/branch/master/rally/utils/sshutils.py
rally,openstack/rally,rally/utils/sshutils.py,54,MonkeyPatch,eventlet.monkey_patch(),https://opendev.org/openstack/rally/src/branch/master/rally/utils/sshutils.py
rally,openstack/rally,rally/utils/sshutils.py,56,"Other(""eventlet.import_patched"")","sshclient = eventlet.import_patched(""opentstack.common.sshclient"")",https://opendev.org/openstack/rally/src/branch/master/rally/utils/sshutils.py
rally,openstack/rally,tox.ini,154,"Other(""ignore:eventletutils module is deprecated and will"")",ignore:eventletutils module is deprecated and will be removed\.:DeprecationWarning:,https://opendev.org/openstack/rally/src/branch/master/tox.ini
rally-openstack,openstack/rally-openstack,tox.ini,162,"Other(""ignore:eventletutils module is deprecated and will"")",ignore:eventletutils module is deprecated and will be removed\.:DeprecationWarning:,https://opendev.org/openstack/rally-openstack/src/branch/master/tox.ini
releases,openstack/releases,deliverables/dalmatian/neutron.yaml,38,"Other(""WSGI API module, completing the first phase of eve"")","WSGI API module, completing the first phase of eventlet library",https://opendev.org/openstack/releases/src/branch/master/deliverables/dalmatian/neutron.yaml
releases,openstack/releases,deliverables/epoxy/watcher.yaml,13,"Other(""with modern versions of eventlet, SQLAlchemy and a"")","with modern versions of eventlet, SQLAlchemy and apscheduler on newer python",https://opendev.org/openstack/releases/src/branch/master/deliverables/epoxy/watcher.yaml
releases,openstack/releases,deliverables/flamingo/neutron.yaml,25,"Other(""instead of eventlet."")",instead of eventlet.,https://opendev.org/openstack/releases/src/branch/master/deliverables/flamingo/neutron.yaml
releases,openstack/releases,deliverables/flamingo/nova.yaml,42,"Other(""run in native threading mode as an alternative to "")",run in native threading mode as an alternative to eventlet. Please try,https://opendev.org/openstack/releases/src/branch/master/deliverables/flamingo/nova.yaml
requirements,openstack/requirements,global-requirements.txt,58,"Other(""eventlet!=0.18.3,!=0.20.1,!=0.21.0,!=0.23.0,!=0.25"")","eventlet!=0.18.3,!=0.20.1,!=0.21.0,!=0.23.0,!=0.25.0,!=0.32.0,!=0.34.1,!=0.34.2,!=0.34.3,!=0.35.0,!=0.36.0  # MIT",https://opendev.org/openstack/requirements/src/branch/master/global-requirements.txt
requirements,openstack/requirements,upper-constraints.txt,159,"Other(""eventlet===0.40.2"")",eventlet===0.40.2,https://opendev.org/openstack/requirements/src/branch/master/upper-constraints.txt
rpm-packaging,openstack/rpm-packaging,openstack/barbican/barbican.spec.j2,34,"Other(""BuildRequires:  {{ py3('eventlet') }}"")",BuildRequires:  {{ py3('eventlet') }},https://opendev.org/openstack/rpm-packaging/src/branch/master/openstack/barbican/barbican.spec.j2
rpm-packaging,openstack/rpm-packaging,openstack/barbican/barbican.spec.j2,90,"Other(""Requires:       {{ py3('eventlet') }}"")",Requires:       {{ py3('eventlet') }},https://opendev.org/openstack/rpm-packaging/src/branch/master/openstack/barbican/barbican.spec.j2
rpm-packaging,openstack/rpm-packaging,openstack/cinder/cinder.spec.j2,115,"Other(""Requires:       {{ py3('eventlet') }}"")",Requires:       {{ py3('eventlet') }},https://opendev.org/openstack/rpm-packaging/src/branch/master/openstack/cinder/cinder.spec.j2
rpm-packaging,openstack/rpm-packaging,openstack/cinder/cinder.spec.j2,176,"Other(""BuildRequires:  {{ py3('eventlet') }}"")",BuildRequires:  {{ py3('eventlet') }},https://opendev.org/openstack/rpm-packaging/src/branch/master/openstack/cinder/cinder.spec.j2
rpm-packaging,openstack/rpm-packaging,openstack/cyborg/cyborg.spec.j2,20,"Other(""BuildRequires:  {{ py3('eventlet') }}"")",BuildRequires:  {{ py3('eventlet') }},https://opendev.org/openstack/rpm-packaging/src/branch/master/openstack/cyborg/cyborg.spec.j2
rpm-packaging,openstack/rpm-packaging,openstack/cyborg/cyborg.spec.j2,63,"Other(""Requires:       {{ py3('eventlet') }}"")",Requires:       {{ py3('eventlet') }},https://opendev.org/openstack/rpm-packaging/src/branch/master/openstack/cyborg/cyborg.spec.j2
rpm-packaging,openstack/rpm-packaging,openstack/designate/designate.spec.j2,90,"Other(""Requires:       {{ py3('eventlet') }}"")",Requires:       {{ py3('eventlet') }},https://opendev.org/openstack/rpm-packaging/src/branch/master/openstack/designate/designate.spec.j2
rpm-packaging,openstack/rpm-packaging,openstack/futurist/futurist.spec.j2,17,"Other(""BuildRequires:  {{ py3('eventlet') }}"")",BuildRequires:  {{ py3('eventlet') }},https://opendev.org/openstack/rpm-packaging/src/branch/master/openstack/futurist/futurist.spec.j2
rpm-packaging,openstack/rpm-packaging,openstack/glance/glance.spec.j2,32,"Other(""BuildRequires:  {{ py3('eventlet') }}"")",BuildRequires:  {{ py3('eventlet') }},https://opendev.org/openstack/rpm-packaging/src/branch/master/openstack/glance/glance.spec.j2
rpm-packaging,openstack/rpm-packaging,openstack/glance/glance.spec.j2,105,"Other(""Requires:       {{ py3('eventlet') }}"")",Requires:       {{ py3('eventlet') }},https://opendev.org/openstack/rpm-packaging/src/branch/master/openstack/glance/glance.spec.j2
rpm-packaging,openstack/rpm-packaging,openstack/glance_store/glance_store.spec.j2,18,"Other(""BuildRequires:  {{ py3('eventlet') }}"")",BuildRequires:  {{ py3('eventlet') }},https://opendev.org/openstack/rpm-packaging/src/branch/master/openstack/glance_store/glance_store.spec.j2
rpm-packaging,openstack/rpm-packaging,openstack/glance_store/glance_store.spec.j2,49,"Other(""Requires:       {{ py3('eventlet') }}"")",Requires:       {{ py3('eventlet') }},https://opendev.org/openstack/rpm-packaging/src/branch/master/openstack/glance_store/glance_store.spec.j2
rpm-packaging,openstack/rpm-packaging,openstack/heat/heat.spec.j2,32,"Other(""BuildRequires:  {{ py3('eventlet') }}"")",BuildRequires:  {{ py3('eventlet') }},https://opendev.org/openstack/rpm-packaging/src/branch/master/openstack/heat/heat.spec.j2
rpm-packaging,openstack/rpm-packaging,openstack/heat/heat.spec.j2,91,"Other(""Requires:       {{ py3('eventlet') }}"")",Requires:       {{ py3('eventlet') }},https://opendev.org/openstack/rpm-packaging/src/branch/master/openstack/heat/heat.spec.j2
rpm-packaging,openstack/rpm-packaging,openstack/heat-tempest-plugin/heat-tempest-plugin.spec.j2,18,"Other(""Requires:      {{ py3('eventlet') }}"")",Requires:      {{ py3('eventlet') }},https://opendev.org/openstack/rpm-packaging/src/branch/master/openstack/heat-tempest-plugin/heat-tempest-plugin.spec.j2
rpm-packaging,openstack/rpm-packaging,openstack/ironic/ironic.spec.j2,35,"Other(""BuildRequires:  {{ py3('eventlet') }}"")",BuildRequires:  {{ py3('eventlet') }},https://opendev.org/openstack/rpm-packaging/src/branch/master/openstack/ironic/ironic.spec.j2
rpm-packaging,openstack/rpm-packaging,openstack/ironic/ironic.spec.j2,122,"Other(""Requires:       {{ py3('eventlet') }}"")",Requires:       {{ py3('eventlet') }},https://opendev.org/openstack/rpm-packaging/src/branch/master/openstack/ironic/ironic.spec.j2
rpm-packaging,openstack/rpm-packaging,openstack/ironic-inspector/ironic-inspector.spec.j2,29,"Other(""BuildRequires:  {{ py3('eventlet') }}"")",BuildRequires:  {{ py3('eventlet') }},https://opendev.org/openstack/rpm-packaging/src/branch/master/openstack/ironic-inspector/ironic-inspector.spec.j2
rpm-packaging,openstack/rpm-packaging,openstack/ironic-inspector/ironic-inspector.spec.j2,92,"Other(""Requires:     {{ py3('eventlet') }}"")",Requires:     {{ py3('eventlet') }},https://opendev.org/openstack/rpm-packaging/src/branch/master/openstack/ironic-inspector/ironic-inspector.spec.j2
rpm-packaging,openstack/rpm-packaging,openstack/ironic-python-agent/ironic-python-agent.spec.j2,19,"Other(""BuildRequires:  {{ py3('eventlet') }}"")",BuildRequires:  {{ py3('eventlet') }},https://opendev.org/openstack/rpm-packaging/src/branch/master/openstack/ironic-python-agent/ironic-python-agent.spec.j2
rpm-packaging,openstack/rpm-packaging,openstack/ironic-python-agent/ironic-python-agent.spec.j2,63,"Other(""Requires:       {{ py3('eventlet') }}"")",Requires:       {{ py3('eventlet') }},https://opendev.org/openstack/rpm-packaging/src/branch/master/openstack/ironic-python-agent/ironic-python-agent.spec.j2
rpm-packaging,openstack/rpm-packaging,openstack/magnum/magnum.spec.j2,102,"Other(""Requires:       {{ py3('eventlet') }}"")",Requires:       {{ py3('eventlet') }},https://opendev.org/openstack/rpm-packaging/src/branch/master/openstack/magnum/magnum.spec.j2
rpm-packaging,openstack/rpm-packaging,openstack/manila/manila.spec.j2,37,"Other(""BuildRequires:  {{ py3('eventlet') }}"")",BuildRequires:  {{ py3('eventlet') }},https://opendev.org/openstack/rpm-packaging/src/branch/master/openstack/manila/manila.spec.j2
rpm-packaging,openstack/rpm-packaging,openstack/manila/manila.spec.j2,109,"Other(""Requires:       {{ py3('eventlet') }}"")",Requires:       {{ py3('eventlet') }},https://opendev.org/openstack/rpm-packaging/src/branch/master/openstack/manila/manila.spec.j2
rpm-packaging,openstack/rpm-packaging,openstack/masakari/masakari.spec.j2,20,"Other(""BuildRequires:  {{ py3('eventlet') }}"")",BuildRequires:  {{ py3('eventlet') }},https://opendev.org/openstack/rpm-packaging/src/branch/master/openstack/masakari/masakari.spec.j2
rpm-packaging,openstack/rpm-packaging,openstack/masakari-monitors/masakari-monitors.spec.j2,22,"Other(""BuildRequires:  {{ py3('eventlet') }}"")",BuildRequires:  {{ py3('eventlet') }},https://opendev.org/openstack/rpm-packaging/src/branch/master/openstack/masakari-monitors/masakari-monitors.spec.j2
rpm-packaging,openstack/rpm-packaging,openstack/mistral/mistral.spec.j2,23,"Other(""BuildRequires:  {{ py3('eventlet') }}"")",BuildRequires:  {{ py3('eventlet') }},https://opendev.org/openstack/rpm-packaging/src/branch/master/openstack/mistral/mistral.spec.j2
rpm-packaging,openstack/rpm-packaging,openstack/mistral/mistral.spec.j2,84,"Other(""Requires:       {{ py3('eventlet') }}"")",Requires:       {{ py3('eventlet') }},https://opendev.org/openstack/rpm-packaging/src/branch/master/openstack/mistral/mistral.spec.j2
rpm-packaging,openstack/rpm-packaging,openstack/mistral-lib/mistral-lib.spec.j2,13,"Other(""BuildRequires:  {{ py3('eventlet') }}"")",BuildRequires:  {{ py3('eventlet') }},https://opendev.org/openstack/rpm-packaging/src/branch/master/openstack/mistral-lib/mistral-lib.spec.j2
rpm-packaging,openstack/rpm-packaging,openstack/mistral-lib/mistral-lib.spec.j2,32,"Other(""Requires:       {{ py3('eventlet') }}"")",Requires:       {{ py3('eventlet') }},https://opendev.org/openstack/rpm-packaging/src/branch/master/openstack/mistral-lib/mistral-lib.spec.j2
rpm-packaging,openstack/rpm-packaging,openstack/neutron/neutron.spec.j2,103,"Other(""Requires:       {{ py3('eventlet') }}"")",Requires:       {{ py3('eventlet') }},https://opendev.org/openstack/rpm-packaging/src/branch/master/openstack/neutron/neutron.spec.j2
rpm-packaging,openstack/rpm-packaging,openstack/neutron-dynamic-routing/neutron-dynamic-routing.spec.j2,31,"Other(""Requires:       {{ py3('eventlet') }}"")",Requires:       {{ py3('eventlet') }},https://opendev.org/openstack/rpm-packaging/src/branch/master/openstack/neutron-dynamic-routing/neutron-dynamic-routing.spec.j2
rpm-packaging,openstack/rpm-packaging,openstack/neutron-tempest-plugin/neutron-tempest-plugin.spec.j2,19,"Other(""Requires:      {{ py3('eventlet') }}"")",Requires:      {{ py3('eventlet') }},https://opendev.org/openstack/rpm-packaging/src/branch/master/openstack/neutron-tempest-plugin/neutron-tempest-plugin.spec.j2
rpm-packaging,openstack/rpm-packaging,openstack/nova/nova.spec.j2,134,"Other(""Requires:       {{ py3('eventlet') }}"")",Requires:       {{ py3('eventlet') }},https://opendev.org/openstack/rpm-packaging/src/branch/master/openstack/nova/nova.spec.j2
rpm-packaging,openstack/rpm-packaging,openstack/os-brick/os-brick.spec.j2,18,"Other(""BuildRequires:  {{ py3('eventlet') }}"")",BuildRequires:  {{ py3('eventlet') }},https://opendev.org/openstack/rpm-packaging/src/branch/master/openstack/os-brick/os-brick.spec.j2
rpm-packaging,openstack/rpm-packaging,openstack/os-brick/os-brick.spec.j2,49,"Other(""Requires:       {{ py3('eventlet') }}"")",Requires:       {{ py3('eventlet') }},https://opendev.org/openstack/rpm-packaging/src/branch/master/openstack/os-brick/os-brick.spec.j2
rpm-packaging,openstack/rpm-packaging,openstack/os-collect-config/os-collect-config.spec.j2,31,"Other(""Requires:       {{ py3('eventlet') }}"")",Requires:       {{ py3('eventlet') }},https://opendev.org/openstack/rpm-packaging/src/branch/master/openstack/os-collect-config/os-collect-config.spec.j2
rpm-packaging,openstack/rpm-packaging,openstack/os-ken/os-ken.spec.j2,16,"Other(""BuildRequires:  {{ py3('eventlet') }}"")",BuildRequires:  {{ py3('eventlet') }},https://opendev.org/openstack/rpm-packaging/src/branch/master/openstack/os-ken/os-ken.spec.j2
rpm-packaging,openstack/rpm-packaging,openstack/os-ken/os-ken.spec.j2,37,"Other(""Requires:       {{ py3('eventlet') }}"")",Requires:       {{ py3('eventlet') }},https://opendev.org/openstack/rpm-packaging/src/branch/master/openstack/os-ken/os-ken.spec.j2
rpm-packaging,openstack/rpm-packaging,openstack/oslo.concurrency/oslo.concurrency.spec.j2,14,"Other(""BuildRequires:  {{ py3('eventlet') }}"")",BuildRequires:  {{ py3('eventlet') }},https://opendev.org/openstack/rpm-packaging/src/branch/master/openstack/oslo.concurrency/oslo.concurrency.spec.j2
rpm-packaging,openstack/rpm-packaging,openstack/oslo.db/oslo.db.spec.j2,17,"Other(""BuildRequires:  {{ py3('eventlet') }}"")",BuildRequires:  {{ py3('eventlet') }},https://opendev.org/openstack/rpm-packaging/src/branch/master/openstack/oslo.db/oslo.db.spec.j2
rpm-packaging,openstack/rpm-packaging,openstack/oslo.log/oslo.log.spec.j2,15,"Other(""BuildRequires:  {{ py3('eventlet') }}"")",BuildRequires:  {{ py3('eventlet') }},https://opendev.org/openstack/rpm-packaging/src/branch/master/openstack/oslo.log/oslo.log.spec.j2
rpm-packaging,openstack/rpm-packaging,openstack/oslo.messaging/oslo.messaging.spec.j2,20,"Other(""BuildRequires:  {{ py3('eventlet') }}"")",BuildRequires:  {{ py3('eventlet') }},https://opendev.org/openstack/rpm-packaging/src/branch/master/openstack/oslo.messaging/oslo.messaging.spec.j2
rpm-packaging,openstack/rpm-packaging,openstack/oslo.privsep/oslo.privsep.spec.j2,15,"Other(""BuildRequires:  {{ py3('eventlet') }}"")",BuildRequires:  {{ py3('eventlet') }},https://opendev.org/openstack/rpm-packaging/src/branch/master/openstack/oslo.privsep/oslo.privsep.spec.j2
rpm-packaging,openstack/rpm-packaging,openstack/oslo.privsep/oslo.privsep.spec.j2,33,"Other(""Requires:       {{ py3('eventlet') }}"")",Requires:       {{ py3('eventlet') }},https://opendev.org/openstack/rpm-packaging/src/branch/master/openstack/oslo.privsep/oslo.privsep.spec.j2
rpm-packaging,openstack/rpm-packaging,openstack/oslo.reports/oslo.reports.spec.j2,15,"Other(""BuildRequires:  {{ py3('eventlet') }}"")",BuildRequires:  {{ py3('eventlet') }},https://opendev.org/openstack/rpm-packaging/src/branch/master/openstack/oslo.reports/oslo.reports.spec.j2
rpm-packaging,openstack/rpm-packaging,openstack/oslo.rootwrap/oslo.rootwrap.spec.j2,14,"Other(""BuildRequires:  {{ py3('eventlet') }}"")",BuildRequires:  {{ py3('eventlet') }},https://opendev.org/openstack/rpm-packaging/src/branch/master/openstack/oslo.rootwrap/oslo.rootwrap.spec.j2
rpm-packaging,openstack/rpm-packaging,openstack/oslo.service/oslo.service.spec.j2,21,"Other(""BuildRequires:  {{ py3('eventlet') }}"")",BuildRequires:  {{ py3('eventlet') }},https://opendev.org/openstack/rpm-packaging/src/branch/master/openstack/oslo.service/oslo.service.spec.j2
rpm-packaging,openstack/rpm-packaging,openstack/oslo.service/oslo.service.spec.j2,49,"Other(""Requires:       {{ py3('eventlet') }}"")",Requires:       {{ py3('eventlet') }},https://opendev.org/openstack/rpm-packaging/src/branch/master/openstack/oslo.service/oslo.service.spec.j2
rpm-packaging,openstack/rpm-packaging,openstack/oslo.utils/oslo.utils.spec.j2,17,"Other(""BuildRequires:  {{ py3('eventlet') }}"")",BuildRequires:  {{ py3('eventlet') }},https://opendev.org/openstack/rpm-packaging/src/branch/master/openstack/oslo.utils/oslo.utils.spec.j2
rpm-packaging,openstack/rpm-packaging,openstack/oslo.vmware/oslo.vmware.spec.j2,17,"Other(""BuildRequires:  {{ py3('eventlet') }}"")",BuildRequires:  {{ py3('eventlet') }},https://opendev.org/openstack/rpm-packaging/src/branch/master/openstack/oslo.vmware/oslo.vmware.spec.j2
rpm-packaging,openstack/rpm-packaging,openstack/oslo.vmware/oslo.vmware.spec.j2,47,"Other(""Requires:       {{ py3('eventlet') }}"")",Requires:       {{ py3('eventlet') }},https://opendev.org/openstack/rpm-packaging/src/branch/master/openstack/oslo.vmware/oslo.vmware.spec.j2
rpm-packaging,openstack/rpm-packaging,openstack/swift/swift.spec.j2,71,"Other(""Requires:       {{ py3('eventlet') }}"")",Requires:       {{ py3('eventlet') }},https://opendev.org/openstack/rpm-packaging/src/branch/master/openstack/swift/swift.spec.j2
rpm-packaging,openstack/rpm-packaging,openstack/taskflow/taskflow.spec.j2,21,"Other(""BuildRequires:  {{ py3('eventlet') }}"")",BuildRequires:  {{ py3('eventlet') }},https://opendev.org/openstack/rpm-packaging/src/branch/master/openstack/taskflow/taskflow.spec.j2
security-doc,openstack/security-doc,security-notes/OSSN-0023,27,Wsgi,INFO eventlet.wsgi.server [-] 10.0.0.66 - - [22/Aug/2014 12:39:01],https://opendev.org/openstack/security-doc/src/branch/master/security-notes/OSSN-0023
security-doc,openstack/security-doc,security-notes/OSSN-0023,56,"Other(""other than eventlet will need their own solution."")",other than eventlet will need their own solution.,https://opendev.org/openstack/security-doc/src/branch/master/security-notes/OSSN-0023
security-doc,openstack/security-doc,security-notes/OSSN-0039,22,"Other(""- Miscellaneous services (eventlet, syslog, ldap, "")","- Miscellaneous services (eventlet, syslog, ldap, smtp, etc)",https://opendev.org/openstack/security-doc/src/branch/master/security-notes/OSSN-0039
security-doc,openstack/security-doc,security-notes/OSSN-0045,22,"Other(""- Miscellaneous services (eventlet, syslog, ldap, "")","- Miscellaneous services (eventlet, syslog, ldap, smtp, etc)",https://opendev.org/openstack/security-doc/src/branch/master/security-notes/OSSN-0045
storlets,openstack/storlets,requirements.txt,3,"Other(""eventlet>=0.17.4 # MIT"")",eventlet>=0.17.4 # MIT,https://opendev.org/openstack/storlets/src/branch/master/requirements.txt
storlets,openstack/storlets,storlets/gateway/common/exceptions.py,17,Import,from eventlet import Timeout,https://opendev.org/openstack/storlets/src/branch/master/storlets/gateway/common/exceptions.py
storlets,openstack/storlets,storlets/gateway/gateways/container/runtime.py,24,Import,import eventlet,https://opendev.org/openstack/storlets/src/branch/master/storlets/gateway/gateways/container/runtime.py
storlets,openstack/storlets,storlets/gateway/gateways/container/runtime.py,40,MonkeyPatch,eventlet.monkey_patch(),https://opendev.org/openstack/storlets/src/branch/master/storlets/gateway/gateways/container/runtime.py
storlets,openstack/storlets,storlets/gateway/gateways/container/runtime.py,789,"Other(""eventlet.spawn_n"")","eventlet.spawn_n(self._write_input_data,",https://opendev.org/openstack/storlets/src/branch/master/storlets/gateway/gateways/container/runtime.py
storlets,openstack/storlets,storlets/gateway/gateways/container/runtime.py,798,"Other(""eventlet.spawn_n"")","eventlet.spawn_n(self._write_input_data,",https://opendev.org/openstack/storlets/src/branch/master/storlets/gateway/gateways/container/runtime.py
storlets,openstack/storlets,storlets/swift_middleware/storlet_handler.py,17,Import,from eventlet import Timeout,https://opendev.org/openstack/storlets/src/branch/master/storlets/swift_middleware/storlet_handler.py
swift,openstack/swift,CHANGELOG,92,"Other(""container `HEAD` responses (with eventlet>=0.38.0)"")",container `HEAD` responses (with eventlet>=0.38.0).,https://opendev.org/openstack/swift/src/branch/master/CHANGELOG
swift,openstack/swift,CHANGELOG,362,"Other(""* Added support for recent versions of eventlet."")",* Added support for recent versions of eventlet.,https://opendev.org/openstack/swift/src/branch/master/CHANGELOG
swift,openstack/swift,CHANGELOG,410,"Other(""`client_timeout` option. Note that this requires e"")",`client_timeout` option. Note that this requires eventlet 0.34.0,https://opendev.org/openstack/swift/src/branch/master/CHANGELOG
swift,openstack/swift,CHANGELOG,1061,"Other(""* The relinker now performs eventlet-hub selection"")",* The relinker now performs eventlet-hub selection the same way as,https://opendev.org/openstack/swift/src/branch/master/CHANGELOG
swift,openstack/swift,CHANGELOG,1351,"Other(""* Turned off thread-logging when monkey-patching w"")",* Turned off thread-logging when monkey-patching with eventlet. This,https://opendev.org/openstack/swift/src/branch/master/CHANGELOG
swift,openstack/swift,CHANGELOG,1536,"Other(""memory copies, and eventlet scheduling."")","memory copies, and eventlet scheduling.",https://opendev.org/openstack/swift/src/branch/master/CHANGELOG
swift,openstack/swift,CHANGELOG,1807,"Other(""* Dependency update: eventlet must be at least 0.2"")",* Dependency update: eventlet must be at least 0.25.0. This also,https://opendev.org/openstack/swift/src/branch/master/CHANGELOG
swift,openstack/swift,CHANGELOG,1817,"Other(""Note that this requires eventlet>=0.25.0. All unit"")","Note that this requires eventlet>=0.25.0. All unit tests pass,",https://opendev.org/openstack/swift/src/branch/master/CHANGELOG
swift,openstack/swift,CHANGELOG,1885,"Other(""If running Swift under Python 3, eventlet must be "")","If running Swift under Python 3, eventlet must be at least 0.25.0.",https://opendev.org/openstack/swift/src/branch/master/CHANGELOG
swift,openstack/swift,CHANGELOG,2186,"Other(""* Fixed a bug in how Swift uses eventlet that was "")",* Fixed a bug in how Swift uses eventlet that was exposed under high,https://opendev.org/openstack/swift/src/branch/master/CHANGELOG
swift,openstack/swift,CHANGELOG,2362,"Other(""* Fixed a bug in how Swift uses eventlet that was "")",* Fixed a bug in how Swift uses eventlet that was exposed under high,https://opendev.org/openstack/swift/src/branch/master/CHANGELOG
swift,openstack/swift,CHANGELOG,3310,"Other(""- Updated minimum version of eventlet to 0.17.4 to"")",- Updated minimum version of eventlet to 0.17.4 to support IPv6.,https://opendev.org/openstack/swift/src/branch/master/CHANGELOG
swift,openstack/swift,CHANGELOG,4155,"Other(""* Worked around a bug in eventlet 0.9.16 where the"")",* Worked around a bug in eventlet 0.9.16 where the size of the,https://opendev.org/openstack/swift/src/branch/master/CHANGELOG
swift,openstack/swift,CHANGELOG,4436,"Other(""* Add config option to turn eventlet debug on/off"")",* Add config option to turn eventlet debug on/off,https://opendev.org/openstack/swift/src/branch/master/CHANGELOG
swift,openstack/swift,README.rst,111,"Other(""Swift is a WSGI application and uses eventlet's WS"")",Swift is a WSGI application and uses eventlet's WSGI server. After the,https://opendev.org/openstack/swift/src/branch/master/README.rst
swift,openstack/swift,doc/manpages/account-server.conf.5,71,"Other(""that individual workers will use many eventlet co-"")",that individual workers will use many eventlet co-routines to service multiple,https://opendev.org/openstack/swift/src/branch/master/doc/manpages/account-server.conf.5
swift,openstack/swift,doc/manpages/account-server.conf.5,123,"Other("".IP \\fBeventlet_debug\\fR"")",.IP \fBeventlet_debug\fR,https://opendev.org/openstack/swift/src/branch/master/doc/manpages/account-server.conf.5
swift,openstack/swift,doc/manpages/account-server.conf.5,124,"Other(""Debug mode for eventlet library. The default is fa"")",Debug mode for eventlet library. The default is false.,https://opendev.org/openstack/swift/src/branch/master/doc/manpages/account-server.conf.5
swift,openstack/swift,doc/manpages/account-server.conf.5,246,"Other(""eventlet.green"")","standard profiler. Currently the supported value can be 'cProfile', 'eventlet.green.profile' etc.",https://opendev.org/openstack/swift/src/branch/master/doc/manpages/account-server.conf.5
swift,openstack/swift,doc/manpages/container-server.conf.5,71,"Other(""that individual workers will use many eventlet co-"")",that individual workers will use many eventlet co-routines to service multiple,https://opendev.org/openstack/swift/src/branch/master/doc/manpages/container-server.conf.5
swift,openstack/swift,doc/manpages/container-server.conf.5,129,"Other("".IP \\fBeventlet_debug\\fR"")",.IP \fBeventlet_debug\fR,https://opendev.org/openstack/swift/src/branch/master/doc/manpages/container-server.conf.5
swift,openstack/swift,doc/manpages/container-server.conf.5,130,"Other(""Debug mode for eventlet library. The default is fa"")",Debug mode for eventlet library. The default is false.,https://opendev.org/openstack/swift/src/branch/master/doc/manpages/container-server.conf.5
swift,openstack/swift,doc/manpages/container-server.conf.5,258,"Other(""eventlet.green"")","standard profiler. Currently the supported value can be 'cProfile', 'eventlet.green.profile' etc.",https://opendev.org/openstack/swift/src/branch/master/doc/manpages/container-server.conf.5
swift,openstack/swift,doc/manpages/object-server.conf.5,72,"Other(""that individual workers will use many eventlet co-"")",that individual workers will use many eventlet co-routines to service multiple,https://opendev.org/openstack/swift/src/branch/master/doc/manpages/object-server.conf.5
swift,openstack/swift,doc/manpages/object-server.conf.5,124,"Other("".IP \\fBeventlet_debug\\fR"")",.IP \fBeventlet_debug\fR,https://opendev.org/openstack/swift/src/branch/master/doc/manpages/object-server.conf.5
swift,openstack/swift,doc/manpages/object-server.conf.5,125,"Other(""Debug mode for eventlet library. The default is fa"")",Debug mode for eventlet library. The default is false.,https://opendev.org/openstack/swift/src/branch/master/doc/manpages/object-server.conf.5
swift,openstack/swift,doc/manpages/object-server.conf.5,318,"Other(""eventlet.green"")","standard profiler. Currently the supported value can be 'cProfile', 'eventlet.green.profile' etc.",https://opendev.org/openstack/swift/src/branch/master/doc/manpages/object-server.conf.5
swift,openstack/swift,doc/manpages/proxy-server.conf.5,81,"Other(""that individual workers will use many eventlet co-"")",that individual workers will use many eventlet co-routines to service multiple,https://opendev.org/openstack/swift/src/branch/master/doc/manpages/proxy-server.conf.5
swift,openstack/swift,doc/manpages/proxy-server.conf.5,134,"Other("".IP \\fBeventlet_debug\\fR"")",.IP \fBeventlet_debug\fR,https://opendev.org/openstack/swift/src/branch/master/doc/manpages/proxy-server.conf.5
swift,openstack/swift,doc/manpages/proxy-server.conf.5,135,"Other(""Debug mode for eventlet library. The default is fa"")",Debug mode for eventlet library. The default is false.,https://opendev.org/openstack/swift/src/branch/master/doc/manpages/proxy-server.conf.5
swift,openstack/swift,doc/manpages/proxy-server.conf.5,939,"Other(""eventlet.green"")","standard profiler. Currently the supported value can be 'cProfile', 'eventlet.green.profile' etc.",https://opendev.org/openstack/swift/src/branch/master/doc/manpages/proxy-server.conf.5
swift,openstack/swift,doc/manpages/swift.conf.5,172,"Other(""header. Using 8192 as default because eventlet use"")",header. Using 8192 as default because eventlet uses 8192 as max size of header,https://opendev.org/openstack/swift/src/branch/master/doc/manpages/swift.conf.5
swift,openstack/swift,doc/saio/swift/account-server/1.conf,11,"Other(""eventlet_debug = true"")",eventlet_debug = true,https://opendev.org/openstack/swift/src/branch/master/doc/saio/swift/account-server/1.conf
swift,openstack/swift,doc/saio/swift/account-server/2.conf,11,"Other(""eventlet_debug = true"")",eventlet_debug = true,https://opendev.org/openstack/swift/src/branch/master/doc/saio/swift/account-server/2.conf
swift,openstack/swift,doc/saio/swift/account-server/3.conf,11,"Other(""eventlet_debug = true"")",eventlet_debug = true,https://opendev.org/openstack/swift/src/branch/master/doc/saio/swift/account-server/3.conf
swift,openstack/swift,doc/saio/swift/account-server/4.conf,11,"Other(""eventlet_debug = true"")",eventlet_debug = true,https://opendev.org/openstack/swift/src/branch/master/doc/saio/swift/account-server/4.conf
swift,openstack/swift,doc/saio/swift/container-server/1.conf,11,"Other(""eventlet_debug = true"")",eventlet_debug = true,https://opendev.org/openstack/swift/src/branch/master/doc/saio/swift/container-server/1.conf
swift,openstack/swift,doc/saio/swift/container-server/2.conf,11,"Other(""eventlet_debug = true"")",eventlet_debug = true,https://opendev.org/openstack/swift/src/branch/master/doc/saio/swift/container-server/2.conf
swift,openstack/swift,doc/saio/swift/container-server/3.conf,11,"Other(""eventlet_debug = true"")",eventlet_debug = true,https://opendev.org/openstack/swift/src/branch/master/doc/saio/swift/container-server/3.conf
swift,openstack/swift,doc/saio/swift/container-server/4.conf,11,"Other(""eventlet_debug = true"")",eventlet_debug = true,https://opendev.org/openstack/swift/src/branch/master/doc/saio/swift/container-server/4.conf
swift,openstack/swift,doc/saio/swift/object-server/1.conf,11,"Other(""eventlet_debug = true"")",eventlet_debug = true,https://opendev.org/openstack/swift/src/branch/master/doc/saio/swift/object-server/1.conf
swift,openstack/swift,doc/saio/swift/object-server/2.conf,11,"Other(""eventlet_debug = true"")",eventlet_debug = true,https://opendev.org/openstack/swift/src/branch/master/doc/saio/swift/object-server/2.conf
swift,openstack/swift,doc/saio/swift/object-server/3.conf,11,"Other(""eventlet_debug = true"")",eventlet_debug = true,https://opendev.org/openstack/swift/src/branch/master/doc/saio/swift/object-server/3.conf
swift,openstack/swift,doc/saio/swift/object-server/4.conf,11,"Other(""eventlet_debug = true"")",eventlet_debug = true,https://opendev.org/openstack/swift/src/branch/master/doc/saio/swift/object-server/4.conf
swift,openstack/swift,doc/saio/swift/proxy-server.conf,7,"Other(""eventlet_debug = true"")",eventlet_debug = true,https://opendev.org/openstack/swift/src/branch/master/doc/saio/swift/proxy-server.conf
swift,openstack/swift,doc/source/config/account_server_config.rst,85,"Other(""eventlet_debug                   false       If tr"")","eventlet_debug                   false       If true, turn on debug logging for eventlet",https://opendev.org/openstack/swift/src/branch/master/doc/source/config/account_server_config.rst
swift,openstack/swift,doc/source/config/container_server_config.rst,82,"Other(""eventlet_debug                   false       If tr"")","eventlet_debug                   false       If true, turn on debug logging for eventlet",https://opendev.org/openstack/swift/src/branch/master/doc/source/config/container_server_config.rst
swift,openstack/swift,doc/source/config/object_server_config.rst,106,"Other(""eventlet_debug                   false       If tr"")","eventlet_debug                   false       If true, turn on debug logging for",https://opendev.org/openstack/swift/src/branch/master/doc/source/config/object_server_config.rst
swift,openstack/swift,doc/source/config/object_server_config.rst,107,"Other(""eventlet"")",eventlet,https://opendev.org/openstack/swift/src/branch/master/doc/source/config/object_server_config.rst
swift,openstack/swift,doc/source/config/object_server_config.rst,285,"Other(""eventlet_tpool_num_threads         auto           "")",eventlet_tpool_num_threads         auto                   The number of threads in eventlet's thread pool.,https://opendev.org/openstack/swift/src/branch/master/doc/source/config/object_server_config.rst
swift,openstack/swift,doc/source/config/object_server_config.rst,289,"Other(""eventlet."")",eventlet.,https://opendev.org/openstack/swift/src/branch/master/doc/source/config/object_server_config.rst
swift,openstack/swift,doc/source/config/object_server_config.rst,293,"Other(""eventlet's default (currently 20 threads)."")",eventlet's default (currently 20 threads).,https://opendev.org/openstack/swift/src/branch/master/doc/source/config/object_server_config.rst
swift,openstack/swift,doc/source/config/proxy_server_config.rst,112,"Other(""eventlet_debug                        false       "")","eventlet_debug                        false                     If true, turn on debug logging",https://opendev.org/openstack/swift/src/branch/master/doc/source/config/proxy_server_config.rst
swift,openstack/swift,doc/source/config/proxy_server_config.rst,113,"Other(""for eventlet"")",for eventlet,https://opendev.org/openstack/swift/src/branch/master/doc/source/config/proxy_server_config.rst
swift,openstack/swift,doc/source/config/swift_common_config.rst,20,"Other(""as default because eventlet use 8192 as max"")",as default because eventlet use 8192 as max,https://opendev.org/openstack/swift/src/branch/master/doc/source/config/swift_common_config.rst
swift,openstack/swift,doc/source/deployment_guide.rst,161,"Other(""service a request for any disk, and a slow I/O req"")","service a request for any disk, and a slow I/O request blocks the eventlet hub,",https://opendev.org/openstack/swift/src/branch/master/doc/source/deployment_guide.rst
swift,openstack/swift,doc/source/development_auth.rst,289,Import,from eventlet.timeout import Timeout,https://opendev.org/openstack/swift/src/branch/master/doc/source/development_auth.rst
swift,openstack/swift,doc/source/development_middleware.rst,82,Import,from eventlet import Timeout,https://opendev.org/openstack/swift/src/branch/master/doc/source/development_middleware.rst
swift,openstack/swift,doc/source/development_middleware.rst,83,Import,from eventlet.green.urllib import urllib_request,https://opendev.org/openstack/swift/src/branch/master/doc/source/development_middleware.rst
swift,openstack/swift,doc/source/development_saio.rst,63,"Other(""python3-xattr python3-eventlet \\"")",python3-xattr python3-eventlet \,https://opendev.org/openstack/swift/src/branch/master/doc/source/development_saio.rst
swift,openstack/swift,doc/source/development_saio.rst,77,"Other(""python3-pyxattr python3-eventlet \\"")",python3-pyxattr python3-eventlet \,https://opendev.org/openstack/swift/src/branch/master/doc/source/development_saio.rst
swift,openstack/swift,doc/source/development_saio.rst,88,"Other(""python3-pyxattr python3-eventlet \\"")",python3-pyxattr python3-eventlet \,https://opendev.org/openstack/swift/src/branch/master/doc/source/development_saio.rst
swift,openstack/swift,doc/source/development_saio.rst,98,"Other(""python3-xattr python3-eventlet python3-greenlet \\"")",python3-xattr python3-eventlet python3-greenlet \,https://opendev.org/openstack/swift/src/branch/master/doc/source/development_saio.rst
swift,openstack/swift,lower-constraints.txt,22,"Other(""eventlet==0.25.0"")",eventlet==0.25.0,https://opendev.org/openstack/swift/src/branch/master/lower-constraints.txt
swift,openstack/swift,py3-constraints.txt,51,"Other(""eventlet===0.40.3;python_version>='3.9'"")",eventlet===0.40.3;python_version>='3.9',https://opendev.org/openstack/swift/src/branch/master/py3-constraints.txt
swift,openstack/swift,py3-constraints.txt,52,"Other(""eventlet===0.39.1;python_version=='3.8'"")",eventlet===0.39.1;python_version=='3.8',https://opendev.org/openstack/swift/src/branch/master/py3-constraints.txt
swift,openstack/swift,py3-constraints.txt,53,"Other(""eventlet===0.38.2;python_version=='3.7'"")",eventlet===0.38.2;python_version=='3.7',https://opendev.org/openstack/swift/src/branch/master/py3-constraints.txt
swift,openstack/swift,releasenotes/notes/2_17_1_release-dd6e6879cbb94f85.yaml,10,"Other(""Fixed a bug in how Swift uses eventlet that was ex"")",Fixed a bug in how Swift uses eventlet that was exposed under high,https://opendev.org/openstack/swift/src/branch/master/releasenotes/notes/2_17_1_release-dd6e6879cbb94f85.yaml
swift,openstack/swift,releasenotes/notes/2_19_1_release-5072dd72557f5708.yaml,15,"Other(""Fixed a bug in how Swift uses eventlet that was ex"")",Fixed a bug in how Swift uses eventlet that was exposed under high,https://opendev.org/openstack/swift/src/branch/master/releasenotes/notes/2_19_1_release-5072dd72557f5708.yaml
swift,openstack/swift,releasenotes/notes/2_22_0_release-f60d29508b3c1283.yaml,5,"Other(""Note that this requires ``eventlet>=0.25.0``. All "")","Note that this requires ``eventlet>=0.25.0``. All unit tests pass,",https://opendev.org/openstack/swift/src/branch/master/releasenotes/notes/2_22_0_release-f60d29508b3c1283.yaml
swift,openstack/swift,releasenotes/notes/2_22_0_release-f60d29508b3c1283.yaml,37,"Other(""If running Swift under Python 3, ``eventlet`` must"")","If running Swift under Python 3, ``eventlet`` must be at least 0.25.0.",https://opendev.org/openstack/swift/src/branch/master/releasenotes/notes/2_22_0_release-f60d29508b3c1283.yaml
swift,openstack/swift,releasenotes/notes/2_23_0_release-2a2d11c1934f0b61.yaml,20,"Other(""**Dependency update**: ``eventlet`` must be at lea"")",**Dependency update**: ``eventlet`` must be at least 0.25.0. This also,https://opendev.org/openstack/swift/src/branch/master/releasenotes/notes/2_23_0_release-2a2d11c1934f0b61.yaml
swift,openstack/swift,releasenotes/notes/2_25_0_release-09410c808881bf21.yaml,21,"Other(""memory copies, and eventlet scheduling."")","memory copies, and eventlet scheduling.",https://opendev.org/openstack/swift/src/branch/master/releasenotes/notes/2_25_0_release-09410c808881bf21.yaml
swift,openstack/swift,releasenotes/notes/2_27_0_release-a9ae967d6d271342.yaml,215,"Other(""Turned off thread-logging when monkey-patching wit"")",Turned off thread-logging when monkey-patching with eventlet. This,https://opendev.org/openstack/swift/src/branch/master/releasenotes/notes/2_27_0_release-a9ae967d6d271342.yaml
swift,openstack/swift,releasenotes/notes/2_28_0_release-f2515e07fb61cd01.yaml,129,"Other(""* The relinker now performs eventlet-hub selection"")",* The relinker now performs eventlet-hub selection the same way as,https://opendev.org/openstack/swift/src/branch/master/releasenotes/notes/2_28_0_release-f2515e07fb61cd01.yaml
swift,openstack/swift,releasenotes/notes/2_32_0_release-39c8fb77a0a3e72d.yaml,13,"Other(""``client_timeout`` option. Note that this requires"")",``client_timeout`` option. Note that this requires eventlet 0.33.4,https://opendev.org/openstack/swift/src/branch/master/releasenotes/notes/2_32_0_release-39c8fb77a0a3e72d.yaml
swift,openstack/swift,releasenotes/notes/3_33_0_release-d208917f5012cedd.yaml,47,"Other(""Added support for recent versions of eventlet."")",Added support for recent versions of eventlet.,https://opendev.org/openstack/swift/src/branch/master/releasenotes/notes/3_33_0_release-d208917f5012cedd.yaml
swift,openstack/swift,releasenotes/notes/release-2.35.0-bb2736e6cbc4a520.yaml,76,"Other(""container ``HEAD`` responses (with eventlet>=0.38."")",container ``HEAD`` responses (with eventlet>=0.38.0).,https://opendev.org/openstack/swift/src/branch/master/releasenotes/notes/release-2.35.0-bb2736e6cbc4a520.yaml
swift,openstack/swift,releasenotes/source/locale/en_GB/LC_MESSAGES/releasenotes.po,23,"Other(""\""**Dependency update**: ``eventlet`` must be at le"")","""**Dependency update**: ``eventlet`` must be at least 0.25.0. This also """,https://opendev.org/openstack/swift/src/branch/master/releasenotes/source/locale/en_GB/LC_MESSAGES/releasenotes.po
swift,openstack/swift,releasenotes/source/locale/en_GB/LC_MESSAGES/releasenotes.po,27,"Other(""\""**Dependency update**: ``eventlet`` must be at le"")","""**Dependency update**: ``eventlet`` must be at least 0.25.0. This also """,https://opendev.org/openstack/swift/src/branch/master/releasenotes/source/locale/en_GB/LC_MESSAGES/releasenotes.po
swift,openstack/swift,releasenotes/source/locale/en_GB/LC_MESSAGES/releasenotes.po,584,"Other(""\""``client_timeout`` option. Note that this require"")","""``client_timeout`` option. Note that this requires eventlet 0.33.4 """,https://opendev.org/openstack/swift/src/branch/master/releasenotes/source/locale/en_GB/LC_MESSAGES/releasenotes.po
swift,openstack/swift,releasenotes/source/locale/en_GB/LC_MESSAGES/releasenotes.po,589,"Other(""\""``client_timeout`` option. Note that this require"")","""``client_timeout`` option. Note that this requires eventlet 0.33.4 """,https://opendev.org/openstack/swift/src/branch/master/releasenotes/source/locale/en_GB/LC_MESSAGES/releasenotes.po
swift,openstack/swift,releasenotes/source/locale/en_GB/LC_MESSAGES/releasenotes.po,897,"Other(""msgid \""Added support for recent versions of eventl"")","msgid ""Added support for recent versions of eventlet.""",https://opendev.org/openstack/swift/src/branch/master/releasenotes/source/locale/en_GB/LC_MESSAGES/releasenotes.po
swift,openstack/swift,releasenotes/source/locale/en_GB/LC_MESSAGES/releasenotes.po,898,"Other(""msgstr \""Added support for recent versions of event"")","msgstr ""Added support for recent versions of eventlet.""",https://opendev.org/openstack/swift/src/branch/master/releasenotes/source/locale/en_GB/LC_MESSAGES/releasenotes.po
swift,openstack/swift,releasenotes/source/locale/en_GB/LC_MESSAGES/releasenotes.po,1343,"Other(""\""requires ``eventlet>=0.25.0``. All unit tests pas"")","""requires ``eventlet>=0.25.0``. All unit tests pass, and running functional """,https://opendev.org/openstack/swift/src/branch/master/releasenotes/source/locale/en_GB/LC_MESSAGES/releasenotes.po
swift,openstack/swift,releasenotes/source/locale/en_GB/LC_MESSAGES/releasenotes.po,1348,"Other(""\""requires ``eventlet>=0.25.0``. All unit tests pas"")","""requires ``eventlet>=0.25.0``. All unit tests pass, and running functional """,https://opendev.org/openstack/swift/src/branch/master/releasenotes/source/locale/en_GB/LC_MESSAGES/releasenotes.po
swift,openstack/swift,releasenotes/source/locale/en_GB/LC_MESSAGES/releasenotes.po,1408,"Other(""\""Fixed a bug in how Swift uses eventlet that was e"")","""Fixed a bug in how Swift uses eventlet that was exposed under high """,https://opendev.org/openstack/swift/src/branch/master/releasenotes/source/locale/en_GB/LC_MESSAGES/releasenotes.po
swift,openstack/swift,releasenotes/source/locale/en_GB/LC_MESSAGES/releasenotes.po,1411,"Other(""\""Fixed a bug in how Swift uses eventlet that was e"")","""Fixed a bug in how Swift uses eventlet that was exposed under high """,https://opendev.org/openstack/swift/src/branch/master/releasenotes/source/locale/en_GB/LC_MESSAGES/releasenotes.po
swift,openstack/swift,releasenotes/source/locale/en_GB/LC_MESSAGES/releasenotes.po,1804,"Other(""msgid \""If running Swift under Python 3, ``eventlet"")","msgid ""If running Swift under Python 3, ``eventlet`` must be at least 0.25.0.""",https://opendev.org/openstack/swift/src/branch/master/releasenotes/source/locale/en_GB/LC_MESSAGES/releasenotes.po
swift,openstack/swift,releasenotes/source/locale/en_GB/LC_MESSAGES/releasenotes.po,1805,"Other(""msgstr \""If running Swift under Python 3, ``eventle"")","msgstr ""If running Swift under Python 3, ``eventlet`` must be at least 0.25.0.""",https://opendev.org/openstack/swift/src/branch/master/releasenotes/source/locale/en_GB/LC_MESSAGES/releasenotes.po
swift,openstack/swift,releasenotes/source/locale/en_GB/LC_MESSAGES/releasenotes.po,1943,"Other(""\""copies, and eventlet scheduling.\"""")","""copies, and eventlet scheduling.""",https://opendev.org/openstack/swift/src/branch/master/releasenotes/source/locale/en_GB/LC_MESSAGES/releasenotes.po
swift,openstack/swift,releasenotes/source/locale/en_GB/LC_MESSAGES/releasenotes.po,1946,"Other(""\""copies, and eventlet scheduling.\"""")","""copies, and eventlet scheduling.""",https://opendev.org/openstack/swift/src/branch/master/releasenotes/source/locale/en_GB/LC_MESSAGES/releasenotes.po
swift,openstack/swift,releasenotes/source/locale/en_GB/LC_MESSAGES/releasenotes.po,3643,"Other(""\""The relinker now performs eventlet-hub selection "")","""The relinker now performs eventlet-hub selection the same way as other """,https://opendev.org/openstack/swift/src/branch/master/releasenotes/source/locale/en_GB/LC_MESSAGES/releasenotes.po
swift,openstack/swift,releasenotes/source/locale/en_GB/LC_MESSAGES/releasenotes.po,3647,"Other(""\""The relinker now performs eventlet-hub selection "")","""The relinker now performs eventlet-hub selection the same way as other """,https://opendev.org/openstack/swift/src/branch/master/releasenotes/source/locale/en_GB/LC_MESSAGES/releasenotes.po
swift,openstack/swift,releasenotes/source/locale/en_GB/LC_MESSAGES/releasenotes.po,3789,"Other(""\""Turned off thread-logging when monkey-patching wi"")","""Turned off thread-logging when monkey-patching with eventlet. This addresses """,https://opendev.org/openstack/swift/src/branch/master/releasenotes/source/locale/en_GB/LC_MESSAGES/releasenotes.po
swift,openstack/swift,releasenotes/source/locale/en_GB/LC_MESSAGES/releasenotes.po,3792,"Other(""\""Turned off thread-logging when monkey-patching wi"")","""Turned off thread-logging when monkey-patching with eventlet. This addresses """,https://opendev.org/openstack/swift/src/branch/master/releasenotes/source/locale/en_GB/LC_MESSAGES/releasenotes.po
swift,openstack/swift,requirements.txt,5,"Other(""eventlet>=0.25.0,!=0.34.3               # MIT"")","eventlet>=0.25.0,!=0.34.3               # MIT",https://opendev.org/openstack/swift/src/branch/master/requirements.txt
swift,openstack/swift,swift/account/reaper.py,24,Import,"from eventlet import GreenPool, sleep, Timeout",https://opendev.org/openstack/swift/src/branch/master/swift/account/reaper.py
swift,openstack/swift,swift/account/server.py,22,Import,from eventlet import Timeout,https://opendev.org/openstack/swift/src/branch/master/swift/account/server.py
swift,openstack/swift,swift/cli/account_audit.py,23,Import,from eventlet.greenpool import GreenPool,https://opendev.org/openstack/swift/src/branch/master/swift/cli/account_audit.py
swift,openstack/swift,swift/cli/account_audit.py,24,Import,from eventlet.event import Event,https://opendev.org/openstack/swift/src/branch/master/swift/cli/account_audit.py
swift,openstack/swift,swift/cli/dispersion_populate.py,23,Import,"from eventlet import GreenPool, patcher, sleep",https://opendev.org/openstack/swift/src/branch/master/swift/cli/dispersion_populate.py
swift,openstack/swift,swift/cli/dispersion_populate.py,24,Import,from eventlet.pools import Pool,https://opendev.org/openstack/swift/src/branch/master/swift/cli/dispersion_populate.py
swift,openstack/swift,swift/cli/dispersion_report.py,24,Import,"from eventlet import GreenPool, hubs, patcher, Timeout",https://opendev.org/openstack/swift/src/branch/master/swift/cli/dispersion_report.py
swift,openstack/swift,swift/cli/dispersion_report.py,25,Import,from eventlet.pools import Pool,https://opendev.org/openstack/swift/src/branch/master/swift/cli/dispersion_report.py
swift,openstack/swift,swift/cli/recon.py,19,Import,from eventlet.green import socket,https://opendev.org/openstack/swift/src/branch/master/swift/cli/recon.py
swift,openstack/swift,swift/cli/recon.py,26,Import,import eventlet,https://opendev.org/openstack/swift/src/branch/master/swift/cli/recon.py
swift,openstack/swift,swift/cli/recon.py,33,Import,from eventlet.green.urllib import request as urllib_request,https://opendev.org/openstack/swift/src/branch/master/swift/cli/recon.py
swift,openstack/swift,swift/cli/recon.py,155,Pool,self.pool = eventlet.GreenPool(self.pool_size),https://opendev.org/openstack/swift/src/branch/master/swift/cli/recon.py
swift,openstack/swift,swift/cli/recon_cron.py,18,Import,from eventlet import Timeout,https://opendev.org/openstack/swift/src/branch/master/swift/cli/recon_cron.py
swift,openstack/swift,swift/cli/reconciler_enqueue.py,17,Import,import eventlet.debug,https://opendev.org/openstack/swift/src/branch/master/swift/cli/reconciler_enqueue.py
swift,openstack/swift,swift/cli/reconciler_enqueue.py,51,"Other(""eventlet.debug"")",eventlet.debug.hub_exceptions(True),https://opendev.org/openstack/swift/src/branch/master/swift/cli/reconciler_enqueue.py
swift,openstack/swift,swift/cli/relinker.py,27,Import,from eventlet import hubs,https://opendev.org/openstack/swift/src/branch/master/swift/cli/relinker.py
swift,openstack/swift,swift/common/bufferedhttp.py,35,Import,"from eventlet.green.http.client import CONTINUE, HTTPConnection, \",https://opendev.org/openstack/swift/src/branch/master/swift/common/bufferedhttp.py
swift,openstack/swift,swift/common/bufferedhttp.py,39,Import,from eventlet.green.http import client as green_http_client,https://opendev.org/openstack/swift/src/branch/master/swift/common/bufferedhttp.py
swift,openstack/swift,swift/common/daemon.py,23,Import,import eventlet,https://opendev.org/openstack/swift/src/branch/master/swift/common/daemon.py
swift,openstack/swift,swift/common/daemon.py,24,Import,import eventlet.debug,https://opendev.org/openstack/swift/src/branch/master/swift/common/daemon.py
swift,openstack/swift,swift/common/daemon.py,296,"Other(""eventlet.hubs"")",eventlet.hubs.use_hub(utils.get_hub()),https://opendev.org/openstack/swift/src/branch/master/swift/common/daemon.py
swift,openstack/swift,swift/common/daemon.py,320,"Other(""eventlet_debug = utils.config_true_value(conf.get("")","eventlet_debug = utils.config_true_value(conf.get('eventlet_debug', 'no'))",https://opendev.org/openstack/swift/src/branch/master/swift/common/daemon.py
swift,openstack/swift,swift/common/daemon.py,321,"Other(""eventlet.debug"")",eventlet.debug.hub_exceptions(eventlet_debug),https://opendev.org/openstack/swift/src/branch/master/swift/common/daemon.py
swift,openstack/swift,swift/common/db.py,29,Import,"from eventlet import sleep, Timeout",https://opendev.org/openstack/swift/src/branch/master/swift/common/db.py
swift,openstack/swift,swift/common/db.py,115,"Other(""\""\""\""SQLite DB Connection handler that plays well wi"")","""""""SQLite DB Connection handler that plays well with eventlet.""""""",https://opendev.org/openstack/swift/src/branch/master/swift/common/db.py
swift,openstack/swift,swift/common/db.py,147,"Other(""\""\""\""SQLite Cursor handler that plays well with even"")","""""""SQLite Cursor handler that plays well with eventlet.""""""",https://opendev.org/openstack/swift/src/branch/master/swift/common/db.py
swift,openstack/swift,swift/common/db_auditor.py,20,Import,from eventlet import Timeout,https://opendev.org/openstack/swift/src/branch/master/swift/common/db_auditor.py
swift,openstack/swift,swift/common/db_replicator.py,28,Import,"from eventlet import GreenPool, sleep, Timeout",https://opendev.org/openstack/swift/src/branch/master/swift/common/db_replicator.py
swift,openstack/swift,swift/common/db_replicator.py,29,Import,from eventlet.green import subprocess,https://opendev.org/openstack/swift/src/branch/master/swift/common/db_replicator.py
swift,openstack/swift,swift/common/direct_client.py,25,Import,"from eventlet import sleep, Timeout",https://opendev.org/openstack/swift/src/branch/master/swift/common/direct_client.py
swift,openstack/swift,swift/common/direct_client.py,101,"Other(""eventlet.Timeout"")",:raises eventlet.Timeout: if either conn_timeout or response_timeout is,https://opendev.org/openstack/swift/src/branch/master/swift/common/direct_client.py
swift,openstack/swift,swift/common/exceptions.py,16,Import,from eventlet import Timeout,https://opendev.org/openstack/swift/src/branch/master/swift/common/exceptions.py
swift,openstack/swift,swift/common/http_protocol.py,16,Import,"from eventlet import wsgi, websocket",https://opendev.org/openstack/swift/src/branch/master/swift/common/http_protocol.py
swift,openstack/swift,swift/common/http_protocol.py,22,Import,from eventlet.green.http import client as http_client,https://opendev.org/openstack/swift/src/branch/master/swift/common/http_protocol.py
swift,openstack/swift,swift/common/http_protocol.py,32,"Other(""self.pre_shutdown_bugfix_eventlet = not getattr("")",self.pre_shutdown_bugfix_eventlet = not getattr(,https://opendev.org/openstack/swift/src/branch/master/swift/common/http_protocol.py
swift,openstack/swift,swift/common/http_protocol.py,217,"Other(""if self.pre_shutdown_bugfix_eventlet:"")",if self.pre_shutdown_bugfix_eventlet:,https://opendev.org/openstack/swift/src/branch/master/swift/common/http_protocol.py
swift,openstack/swift,swift/common/http_protocol.py,224,"Other(""if self.pre_shutdown_bugfix_eventlet:"")",if self.pre_shutdown_bugfix_eventlet:,https://opendev.org/openstack/swift/src/branch/master/swift/common/http_protocol.py
swift,openstack/swift,swift/common/internal_client.py,16,Import,"from eventlet import sleep, Timeout, spawn",https://opendev.org/openstack/swift/src/branch/master/swift/common/internal_client.py
swift,openstack/swift,swift/common/internal_client.py,17,Import,from eventlet.green import socket,https://opendev.org/openstack/swift/src/branch/master/swift/common/internal_client.py
swift,openstack/swift,swift/common/internal_client.py,18,Import,from eventlet.green.http import client as http_client,https://opendev.org/openstack/swift/src/branch/master/swift/common/internal_client.py
swift,openstack/swift,swift/common/internal_client.py,19,Import,from eventlet.green.urllib import request as urllib_request,https://opendev.org/openstack/swift/src/branch/master/swift/common/internal_client.py
swift,openstack/swift,swift/common/memcached.py,39,"Other(""sockets in order to play nice with eventlet."")",sockets in order to play nice with eventlet.,https://opendev.org/openstack/swift/src/branch/master/swift/common/memcached.py
swift,openstack/swift,swift/common/memcached.py,55,Import,"from eventlet.green import socket, ssl",https://opendev.org/openstack/swift/src/branch/master/swift/common/memcached.py
swift,openstack/swift,swift/common/memcached.py,56,Import,from eventlet.pools import Pool,https://opendev.org/openstack/swift/src/branch/master/swift/common/memcached.py
swift,openstack/swift,swift/common/memcached.py,57,Import,from eventlet import Timeout,https://opendev.org/openstack/swift/src/branch/master/swift/common/memcached.py
swift,openstack/swift,swift/common/middleware/bulk.py,200,Import,from eventlet import sleep,https://opendev.org/openstack/swift/src/branch/master/swift/common/middleware/bulk.py
swift,openstack/swift,swift/common/middleware/bulk.py,357,"Other(""eventlet.minimum_write_chunk_size"")",req.environ['eventlet.minimum_write_chunk_size'] = 0,https://opendev.org/openstack/swift/src/branch/master/swift/common/middleware/bulk.py
swift,openstack/swift,swift/common/middleware/bulk.py,492,"Other(""eventlet.minimum_write_chunk_size"")",req.environ['eventlet.minimum_write_chunk_size'] = 0,https://opendev.org/openstack/swift/src/branch/master/swift/common/middleware/bulk.py
swift,openstack/swift,swift/common/middleware/catch_errors.py,38,"Other(""(e.g.  eventlet's wsgi.server)."")",(e.g.  eventlet's wsgi.server).,https://opendev.org/openstack/swift/src/branch/master/swift/common/middleware/catch_errors.py
swift,openstack/swift,swift/common/middleware/copy.py,128,Import,import eventlet,https://opendev.org/openstack/swift/src/branch/master/swift/common/middleware/copy.py
swift,openstack/swift,swift/common/middleware/copy.py,204,Spawn,"gt = eventlet.spawn(self._app_call,",https://opendev.org/openstack/swift/src/branch/master/swift/common/middleware/copy.py
swift,openstack/swift,swift/common/middleware/copy.py,216,"Other(""eventlet.Timeout"")",with eventlet.Timeout(self.yield_frequency):,https://opendev.org/openstack/swift/src/branch/master/swift/common/middleware/copy.py
swift,openstack/swift,swift/common/middleware/copy.py,218,"Other(""eventlet.Timeout"")",except eventlet.Timeout:,https://opendev.org/openstack/swift/src/branch/master/swift/common/middleware/copy.py
swift,openstack/swift,swift/common/middleware/copy.py,406,"Other(""eventlet.minimum_write_chunk_size"")",wsgi_input.environ['eventlet.minimum_write_chunk_size'] = 0,https://opendev.org/openstack/swift/src/branch/master/swift/common/middleware/copy.py
swift,openstack/swift,swift/common/middleware/copy.py,409,"Other(""eventlet.minimum_write_chunk_size"")",req.environ['eventlet.minimum_write_chunk_size'] = 0,https://opendev.org/openstack/swift/src/branch/master/swift/common/middleware/copy.py
swift,openstack/swift,swift/common/middleware/ratelimit.py,17,Import,import eventlet,https://opendev.org/openstack/swift/src/branch/master/swift/common/middleware/ratelimit.py
swift,openstack/swift,swift/common/middleware/ratelimit.py,265,Sleep,eventlet.sleep(self.BLACK_LIST_SLEEP),https://opendev.org/openstack/swift/src/branch/master/swift/common/middleware/ratelimit.py
swift,openstack/swift,swift/common/middleware/ratelimit.py,283,Sleep,eventlet.sleep(need_to_sleep),https://opendev.org/openstack/swift/src/branch/master/swift/common/middleware/ratelimit.py
swift,openstack/swift,swift/common/middleware/s3api/s3request.py,536,"Other(""if 'headers_raw' in self.req.environ:  # eventlet "")",if 'headers_raw' in self.req.environ:  # eventlet >= 0.19.0,https://opendev.org/openstack/swift/src/branch/master/swift/common/middleware/s3api/s3request.py
swift,openstack/swift,swift/common/middleware/s3api/s3request.py,916,"Other(""if 'headers_raw' in self.environ:  # eventlet >= 0"")",if 'headers_raw' in self.environ:  # eventlet >= 0.19.0,https://opendev.org/openstack/swift/src/branch/master/swift/common/middleware/s3api/s3request.py
swift,openstack/swift,swift/common/middleware/s3api/s3request.py,1876,"Other(""if 'headers_raw' in env:  # eventlet >= 0.19.0"")",if 'headers_raw' in env:  # eventlet >= 0.19.0,https://opendev.org/openstack/swift/src/branch/master/swift/common/middleware/s3api/s3request.py
swift,openstack/swift,swift/common/middleware/slo.py,1479,"Other(""eventlet.minimum_write_chunk_size"")",req.environ['eventlet.minimum_write_chunk_size'] = 0,https://opendev.org/openstack/swift/src/branch/master/swift/common/middleware/slo.py
swift,openstack/swift,swift/common/middleware/tempauth.py,185,Import,from eventlet import Timeout,https://opendev.org/openstack/swift/src/branch/master/swift/common/middleware/tempauth.py
swift,openstack/swift,swift/common/middleware/xprofile.py,24,"Other(""The current implementation is based on eventlet aw"")",The current implementation is based on eventlet aware profiler.(For the,https://opendev.org/openstack/swift/src/branch/master/swift/common/middleware/xprofile.py
swift,openstack/swift,swift/common/middleware/xprofile.py,86,Import,"from eventlet import greenthread, GreenPool, patcher",https://opendev.org/openstack/swift/src/branch/master/swift/common/middleware/xprofile.py
swift,openstack/swift,swift/common/middleware/xprofile.py,87,Import,import eventlet.green.profile as eprofile,https://opendev.org/openstack/swift/src/branch/master/swift/common/middleware/xprofile.py
swift,openstack/swift,swift/common/middleware/xprofile.py,168,"Other(""eventlet.green"")",'eventlet.green.profile'),https://opendev.org/openstack/swift/src/branch/master/swift/common/middleware/xprofile.py
swift,openstack/swift,swift/common/middleware/xprofile.py,245,"Other(""eventlet.green"")",if profile_module == 'eventlet.green.profile':,https://opendev.org/openstack/swift/src/branch/master/swift/common/middleware/xprofile.py
swift,openstack/swift,swift/common/statsd_client.py,24,Import,from eventlet.green import socket,https://opendev.org/openstack/swift/src/branch/master/swift/common/statsd_client.py
swift,openstack/swift,swift/common/swob.py,126,Wsgi,eventlet.wsgi.Input to the BytesIO class which would otherwise be a fine,https://opendev.org/openstack/swift/src/branch/master/swift/common/swob.py
swift,openstack/swift,swift/common/utils/__init__.py,50,Import,import eventlet,https://opendev.org/openstack/swift/src/branch/master/swift/common/utils/__init__.py
swift,openstack/swift,swift/common/utils/__init__.py,51,Import,import eventlet.debug,https://opendev.org/openstack/swift/src/branch/master/swift/common/utils/__init__.py
swift,openstack/swift,swift/common/utils/__init__.py,52,Import,import eventlet.greenthread,https://opendev.org/openstack/swift/src/branch/master/swift/common/utils/__init__.py
swift,openstack/swift,swift/common/utils/__init__.py,53,Import,import eventlet.patcher,https://opendev.org/openstack/swift/src/branch/master/swift/common/utils/__init__.py
swift,openstack/swift,swift/common/utils/__init__.py,54,Import,import eventlet.semaphore,https://opendev.org/openstack/swift/src/branch/master/swift/common/utils/__init__.py
swift,openstack/swift,swift/common/utils/__init__.py,61,Import,"from eventlet import GreenPool, sleep, Timeout",https://opendev.org/openstack/swift/src/branch/master/swift/common/utils/__init__.py
swift,openstack/swift,swift/common/utils/__init__.py,62,Import,from eventlet.event import Event,https://opendev.org/openstack/swift/src/branch/master/swift/common/utils/__init__.py
swift,openstack/swift,swift/common/utils/__init__.py,63,Import,from eventlet.green import socket,https://opendev.org/openstack/swift/src/branch/master/swift/common/utils/__init__.py
swift,openstack/swift,swift/common/utils/__init__.py,64,Import,import eventlet.hubs,https://opendev.org/openstack/swift/src/branch/master/swift/common/utils/__init__.py
swift,openstack/swift,swift/common/utils/__init__.py,65,Import,import eventlet.queue,https://opendev.org/openstack/swift/src/branch/master/swift/common/utils/__init__.py
swift,openstack/swift,swift/common/utils/__init__.py,429,"Other(""def eventlet_monkey_patch():"")",def eventlet_monkey_patch():,https://opendev.org/openstack/swift/src/branch/master/swift/common/utils/__init__.py
swift,openstack/swift,swift/common/utils/__init__.py,437,"Other(""eventlet.patcher"")","eventlet.patcher.monkey_patch(all=False, socket=True, select=True,",https://opendev.org/openstack/swift/src/branch/master/swift/common/utils/__init__.py
swift,openstack/swift,swift/common/utils/__init__.py,445,"Other(""eventlet_monkey_patch()"")",eventlet_monkey_patch(),https://opendev.org/openstack/swift/src/branch/master/swift/common/utils/__init__.py
swift,openstack/swift,swift/common/utils/__init__.py,978,"Other(""eventlet.semaphore"")",self.semaphore = eventlet.semaphore.Semaphore(value=1),https://opendev.org/openstack/swift/src/branch/master/swift/common/utils/__init__.py
swift,openstack/swift,swift/common/utils/__init__.py,1021,"Other(""was re-used, eventlet would freak right out becaus"")","was re-used, eventlet would freak right out because it still",https://opendev.org/openstack/swift/src/branch/master/swift/common/utils/__init__.py
swift,openstack/swift,swift/common/utils/__init__.py,1037,"Other(""right things, but eventlet doesn't do those things"")","right things, but eventlet doesn't do those things. Really, it can't",https://opendev.org/openstack/swift/src/branch/master/swift/common/utils/__init__.py
swift,openstack/swift,swift/common/utils/__init__.py,1043,"Other(""As eventlet monkey patching is now done before cal"")",As eventlet monkey patching is now done before call get_hub() in wsgi.py,https://opendev.org/openstack/swift/src/branch/master/swift/common/utils/__init__.py
swift,openstack/swift,swift/common/utils/__init__.py,1044,"Other(""if we use 'import select' we get the eventlet vers"")","if we use 'import select' we get the eventlet version, but since version",https://opendev.org/openstack/swift/src/branch/master/swift/common/utils/__init__.py
swift,openstack/swift,swift/common/utils/__init__.py,1045,"Other(""0.20.0 eventlet removed select.poll() function in "")",0.20.0 eventlet removed select.poll() function in patched select (see:,https://opendev.org/openstack/swift/src/branch/master/swift/common/utils/__init__.py
swift,openstack/swift,swift/common/utils/__init__.py,1046,"Other(""eventlet.net"")",http://eventlet.net/doc/changelog.html and,https://opendev.org/openstack/swift/src/branch/master/swift/common/utils/__init__.py
swift,openstack/swift,swift/common/utils/__init__.py,1047,"Other(""https://github.com/eventlet/eventlet/commit/614a20"")",https://github.com/eventlet/eventlet/commit/614a20462).,https://opendev.org/openstack/swift/src/branch/master/swift/common/utils/__init__.py
swift,openstack/swift,swift/common/utils/__init__.py,1049,"Other(""eventlet.patcher"")",We use eventlet.patcher.original function to get python select module,https://opendev.org/openstack/swift/src/branch/master/swift/common/utils/__init__.py
swift,openstack/swift,swift/common/utils/__init__.py,1053,"Other(""eventlet.patcher"")",select = eventlet.patcher.original('select'),https://opendev.org/openstack/swift/src/branch/master/swift/common/utils/__init__.py
swift,openstack/swift,swift/common/utils/__init__.py,2109,Sleep,eventlet.sleep(seconds),https://opendev.org/openstack/swift/src/branch/master/swift/common/utils/__init__.py
swift,openstack/swift,swift/common/utils/__init__.py,2114,Sleep,Will eventlet.sleep() for the appropriate time so that the max_rate,https://opendev.org/openstack/swift/src/branch/master/swift/common/utils/__init__.py
swift,openstack/swift,swift/common/utils/__init__.py,2117,Sleep,as eventlet.sleep() does involve some overhead.  Returns running_time,https://opendev.org/openstack/swift/src/branch/master/swift/common/utils/__init__.py
swift,openstack/swift,swift/common/utils/__init__.py,2172,"Other(""eventlet.GreenPile"")","This is very similar in principle to eventlet.GreenPile, except it returns",https://opendev.org/openstack/swift/src/branch/master/swift/common/utils/__init__.py
swift,openstack/swift,swift/common/utils/__init__.py,2189,"Other(""eventlet.queue"")",self._responses = eventlet.queue.LightQueue(size),https://opendev.org/openstack/swift/src/branch/master/swift/common/utils/__init__.py
swift,openstack/swift,swift/common/utils/__init__.py,2197,"Other(""eventlet.hubs"")",if eventlet.hubs.get_hub().debug_exceptions:,https://opendev.org/openstack/swift/src/branch/master/swift/common/utils/__init__.py
swift,openstack/swift,swift/common/utils/__init__.py,2253,"Other(""eventlet.queue"")",except eventlet.queue.Empty:,https://opendev.org/openstack/swift/src/branch/master/swift/common/utils/__init__.py
swift,openstack/swift,swift/common/utils/__init__.py,5315,"Other(""eventlet.timeouts"")","Compared to eventlet.timeouts.Timeout, it reduces the number of context",https://opendev.org/openstack/swift/src/branch/master/swift/common/utils/__init__.py
swift,openstack/swift,swift/common/utils/__init__.py,5316,"Other(""switching in eventlet by avoiding to schedule acti"")","switching in eventlet by avoiding to schedule actions (throw an Exception),",https://opendev.org/openstack/swift/src/branch/master/swift/common/utils/__init__.py
swift,openstack/swift,swift/common/utils/__init__.py,5345,Import,from eventlet.Timeout,https://opendev.org/openstack/swift/src/branch/master/swift/common/utils/__init__.py
swift,openstack/swift,swift/common/utils/__init__.py,5352,"Other(""eventlet.greenthread"")",gth = eventlet.greenthread.getcurrent(),https://opendev.org/openstack/swift/src/branch/master/swift/common/utils/__init__.py
swift,openstack/swift,swift/common/utils/__init__.py,5385,Spawn,self._run_gth = eventlet.spawn(self.run),https://opendev.org/openstack/swift/src/branch/master/swift/common/utils/__init__.py
swift,openstack/swift,swift/common/utils/__init__.py,5412,"Other(""eventlet.hubs"")","eventlet.hubs.get_hub().schedule_call_global(0, gth.throw, e)",https://opendev.org/openstack/swift/src/branch/master/swift/common/utils/__init__.py
swift,openstack/swift,swift/common/utils/__init__.py,5436,Import,from eventlet.timeouts.Timeout,https://opendev.org/openstack/swift/src/branch/master/swift/common/utils/__init__.py
swift,openstack/swift,swift/common/utils/__init__.py,5456,"Other(""eventlet will not switch greenthreads on its own. "")",eventlet will not switch greenthreads on its own. We do it manually so that,https://opendev.org/openstack/swift/src/branch/master/swift/common/utils/__init__.py
swift,openstack/swift,swift/common/utils/logs.py,28,Import,import eventlet,https://opendev.org/openstack/swift/src/branch/master/swift/common/utils/logs.py
swift,openstack/swift,swift/common/utils/logs.py,41,Import,from eventlet.green.http import client as green_http_client,https://opendev.org/openstack/swift/src/branch/master/swift/common/utils/logs.py
swift,openstack/swift,swift/common/utils/logs.py,43,Import,from eventlet.green import threading,https://opendev.org/openstack/swift/src/branch/master/swift/common/utils/logs.py
swift,openstack/swift,swift/common/utils/logs.py,99,"Other(""eventlet.debug"")",eventlet.debug.hub_prevent_multiple_readers(False),https://opendev.org/openstack/swift/src/branch/master/swift/common/utils/logs.py
swift,openstack/swift,swift/common/utils/logs.py,113,"Other(""eventlet.greenthread"")",current_greenthread_id = id(eventlet.greenthread.getcurrent()),https://opendev.org/openstack/swift/src/branch/master/swift/common/utils/logs.py
swift,openstack/swift,swift/common/utils/logs.py,136,"Other(""eventlet.hubs"")","eventlet.hubs.trampoline(self.rfd, read=True)",https://opendev.org/openstack/swift/src/branch/master/swift/common/utils/logs.py
swift,openstack/swift,swift/common/utils/logs.py,142,"Other(""eventlet.greenthread"")",current_greenthread_id = id(eventlet.greenthread.getcurrent()),https://opendev.org/openstack/swift/src/branch/master/swift/common/utils/logs.py
swift,openstack/swift,swift/common/utils/logs.py,212,"Other(""eventlet.debug"")",eventlet.debug.hub_prevent_multiple_readers(False),https://opendev.org/openstack/swift/src/branch/master/swift/common/utils/logs.py
swift,openstack/swift,swift/common/utils/logs.py,335,"Other(""eventlet.Timeout"")","elif isinstance(exc, eventlet.Timeout):",https://opendev.org/openstack/swift/src/branch/master/swift/common/utils/logs.py
swift,openstack/swift,swift/common/utils/logs.py,632,"Other(""\""\""\""A no-op logger for eventlet wsgi.\""\""\"""")","""""""A no-op logger for eventlet wsgi.""""""",https://opendev.org/openstack/swift/src/branch/master/swift/common/utils/logs.py
swift,openstack/swift,swift/common/wsgi.py,29,Import,import eventlet,https://opendev.org/openstack/swift/src/branch/master/swift/common/wsgi.py
swift,openstack/swift,swift/common/wsgi.py,30,Import,import eventlet.debug,https://opendev.org/openstack/swift/src/branch/master/swift/common/wsgi.py
swift,openstack/swift,swift/common/wsgi.py,31,Import,"from eventlet import greenio, GreenPool, sleep, wsgi, listen, Timeout",https://opendev.org/openstack/swift/src/branch/master/swift/common/wsgi.py
swift,openstack/swift,swift/common/wsgi.py,33,Import,"from eventlet.green import socket, ssl, os as green_os",https://opendev.org/openstack/swift/src/branch/master/swift/common/wsgi.py
swift,openstack/swift,swift/common/wsgi.py,412,"Other(""eventlet.hubs"")",eventlet.hubs.use_hub(get_hub()),https://opendev.org/openstack/swift/src/branch/master/swift/common/wsgi.py
swift,openstack/swift,swift/common/wsgi.py,413,"Other(""eventlet_debug = config_true_value(conf.get('event"")","eventlet_debug = config_true_value(conf.get('eventlet_debug', 'no'))",https://opendev.org/openstack/swift/src/branch/master/swift/common/wsgi.py
swift,openstack/swift,swift/common/wsgi.py,414,"Other(""eventlet.debug"")",eventlet.debug.hub_exceptions(eventlet_debug),https://opendev.org/openstack/swift/src/branch/master/swift/common/wsgi.py
swift,openstack/swift,swift/common/wsgi.py,416,"Other(""if eventlet_debug:"")",if eventlet_debug:,https://opendev.org/openstack/swift/src/branch/master/swift/common/wsgi.py
swift,openstack/swift,swift/common/wsgi.py,657,"Other(""eventlet.spawn_n"")",eventlet.spawn_n(smother),https://opendev.org/openstack/swift/src/branch/master/swift/common/wsgi.py
swift,openstack/swift,swift/container/backend.py,25,Import,from eventlet import tpool,https://opendev.org/openstack/swift/src/branch/master/swift/container/backend.py
swift,openstack/swift,swift/container/reconciler.py,21,Import,"from eventlet import GreenPile, GreenPool, Timeout",https://opendev.org/openstack/swift/src/branch/master/swift/container/reconciler.py
swift,openstack/swift,swift/container/replicator.py,19,Import,from eventlet import Timeout,https://opendev.org/openstack/swift/src/branch/master/swift/container/replicator.py
swift,openstack/swift,swift/container/server.py,22,Import,from eventlet import Timeout,https://opendev.org/openstack/swift/src/branch/master/swift/container/server.py
swift,openstack/swift,swift/container/sharder.py,27,Import,from eventlet import Timeout,https://opendev.org/openstack/swift/src/branch/master/swift/container/sharder.py
swift,openstack/swift,swift/container/sync.py,24,Import,"from eventlet import sleep, Timeout",https://opendev.org/openstack/swift/src/branch/master/swift/container/sync.py
swift,openstack/swift,swift/container/updater.py,24,Import,"from eventlet import spawn, Timeout",https://opendev.org/openstack/swift/src/branch/master/swift/container/updater.py
swift,openstack/swift,swift/container/updater.py,34,"Other(""eventlet_monkey_patch, node_to_string, parse_optio"")","eventlet_monkey_patch, node_to_string, parse_options",https://opendev.org/openstack/swift/src/branch/master/swift/container/updater.py
swift,openstack/swift,swift/container/updater.py,161,"Other(""eventlet_monkey_patch()"")",eventlet_monkey_patch(),https://opendev.org/openstack/swift/src/branch/master/swift/container/updater.py
swift,openstack/swift,swift/container/updater.py,195,"Other(""eventlet_monkey_patch()"")",eventlet_monkey_patch(),https://opendev.org/openstack/swift/src/branch/master/swift/container/updater.py
swift,openstack/swift,swift/obj/auditor.py,25,Import,from eventlet import Timeout,https://opendev.org/openstack/swift/src/branch/master/swift/obj/auditor.py
swift,openstack/swift,swift/obj/diskfile.py,53,Import,"from eventlet import Timeout, tpool",https://opendev.org/openstack/swift/src/branch/master/swift/obj/diskfile.py
swift,openstack/swift,swift/obj/diskfile.py,54,Import,from eventlet.hubs import trampoline,https://opendev.org/openstack/swift/src/branch/master/swift/obj/diskfile.py
swift,openstack/swift,swift/obj/expirer.py,24,Import,"from eventlet import sleep, Timeout",https://opendev.org/openstack/swift/src/branch/master/swift/obj/expirer.py
swift,openstack/swift,swift/obj/expirer.py,25,Import,from eventlet.greenpool import GreenPool,https://opendev.org/openstack/swift/src/branch/master/swift/obj/expirer.py
swift,openstack/swift,swift/obj/mem_diskfile.py,22,Import,from eventlet import Timeout,https://opendev.org/openstack/swift/src/branch/master/swift/obj/mem_diskfile.py
swift,openstack/swift,swift/obj/reconstructor.py,27,Import,"from eventlet import (GreenPile, GreenPool, Timeout, sleep, tpool, spawn)",https://opendev.org/openstack/swift/src/branch/master/swift/obj/reconstructor.py
swift,openstack/swift,swift/obj/reconstructor.py,28,Import,from eventlet.support.greenlets import GreenletExit,https://opendev.org/openstack/swift/src/branch/master/swift/obj/reconstructor.py
swift,openstack/swift,swift/obj/replicator.py,27,Import,import eventlet,https://opendev.org/openstack/swift/src/branch/master/swift/obj/replicator.py
swift,openstack/swift,swift/obj/replicator.py,28,Import,"from eventlet import GreenPool, queue, tpool, Timeout, sleep",https://opendev.org/openstack/swift/src/branch/master/swift/obj/replicator.py
swift,openstack/swift,swift/obj/replicator.py,29,Import,from eventlet.green import subprocess,https://opendev.org/openstack/swift/src/branch/master/swift/obj/replicator.py
swift,openstack/swift,swift/obj/replicator.py,816,Sleep,eventlet.sleep(self.stats_interval),https://opendev.org/openstack/swift/src/branch/master/swift/obj/replicator.py
swift,openstack/swift,swift/obj/replicator.py,965,Spawn,stats = eventlet.spawn(self.heartbeat),https://opendev.org/openstack/swift/src/branch/master/swift/obj/replicator.py
swift,openstack/swift,swift/obj/replicator.py,966,Sleep,eventlet.sleep()  # Give spawns a cycle,https://opendev.org/openstack/swift/src/branch/master/swift/obj/replicator.py
swift,openstack/swift,swift/obj/replicator.py,1095,Spawn,rsync_reaper = eventlet.spawn(self._child_process_reaper),https://opendev.org/openstack/swift/src/branch/master/swift/obj/replicator.py
swift,openstack/swift,swift/obj/replicator.py,1141,"Other(""eventlet.spawn_n"")",eventlet.spawn_n(self._child_process_reaper),https://opendev.org/openstack/swift/src/branch/master/swift/obj/replicator.py
swift,openstack/swift,swift/obj/server.py,28,Import,"from eventlet import sleep, wsgi, Timeout, tpool",https://opendev.org/openstack/swift/src/branch/master/swift/obj/server.py
swift,openstack/swift,swift/obj/server.py,29,Import,from eventlet.greenthread import spawn,https://opendev.org/openstack/swift/src/branch/master/swift/obj/server.py
swift,openstack/swift,swift/obj/server.py,126,Wsgi,eventlet.wsgi.MINIMUM_CHUNK_SIZE bytes or the app iter is exhausted.,https://opendev.org/openstack/swift/src/branch/master/swift/obj/server.py
swift,openstack/swift,swift/obj/server.py,129,Wsgi,"eventlet.wsgi to force the headers out, so we use an",https://opendev.org/openstack/swift/src/branch/master/swift/obj/server.py
swift,openstack/swift,swift/obj/server.py,259,"Other(""conf.get('eventlet_tpool_num_threads'),"")","conf.get('eventlet_tpool_num_threads'),",https://opendev.org/openstack/swift/src/branch/master/swift/obj/server.py
swift,openstack/swift,swift/obj/ssync_receiver.py,17,Import,import eventlet.greenio,https://opendev.org/openstack/swift/src/branch/master/swift/obj/ssync_receiver.py
swift,openstack/swift,swift/obj/ssync_receiver.py,18,Wsgi,import eventlet.wsgi,https://opendev.org/openstack/swift/src/branch/master/swift/obj/ssync_receiver.py
swift,openstack/swift,swift/obj/ssync_receiver.py,19,Import,"from eventlet import sleep, Timeout",https://opendev.org/openstack/swift/src/branch/master/swift/obj/ssync_receiver.py
swift,openstack/swift,swift/obj/ssync_receiver.py,141,Wsgi,"except (eventlet.wsgi.ChunkReadError, IOError) as err:",https://opendev.org/openstack/swift/src/branch/master/swift/obj/ssync_receiver.py
swift,openstack/swift,swift/obj/ssync_receiver.py,165,Wsgi,"except (eventlet.wsgi.ChunkReadError, IOError) as err:",https://opendev.org/openstack/swift/src/branch/master/swift/obj/ssync_receiver.py
swift,openstack/swift,swift/obj/ssync_receiver.py,320,"Other(""eventlet.greenio"")",eventlet.greenio.shutdown_safe(socket),https://opendev.org/openstack/swift/src/branch/master/swift/obj/ssync_receiver.py
swift,openstack/swift,swift/obj/ssync_receiver.py,335,"Other(""eventlet.minimum_write_chunk_size"")",self.request.environ['eventlet.minimum_write_chunk_size'] = 0,https://opendev.org/openstack/swift/src/branch/master/swift/obj/ssync_receiver.py
swift,openstack/swift,swift/obj/ssync_sender.py,16,Import,from eventlet import sleep,https://opendev.org/openstack/swift/src/branch/master/swift/obj/ssync_sender.py
swift,openstack/swift,swift/obj/updater.py,28,Import,"from eventlet import spawn, Timeout",https://opendev.org/openstack/swift/src/branch/master/swift/obj/updater.py
swift,openstack/swift,swift/obj/updater.py,36,"Other(""eventlet_monkey_patch, get_redirect_data, ContextP"")","eventlet_monkey_patch, get_redirect_data, ContextPool, hash_path, \",https://opendev.org/openstack/swift/src/branch/master/swift/obj/updater.py
swift,openstack/swift,swift/obj/updater.py,484,"Other(""eventlet_monkey_patch()"")",eventlet_monkey_patch(),https://opendev.org/openstack/swift/src/branch/master/swift/obj/updater.py
swift,openstack/swift,swift/obj/watchers/dark_data.py,59,Import,from eventlet import Timeout,https://opendev.org/openstack/swift/src/branch/master/swift/obj/watchers/dark_data.py
swift,openstack/swift,swift/proxy/controllers/base.py,38,Import,from eventlet.timeout import Timeout,https://opendev.org/openstack/swift/src/branch/master/swift/proxy/controllers/base.py
swift,openstack/swift,swift/proxy/controllers/base.py,1765,"Other(""socket IO and eventlet, and the phase of the moon."")","socket IO and eventlet, and the phase of the moon.)",https://opendev.org/openstack/swift/src/branch/master/swift/proxy/controllers/base.py
swift,openstack/swift,swift/proxy/controllers/obj.py,38,Import,from eventlet import GreenPile,https://opendev.org/openstack/swift/src/branch/master/swift/proxy/controllers/obj.py
swift,openstack/swift,swift/proxy/controllers/obj.py,39,Import,"from eventlet.queue import Queue, Empty",https://opendev.org/openstack/swift/src/branch/master/swift/proxy/controllers/obj.py
swift,openstack/swift,swift/proxy/controllers/obj.py,40,Import,from eventlet.timeout import Timeout,https://opendev.org/openstack/swift/src/branch/master/swift/proxy/controllers/obj.py
swift,openstack/swift,swift/proxy/server.py,27,Import,from eventlet import Timeout,https://opendev.org/openstack/swift/src/branch/master/swift/proxy/server.py
swift,openstack/swift,test/__init__.py,38,Import,from eventlet.green import socket,https://opendev.org/openstack/swift/src/branch/master/test/__init__.py
swift,openstack/swift,test/__init__.py,78,Listen,"The eventlet.listen() always sets SO_REUSEPORT, so when called with",https://opendev.org/openstack/swift/src/branch/master/test/__init__.py
swift,openstack/swift,test/functional/__init__.py,26,Import,import eventlet,https://opendev.org/openstack/swift/src/branch/master/test/functional/__init__.py
swift,openstack/swift,test/functional/__init__.py,27,Import,import eventlet.debug,https://opendev.org/openstack/swift/src/branch/master/test/functional/__init__.py
swift,openstack/swift,test/functional/__init__.py,72,"Other(""eventlet.hubs"")",eventlet.hubs.use_hub(utils.get_hub()),https://opendev.org/openstack/swift/src/branch/master/test/functional/__init__.py
swift,openstack/swift,test/functional/__init__.py,73,"Other(""eventlet.patcher"")","eventlet.patcher.monkey_patch(all=False, socket=True)",https://opendev.org/openstack/swift/src/branch/master/test/functional/__init__.py
swift,openstack/swift,test/functional/__init__.py,74,"Other(""eventlet.debug"")",eventlet.debug.hub_exceptions(False),https://opendev.org/openstack/swift/src/branch/master/test/functional/__init__.py
swift,openstack/swift,test/functional/__init__.py,677,Wsgi,"prospa = eventlet.spawn(eventlet.wsgi.server, prolis, app, nl,",https://opendev.org/openstack/swift/src/branch/master/test/functional/__init__.py
swift,openstack/swift,test/functional/__init__.py,679,Wsgi,"acc1spa = eventlet.spawn(eventlet.wsgi.server, acc1lis, acc1srv, nl,",https://opendev.org/openstack/swift/src/branch/master/test/functional/__init__.py
swift,openstack/swift,test/functional/__init__.py,681,Wsgi,"acc2spa = eventlet.spawn(eventlet.wsgi.server, acc2lis, acc2srv, nl,",https://opendev.org/openstack/swift/src/branch/master/test/functional/__init__.py
swift,openstack/swift,test/functional/__init__.py,683,Wsgi,"con1spa = eventlet.spawn(eventlet.wsgi.server, con1lis, con1srv, nl,",https://opendev.org/openstack/swift/src/branch/master/test/functional/__init__.py
swift,openstack/swift,test/functional/__init__.py,685,Wsgi,"con2spa = eventlet.spawn(eventlet.wsgi.server, con2lis, con2srv, nl,",https://opendev.org/openstack/swift/src/branch/master/test/functional/__init__.py
swift,openstack/swift,test/functional/__init__.py,688,Wsgi,"objspa = [eventlet.spawn(eventlet.wsgi.server, objsrv[0], objsrv[1], nl,",https://opendev.org/openstack/swift/src/branch/master/test/functional/__init__.py
swift,openstack/swift,test/probe/__init__.py,17,Import,import eventlet,https://opendev.org/openstack/swift/src/branch/master/test/probe/__init__.py
swift,openstack/swift,test/probe/__init__.py,18,MonkeyPatch,eventlet.monkey_patch(),https://opendev.org/openstack/swift/src/branch/master/test/probe/__init__.py
swift,openstack/swift,test/unit/__init__.py,30,Import,import eventlet,https://opendev.org/openstack/swift/src/branch/master/test/unit/__init__.py
swift,openstack/swift,test/unit/__init__.py,31,Import,"from eventlet import greenpool, debug as eventlet_debug",https://opendev.org/openstack/swift/src/branch/master/test/unit/__init__.py
swift,openstack/swift,test/unit/__init__.py,32,Import,from eventlet.green import socket,https://opendev.org/openstack/swift/src/branch/master/test/unit/__init__.py
swift,openstack/swift,test/unit/__init__.py,577,"Other(""eventlet.Timeout"")",with eventlet.Timeout(timeout):,https://opendev.org/openstack/swift/src/branch/master/test/unit/__init__.py
swift,openstack/swift,test/unit/__init__.py,685,"Other(""def quiet_eventlet_exceptions():"")",def quiet_eventlet_exceptions():,https://opendev.org/openstack/swift/src/branch/master/test/unit/__init__.py
swift,openstack/swift,test/unit/__init__.py,687,"Other(""eventlet_debug.hub_exceptions(False)"")",eventlet_debug.hub_exceptions(False),https://opendev.org/openstack/swift/src/branch/master/test/unit/__init__.py
swift,openstack/swift,test/unit/__init__.py,691,"Other(""eventlet_debug.hub_exceptions(orig_state)"")",eventlet_debug.hub_exceptions(orig_state),https://opendev.org/openstack/swift/src/branch/master/test/unit/__init__.py
swift,openstack/swift,test/unit/__init__.py,746,"Other(""add some eventlet sleep to the expect and response"")",add some eventlet sleep to the expect and response stages of the,https://opendev.org/openstack/swift/src/branch/master/test/unit/__init__.py
swift,openstack/swift,test/unit/__init__.py,754,"Other("":param expect_sleep: float, time to eventlet sleep"")",":param expect_sleep: float, time to eventlet sleep during expect, can",https://opendev.org/openstack/swift/src/branch/master/test/unit/__init__.py
swift,openstack/swift,test/unit/__init__.py,756,"Other("":param response_sleep: float, time to eventlet sle"")",":param response_sleep: float, time to eventlet sleep during response",https://opendev.org/openstack/swift/src/branch/master/test/unit/__init__.py
swift,openstack/swift,test/unit/__init__.py,761,"Other(""eventlet.Timeout"")","if isinstance(status, (Exception, eventlet.Timeout)):",https://opendev.org/openstack/swift/src/branch/master/test/unit/__init__.py
swift,openstack/swift,test/unit/__init__.py,799,Sleep,eventlet.sleep(self.response_sleep),https://opendev.org/openstack/swift/src/branch/master/test/unit/__init__.py
swift,openstack/swift,test/unit/__init__.py,803,"Other(""eventlet.Timeout"")","if isinstance(self.status, (Exception, eventlet.Timeout)):",https://opendev.org/openstack/swift/src/branch/master/test/unit/__init__.py
swift,openstack/swift,test/unit/__init__.py,810,Sleep,eventlet.sleep(expect_sleep),https://opendev.org/openstack/swift/src/branch/master/test/unit/__init__.py
swift,openstack/swift,test/unit/__init__.py,812,"Other(""eventlet.Timeout"")","if isinstance(expect_status, (Exception, eventlet.Timeout)):",https://opendev.org/openstack/swift/src/branch/master/test/unit/__init__.py
swift,openstack/swift,test/unit/__init__.py,834,Sleep,eventlet.sleep(self.slowness),https://opendev.org/openstack/swift/src/branch/master/test/unit/__init__.py
swift,openstack/swift,test/unit/__init__.py,894,Sleep,eventlet.sleep(),https://opendev.org/openstack/swift/src/branch/master/test/unit/__init__.py
swift,openstack/swift,test/unit/__init__.py,899,"Other(""eventlet.Timeout"")","if isinstance(exc, (Exception, eventlet.Timeout)):",https://opendev.org/openstack/swift/src/branch/master/test/unit/__init__.py
swift,openstack/swift,test/unit/__init__.py,903,"Other(""eventlet.Timeout"")",raise eventlet.Timeout(),https://opendev.org/openstack/swift/src/branch/master/test/unit/__init__.py
swift,openstack/swift,test/unit/__init__.py,971,Sleep,eventlet.sleep(value),https://opendev.org/openstack/swift/src/branch/master/test/unit/__init__.py
swift,openstack/swift,test/unit/__init__.py,987,Sleep,eventlet.sleep(value),https://opendev.org/openstack/swift/src/branch/master/test/unit/__init__.py
swift,openstack/swift,test/unit/__init__.py,1026,Sleep,eventlet.sleep(0.1),https://opendev.org/openstack/swift/src/branch/master/test/unit/__init__.py
swift,openstack/swift,test/unit/__init__.py,1204,Sleep,eventlet.sleep(wait),https://opendev.org/openstack/swift/src/branch/master/test/unit/__init__.py
swift,openstack/swift,test/unit/helpers.py,28,Import,"from eventlet import spawn, wsgi",https://opendev.org/openstack/swift/src/branch/master/test/unit/helpers.py
swift,openstack/swift,test/unit/helpers.py,216,"Other(""'ignore', module='eventlet',"")","'ignore', module='eventlet',",https://opendev.org/openstack/swift/src/branch/master/test/unit/helpers.py
swift,openstack/swift,tools/playbooks/common/install_dependencies.yaml,38,"Other(""- eventlet"")",- eventlet,https://opendev.org/openstack/swift/src/branch/master/tools/playbooks/common/install_dependencies.yaml
swift-bench,openstack/swift-bench,CHANGELOG,19,"Other(""* eventlet dependency has been raised to >=0.17.4"")",* eventlet dependency has been raised to >=0.17.4,https://opendev.org/openstack/swift-bench/src/branch/master/CHANGELOG
swift-bench,openstack/swift-bench,requirements.txt,2,"Other(""eventlet>=0.17.4  # MIT"")",eventlet>=0.17.4  # MIT,https://opendev.org/openstack/swift-bench/src/branch/master/requirements.txt
swift-bench,openstack/swift-bench,swiftbench/bench.py,31,Import,import eventlet,https://opendev.org/openstack/swift-bench/src/branch/master/swiftbench/bench.py
swift-bench,openstack/swift-bench,swiftbench/bench.py,32,Import,import eventlet.pools,https://opendev.org/openstack/swift-bench/src/branch/master/swiftbench/bench.py
swift-bench,openstack/swift-bench,swiftbench/bench.py,33,Import,from eventlet.green.httplib import CannotSendRequest,https://opendev.org/openstack/swift-bench/src/branch/master/swiftbench/bench.py
swift-bench,openstack/swift-bench,swiftbench/bench.py,55,Pool,"pool = eventlet.GreenPool(int(getattr(conf, concurrency_key)))",https://opendev.org/openstack/swift-bench/src/branch/master/swiftbench/bench.py
swift-bench,openstack/swift-bench,swiftbench/bench.py,125,Pool,class ConnectionPool(eventlet.pools.Pool):,https://opendev.org/openstack/swift-bench/src/branch/master/swiftbench/bench.py
swift-bench,openstack/swift-bench,swiftbench/bench.py,129,Pool,"eventlet.pools.Pool.__init__(self, size, size)",https://opendev.org/openstack/swift-bench/src/branch/master/swiftbench/bench.py
swift-bench,openstack/swift-bench,swiftbench/bench.py,279,Pool,pool = eventlet.GreenPool(self.concurrency),https://opendev.org/openstack/swift-bench/src/branch/master/swiftbench/bench.py
swift-bench,openstack/swift-bench,swiftbench/bench.py,302,"Other(""swift-bench-client processes, each of which use ev"")","swift-bench-client processes, each of which use eventlet for concurrency.",https://opendev.org/openstack/swift-bench/src/branch/master/swiftbench/bench.py
swift-bench,openstack/swift-bench,swiftbench/bench.py,338,"Other(""eventlet.patcher"")",eventlet.patcher.monkey_patch(socket=True),https://opendev.org/openstack/swift-bench/src/branch/master/swiftbench/bench.py
swift-bench,openstack/swift-bench,swiftbench/bench.py,339,Pool,pool = eventlet.GreenPool(size=len(self.clients)),https://opendev.org/openstack/swift-bench/src/branch/master/swiftbench/bench.py
swift-bench,openstack/swift-bench,swiftbench/bench.py,340,"Other(""eventlet.GreenPile"")",pile = eventlet.GreenPile(pool),https://opendev.org/openstack/swift-bench/src/branch/master/swiftbench/bench.py
swift-bench,openstack/swift-bench,swiftbench/bench.py,410,"Other(""eventlet.patcher"")",eventlet.patcher.monkey_patch(socket=True),https://opendev.org/openstack/swift-bench/src/branch/master/swiftbench/bench.py
tacker,openstack/tacker,doc/source/contributor/api_layer.rst,22,"Other(""eventlet.net"")",.. _Eventlet: https://eventlet.net/,https://opendev.org/openstack/tacker/src/branch/master/doc/source/contributor/api_layer.rst
tacker,openstack/tacker,doc/source/contributor/api_layer.rst,24,"Other(""eventlet.net"")",.. _GreenPool: https://eventlet.net/doc/modules/greenpool.html,https://opendev.org/openstack/tacker/src/branch/master/doc/source/contributor/api_layer.rst
tacker,openstack/tacker,requirements.txt,13,"Other(""eventlet>=0.30.1 # MIT"")",eventlet>=0.30.1 # MIT,https://opendev.org/openstack/tacker/src/branch/master/requirements.txt
tacker,openstack/tacker,samples/free5gc/cnf/sample_free5gc_cnf_package/Scripts/free5gc_mgmt_cnf.py,17,Import,import eventlet,https://opendev.org/openstack/tacker/src/branch/master/samples/free5gc/cnf/sample_free5gc_cnf_package/Scripts/free5gc_mgmt_cnf.py
tacker,openstack/tacker,samples/free5gc/cnf/sample_free5gc_cnf_package/Scripts/free5gc_mgmt_cnf.py,150,MonkeyPatch,eventlet.monkey_patch(),https://opendev.org/openstack/tacker/src/branch/master/samples/free5gc/cnf/sample_free5gc_cnf_package/Scripts/free5gc_mgmt_cnf.py
tacker,openstack/tacker,samples/free5gc/cnf/sample_free5gc_cnf_package/Scripts/free5gc_mgmt_cnf.py,153,"Other(""eventlet.Timeout"")","with eventlet.Timeout(timeout, True):",https://opendev.org/openstack/tacker/src/branch/master/samples/free5gc/cnf/sample_free5gc_cnf_package/Scripts/free5gc_mgmt_cnf.py
tacker,openstack/tacker,samples/free5gc/cnf/sample_free5gc_cnf_package/Scripts/free5gc_mgmt_cnf.py,157,"Other(""eventlet.timeout"")",except eventlet.timeout.Timeout:,https://opendev.org/openstack/tacker/src/branch/master/samples/free5gc/cnf/sample_free5gc_cnf_package/Scripts/free5gc_mgmt_cnf.py
tacker,openstack/tacker,samples/free5gc/cnf_on_vm/no_affinity/sample_free5gc_cnf_on_vm_package/Scripts/kubernetes_mgmt_free5gc.py,14,Import,import eventlet,https://opendev.org/openstack/tacker/src/branch/master/samples/free5gc/cnf_on_vm/no_affinity/sample_free5gc_cnf_on_vm_package/Scripts/kubernetes_mgmt_free5gc.py
tacker,openstack/tacker,samples/free5gc/cnf_on_vm/no_affinity/sample_free5gc_cnf_on_vm_package/Scripts/kubernetes_mgmt_free5gc.py,75,MonkeyPatch,eventlet.monkey_patch(),https://opendev.org/openstack/tacker/src/branch/master/samples/free5gc/cnf_on_vm/no_affinity/sample_free5gc_cnf_on_vm_package/Scripts/kubernetes_mgmt_free5gc.py
tacker,openstack/tacker,samples/free5gc/cnf_on_vm/no_affinity/sample_free5gc_cnf_on_vm_package/Scripts/kubernetes_mgmt_free5gc.py,78,"Other(""eventlet.Timeout"")","with eventlet.Timeout(timeout, True):",https://opendev.org/openstack/tacker/src/branch/master/samples/free5gc/cnf_on_vm/no_affinity/sample_free5gc_cnf_on_vm_package/Scripts/kubernetes_mgmt_free5gc.py
tacker,openstack/tacker,samples/free5gc/cnf_on_vm/no_affinity/sample_free5gc_cnf_on_vm_package/Scripts/kubernetes_mgmt_free5gc.py,82,"Other(""eventlet.timeout"")",except eventlet.timeout.Timeout:,https://opendev.org/openstack/tacker/src/branch/master/samples/free5gc/cnf_on_vm/no_affinity/sample_free5gc_cnf_on_vm_package/Scripts/kubernetes_mgmt_free5gc.py
tacker,openstack/tacker,samples/free5gc/cnf_on_vm/no_affinity/sample_free5gc_cnf_package/Scripts/free5gc_mgmt_cnf.py,17,Import,import eventlet,https://opendev.org/openstack/tacker/src/branch/master/samples/free5gc/cnf_on_vm/no_affinity/sample_free5gc_cnf_package/Scripts/free5gc_mgmt_cnf.py
tacker,openstack/tacker,samples/free5gc/cnf_on_vm/no_affinity/sample_free5gc_cnf_package/Scripts/free5gc_mgmt_cnf.py,150,MonkeyPatch,eventlet.monkey_patch(),https://opendev.org/openstack/tacker/src/branch/master/samples/free5gc/cnf_on_vm/no_affinity/sample_free5gc_cnf_package/Scripts/free5gc_mgmt_cnf.py
tacker,openstack/tacker,samples/free5gc/cnf_on_vm/no_affinity/sample_free5gc_cnf_package/Scripts/free5gc_mgmt_cnf.py,153,"Other(""eventlet.Timeout"")","with eventlet.Timeout(timeout, True):",https://opendev.org/openstack/tacker/src/branch/master/samples/free5gc/cnf_on_vm/no_affinity/sample_free5gc_cnf_package/Scripts/free5gc_mgmt_cnf.py
tacker,openstack/tacker,samples/free5gc/cnf_on_vm/no_affinity/sample_free5gc_cnf_package/Scripts/free5gc_mgmt_cnf.py,157,"Other(""eventlet.timeout"")",except eventlet.timeout.Timeout:,https://opendev.org/openstack/tacker/src/branch/master/samples/free5gc/cnf_on_vm/no_affinity/sample_free5gc_cnf_package/Scripts/free5gc_mgmt_cnf.py
tacker,openstack/tacker,samples/free5gc/vnf/Affinity_Anti-Affinity/VNF/sample_free5gc_vnf_package_scope_nfvi_node/Scripts/free5gc_mgmt.py,14,Import,import eventlet,https://opendev.org/openstack/tacker/src/branch/master/samples/free5gc/vnf/Affinity_Anti-Affinity/VNF/sample_free5gc_vnf_package_scope_nfvi_node/Scripts/free5gc_mgmt.py
tacker,openstack/tacker,samples/free5gc/vnf/Affinity_Anti-Affinity/VNF/sample_free5gc_vnf_package_scope_nfvi_node/Scripts/free5gc_mgmt.py,140,MonkeyPatch,eventlet.monkey_patch(),https://opendev.org/openstack/tacker/src/branch/master/samples/free5gc/vnf/Affinity_Anti-Affinity/VNF/sample_free5gc_vnf_package_scope_nfvi_node/Scripts/free5gc_mgmt.py
tacker,openstack/tacker,samples/free5gc/vnf/Affinity_Anti-Affinity/VNF/sample_free5gc_vnf_package_scope_nfvi_node/Scripts/free5gc_mgmt.py,143,"Other(""eventlet.Timeout"")","with eventlet.Timeout(timeout, True):",https://opendev.org/openstack/tacker/src/branch/master/samples/free5gc/vnf/Affinity_Anti-Affinity/VNF/sample_free5gc_vnf_package_scope_nfvi_node/Scripts/free5gc_mgmt.py
tacker,openstack/tacker,samples/free5gc/vnf/Affinity_Anti-Affinity/VNF/sample_free5gc_vnf_package_scope_nfvi_node/Scripts/free5gc_mgmt.py,147,"Other(""eventlet.timeout"")",except eventlet.timeout.Timeout:,https://opendev.org/openstack/tacker/src/branch/master/samples/free5gc/vnf/Affinity_Anti-Affinity/VNF/sample_free5gc_vnf_package_scope_nfvi_node/Scripts/free5gc_mgmt.py
tacker,openstack/tacker,samples/free5gc/vnf/Affinity_Anti-Affinity/VNF/sample_free5gc_vnf_package_scope_zone/Scripts/free5gc_mgmt.py,14,Import,import eventlet,https://opendev.org/openstack/tacker/src/branch/master/samples/free5gc/vnf/Affinity_Anti-Affinity/VNF/sample_free5gc_vnf_package_scope_zone/Scripts/free5gc_mgmt.py
tacker,openstack/tacker,samples/free5gc/vnf/Affinity_Anti-Affinity/VNF/sample_free5gc_vnf_package_scope_zone/Scripts/free5gc_mgmt.py,140,MonkeyPatch,eventlet.monkey_patch(),https://opendev.org/openstack/tacker/src/branch/master/samples/free5gc/vnf/Affinity_Anti-Affinity/VNF/sample_free5gc_vnf_package_scope_zone/Scripts/free5gc_mgmt.py
tacker,openstack/tacker,samples/free5gc/vnf/Affinity_Anti-Affinity/VNF/sample_free5gc_vnf_package_scope_zone/Scripts/free5gc_mgmt.py,143,"Other(""eventlet.Timeout"")","with eventlet.Timeout(timeout, True):",https://opendev.org/openstack/tacker/src/branch/master/samples/free5gc/vnf/Affinity_Anti-Affinity/VNF/sample_free5gc_vnf_package_scope_zone/Scripts/free5gc_mgmt.py
tacker,openstack/tacker,samples/free5gc/vnf/Affinity_Anti-Affinity/VNF/sample_free5gc_vnf_package_scope_zone/Scripts/free5gc_mgmt.py,147,"Other(""eventlet.timeout"")",except eventlet.timeout.Timeout:,https://opendev.org/openstack/tacker/src/branch/master/samples/free5gc/vnf/Affinity_Anti-Affinity/VNF/sample_free5gc_vnf_package_scope_zone/Scripts/free5gc_mgmt.py
tacker,openstack/tacker,samples/free5gc/vnf/Affinity_Anti-Affinity/VNF/sample_free5gc_vnf_package_scope_zone_old/Scripts/free5gc_mgmt.py,14,Import,import eventlet,https://opendev.org/openstack/tacker/src/branch/master/samples/free5gc/vnf/Affinity_Anti-Affinity/VNF/sample_free5gc_vnf_package_scope_zone_old/Scripts/free5gc_mgmt.py
tacker,openstack/tacker,samples/free5gc/vnf/Affinity_Anti-Affinity/VNF/sample_free5gc_vnf_package_scope_zone_old/Scripts/free5gc_mgmt.py,140,MonkeyPatch,eventlet.monkey_patch(),https://opendev.org/openstack/tacker/src/branch/master/samples/free5gc/vnf/Affinity_Anti-Affinity/VNF/sample_free5gc_vnf_package_scope_zone_old/Scripts/free5gc_mgmt.py
tacker,openstack/tacker,samples/free5gc/vnf/Affinity_Anti-Affinity/VNF/sample_free5gc_vnf_package_scope_zone_old/Scripts/free5gc_mgmt.py,143,"Other(""eventlet.Timeout"")","with eventlet.Timeout(timeout, True):",https://opendev.org/openstack/tacker/src/branch/master/samples/free5gc/vnf/Affinity_Anti-Affinity/VNF/sample_free5gc_vnf_package_scope_zone_old/Scripts/free5gc_mgmt.py
tacker,openstack/tacker,samples/free5gc/vnf/Affinity_Anti-Affinity/VNF/sample_free5gc_vnf_package_scope_zone_old/Scripts/free5gc_mgmt.py,147,"Other(""eventlet.timeout"")",except eventlet.timeout.Timeout:,https://opendev.org/openstack/tacker/src/branch/master/samples/free5gc/vnf/Affinity_Anti-Affinity/VNF/sample_free5gc_vnf_package_scope_zone_old/Scripts/free5gc_mgmt.py
tacker,openstack/tacker,samples/free5gc/vnf/change_ext_conn/Scripts/free5gc_mgmt.py,14,Import,import eventlet,https://opendev.org/openstack/tacker/src/branch/master/samples/free5gc/vnf/change_ext_conn/Scripts/free5gc_mgmt.py
tacker,openstack/tacker,samples/free5gc/vnf/change_ext_conn/Scripts/free5gc_mgmt.py,140,MonkeyPatch,eventlet.monkey_patch(),https://opendev.org/openstack/tacker/src/branch/master/samples/free5gc/vnf/change_ext_conn/Scripts/free5gc_mgmt.py
tacker,openstack/tacker,samples/free5gc/vnf/change_ext_conn/Scripts/free5gc_mgmt.py,143,"Other(""eventlet.Timeout"")","with eventlet.Timeout(timeout, True):",https://opendev.org/openstack/tacker/src/branch/master/samples/free5gc/vnf/change_ext_conn/Scripts/free5gc_mgmt.py
tacker,openstack/tacker,samples/free5gc/vnf/change_ext_conn/Scripts/free5gc_mgmt.py,147,"Other(""eventlet.timeout"")",except eventlet.timeout.Timeout:,https://opendev.org/openstack/tacker/src/branch/master/samples/free5gc/vnf/change_ext_conn/Scripts/free5gc_mgmt.py
tacker,openstack/tacker,samples/free5gc/vnf/sample_free5gc_vnf_package/Scripts/free5gc_mgmt.py,14,Import,import eventlet,https://opendev.org/openstack/tacker/src/branch/master/samples/free5gc/vnf/sample_free5gc_vnf_package/Scripts/free5gc_mgmt.py
tacker,openstack/tacker,samples/free5gc/vnf/sample_free5gc_vnf_package/Scripts/free5gc_mgmt.py,140,MonkeyPatch,eventlet.monkey_patch(),https://opendev.org/openstack/tacker/src/branch/master/samples/free5gc/vnf/sample_free5gc_vnf_package/Scripts/free5gc_mgmt.py
tacker,openstack/tacker,samples/free5gc/vnf/sample_free5gc_vnf_package/Scripts/free5gc_mgmt.py,143,"Other(""eventlet.Timeout"")","with eventlet.Timeout(timeout, True):",https://opendev.org/openstack/tacker/src/branch/master/samples/free5gc/vnf/sample_free5gc_vnf_package/Scripts/free5gc_mgmt.py
tacker,openstack/tacker,samples/free5gc/vnf/sample_free5gc_vnf_package/Scripts/free5gc_mgmt.py,147,"Other(""eventlet.timeout"")",except eventlet.timeout.Timeout:,https://opendev.org/openstack/tacker/src/branch/master/samples/free5gc/vnf/sample_free5gc_vnf_package/Scripts/free5gc_mgmt.py
tacker,openstack/tacker,samples/mgmt_driver/kubernetes/kubernetes_mgmt.py,16,Import,import eventlet,https://opendev.org/openstack/tacker/src/branch/master/samples/mgmt_driver/kubernetes/kubernetes_mgmt.py
tacker,openstack/tacker,samples/mgmt_driver/kubernetes/kubernetes_mgmt.py,91,MonkeyPatch,eventlet.monkey_patch(),https://opendev.org/openstack/tacker/src/branch/master/samples/mgmt_driver/kubernetes/kubernetes_mgmt.py
tacker,openstack/tacker,samples/mgmt_driver/kubernetes/kubernetes_mgmt.py,94,"Other(""eventlet.Timeout"")","with eventlet.Timeout(timeout, True):",https://opendev.org/openstack/tacker/src/branch/master/samples/mgmt_driver/kubernetes/kubernetes_mgmt.py
tacker,openstack/tacker,samples/mgmt_driver/kubernetes/kubernetes_mgmt.py,98,"Other(""eventlet.timeout"")",except eventlet.timeout.Timeout:,https://opendev.org/openstack/tacker/src/branch/master/samples/mgmt_driver/kubernetes/kubernetes_mgmt.py
tacker,openstack/tacker,samples/mgmt_driver/kubernetes/kubespray/cnf_nodeport_setting/cnf_nodeport_mgmt.py,20,Import,import eventlet,https://opendev.org/openstack/tacker/src/branch/master/samples/mgmt_driver/kubernetes/kubespray/cnf_nodeport_setting/cnf_nodeport_mgmt.py
tacker,openstack/tacker,samples/mgmt_driver/kubernetes/kubespray/cnf_nodeport_setting/cnf_nodeport_mgmt.py,133,MonkeyPatch,eventlet.monkey_patch(),https://opendev.org/openstack/tacker/src/branch/master/samples/mgmt_driver/kubernetes/kubespray/cnf_nodeport_setting/cnf_nodeport_mgmt.py
tacker,openstack/tacker,samples/mgmt_driver/kubernetes/kubespray/cnf_nodeport_setting/cnf_nodeport_mgmt.py,136,"Other(""eventlet.Timeout"")","with eventlet.Timeout(timeout, True):",https://opendev.org/openstack/tacker/src/branch/master/samples/mgmt_driver/kubernetes/kubespray/cnf_nodeport_setting/cnf_nodeport_mgmt.py
tacker,openstack/tacker,samples/mgmt_driver/kubernetes/kubespray/cnf_nodeport_setting/cnf_nodeport_mgmt.py,140,"Other(""eventlet.timeout"")",except eventlet.timeout.Timeout:,https://opendev.org/openstack/tacker/src/branch/master/samples/mgmt_driver/kubernetes/kubespray/cnf_nodeport_setting/cnf_nodeport_mgmt.py
tacker,openstack/tacker,samples/mgmt_driver/kubernetes/kubespray/kubespray_mgmt.py,21,Import,import eventlet,https://opendev.org/openstack/tacker/src/branch/master/samples/mgmt_driver/kubernetes/kubespray/kubespray_mgmt.py
tacker,openstack/tacker,samples/mgmt_driver/kubernetes/kubespray/kubespray_mgmt.py,306,MonkeyPatch,eventlet.monkey_patch(),https://opendev.org/openstack/tacker/src/branch/master/samples/mgmt_driver/kubernetes/kubespray/kubespray_mgmt.py
tacker,openstack/tacker,samples/mgmt_driver/kubernetes/kubespray/kubespray_mgmt.py,309,"Other(""eventlet.Timeout"")","with eventlet.Timeout(timeout, True):",https://opendev.org/openstack/tacker/src/branch/master/samples/mgmt_driver/kubernetes/kubespray/kubespray_mgmt.py
tacker,openstack/tacker,samples/mgmt_driver/kubernetes/kubespray/kubespray_mgmt.py,313,"Other(""eventlet.timeout"")",except eventlet.timeout.Timeout:,https://opendev.org/openstack/tacker/src/branch/master/samples/mgmt_driver/kubernetes/kubespray/kubespray_mgmt.py
tacker,openstack/tacker,samples/mgmt_driver/kubernetes/kubespray/kubespray_mgmt.py,835,"Other(""eventlet.Timeout"")","with eventlet.Timeout(K8S_INSTALL_TIMEOUT, True):",https://opendev.org/openstack/tacker/src/branch/master/samples/mgmt_driver/kubernetes/kubespray/kubespray_mgmt.py
tacker,openstack/tacker,samples/mgmt_driver/kubernetes/kubespray/kubespray_mgmt.py,845,"Other(""eventlet.timeout"")",except eventlet.timeout.Timeout:,https://opendev.org/openstack/tacker/src/branch/master/samples/mgmt_driver/kubernetes/kubespray/kubespray_mgmt.py
tacker,openstack/tacker,samples/mgmt_driver/kubernetes/private_registry_mgmt.py,19,Import,import eventlet,https://opendev.org/openstack/tacker/src/branch/master/samples/mgmt_driver/kubernetes/private_registry_mgmt.py
tacker,openstack/tacker,samples/mgmt_driver/kubernetes/private_registry_mgmt.py,96,MonkeyPatch,eventlet.monkey_patch(),https://opendev.org/openstack/tacker/src/branch/master/samples/mgmt_driver/kubernetes/private_registry_mgmt.py
tacker,openstack/tacker,samples/mgmt_driver/kubernetes/private_registry_mgmt.py,99,"Other(""eventlet.Timeout"")","with eventlet.Timeout(timeout, True):",https://opendev.org/openstack/tacker/src/branch/master/samples/mgmt_driver/kubernetes/private_registry_mgmt.py
tacker,openstack/tacker,samples/mgmt_driver/kubernetes/private_registry_mgmt.py,104,"Other(""eventlet.timeout"")",except eventlet.timeout.Timeout:,https://opendev.org/openstack/tacker/src/branch/master/samples/mgmt_driver/kubernetes/private_registry_mgmt.py
tacker,openstack/tacker,setup.cfg,40,"Other(""eventlet.tacker_server"")",tacker-server = tacker.cmd.eventlet.tacker_server:main,https://opendev.org/openstack/tacker/src/branch/master/setup.cfg
tacker,openstack/tacker,setup.cfg,41,"Other(""eventlet.conductor"")",tacker-conductor = tacker.cmd.eventlet.conductor:main,https://opendev.org/openstack/tacker/src/branch/master/setup.cfg
tacker,openstack/tacker,tacker/agent/linux/utils.py,19,Import,from eventlet.green import subprocess,https://opendev.org/openstack/tacker/src/branch/master/tacker/agent/linux/utils.py
tacker,openstack/tacker,tacker/agent/linux/utils.py,20,Import,from eventlet import greenthread,https://opendev.org/openstack/tacker/src/branch/master/tacker/agent/linux/utils.py
tacker,openstack/tacker,tacker/cmd/eventlet/__init__.py,15,Import,from tacker.common import eventlet_utils,https://opendev.org/openstack/tacker/src/branch/master/tacker/cmd/eventlet/__init__.py
tacker,openstack/tacker,tacker/cmd/eventlet/__init__.py,17,"Other(""eventlet_utils.monkey_patch()"")",eventlet_utils.monkey_patch(),https://opendev.org/openstack/tacker/src/branch/master/tacker/cmd/eventlet/__init__.py
tacker,openstack/tacker,tacker/common/eventlet_utils.py,18,Import,import eventlet,https://opendev.org/openstack/tacker/src/branch/master/tacker/common/eventlet_utils.py
tacker,openstack/tacker,tacker/common/eventlet_utils.py,23,MonkeyPatch,eventlet.monkey_patch(),https://opendev.org/openstack/tacker/src/branch/master/tacker/common/eventlet_utils.py
tacker,openstack/tacker,tacker/common/rpc.py,210,"Other(""'eventlet', serializer,"")","'eventlet', serializer,",https://opendev.org/openstack/tacker/src/branch/master/tacker/common/rpc.py
tacker,openstack/tacker,tacker/common/utils.py,33,Import,from eventlet.green import subprocess,https://opendev.org/openstack/tacker/src/branch/master/tacker/common/utils.py
tacker,openstack/tacker,tacker/common/utils.py,43,Import,from eventlet import sleep,https://opendev.org/openstack/tacker/src/branch/master/tacker/common/utils.py
tacker,openstack/tacker,tacker/common/utils.py,293,"Other(""\""\""\""Prevent eventlet thread starvation during itera"")","""""""Prevent eventlet thread starvation during iteration",https://opendev.org/openstack/tacker/src/branch/master/tacker/common/utils.py
tacker,openstack/tacker,tacker/common/utils.py,296,"Other(""iteration. This can prevent eventlet thread starva"")",iteration. This can prevent eventlet thread starvation.,https://opendev.org/openstack/tacker/src/branch/master/tacker/common/utils.py
tacker,openstack/tacker,tacker/common/utils.py,311,"Other(""\""\""\""Prevent eventlet thread starvationafter each re"")","""""""Prevent eventlet thread starvationafter each read operation.",https://opendev.org/openstack/tacker/src/branch/master/tacker/common/utils.py
tacker,openstack/tacker,tacker/common/utils.py,314,"Other(""after each read. This can prevent eventlet thread "")",after each read. This can prevent eventlet thread starvation.,https://opendev.org/openstack/tacker/src/branch/master/tacker/common/utils.py
tacker,openstack/tacker,tacker/common/utils.py,507,"Other(""\""\""\""An eventlet thread friendly class for reading i"")","""""""An eventlet thread friendly class for reading in image data.",https://opendev.org/openstack/tacker/src/branch/master/tacker/common/utils.py
tacker,openstack/tacker,tacker/common/utils.py,511,"Other(""one image being uploaded/downloaded this prevents "")",one image being uploaded/downloaded this prevents eventlet thread,https://opendev.org/openstack/tacker/src/branch/master/tacker/common/utils.py
tacker,openstack/tacker,tacker/nfvo/nfvo_plugin.py,19,Import,import eventlet,https://opendev.org/openstack/tacker/src/branch/master/tacker/nfvo/nfvo_plugin.py
tacker,openstack/tacker,tacker/nfvo/nfvo_plugin.py,63,Pool,self._pool = eventlet.GreenPool(),https://opendev.org/openstack/tacker/src/branch/master/tacker/nfvo/nfvo_plugin.py
tacker,openstack/tacker,tacker/sol_refactored/infra_drivers/openstack/openstack.py,27,Import,import eventlet,https://opendev.org/openstack/tacker/src/branch/master/tacker/sol_refactored/infra_drivers/openstack/openstack.py
tacker,openstack/tacker,tacker/sol_refactored/infra_drivers/openstack/openstack.py,140,Sleep,eventlet.sleep(timeout),https://opendev.org/openstack/tacker/src/branch/master/tacker/sol_refactored/infra_drivers/openstack/openstack.py
tacker,openstack/tacker,tacker/vnfm/infra_drivers/kubernetes/helm/helm_client.py,19,Import,import eventlet,https://opendev.org/openstack/tacker/src/branch/master/tacker/vnfm/infra_drivers/kubernetes/helm/helm_client.py
tacker,openstack/tacker,tacker/vnfm/infra_drivers/kubernetes/helm/helm_client.py,51,MonkeyPatch,eventlet.monkey_patch(),https://opendev.org/openstack/tacker/src/branch/master/tacker/vnfm/infra_drivers/kubernetes/helm/helm_client.py
tacker,openstack/tacker,tacker/vnfm/infra_drivers/kubernetes/helm/helm_client.py,54,"Other(""eventlet.Timeout"")","with eventlet.Timeout(timeout, True):",https://opendev.org/openstack/tacker/src/branch/master/tacker/vnfm/infra_drivers/kubernetes/helm/helm_client.py
tacker,openstack/tacker,tacker/vnfm/infra_drivers/kubernetes/helm/helm_client.py,58,"Other(""eventlet.timeout"")",except eventlet.timeout.Timeout:,https://opendev.org/openstack/tacker/src/branch/master/tacker/vnfm/infra_drivers/kubernetes/helm/helm_client.py
tacker,openstack/tacker,tacker/vnfm/infra_drivers/openstack/openstack.py,18,Import,import eventlet,https://opendev.org/openstack/tacker/src/branch/master/tacker/vnfm/infra_drivers/openstack/openstack.py
tacker,openstack/tacker,tacker/vnfm/infra_drivers/openstack/openstack.py,57,"Other(""eventlet.monkey_patch"")",eventlet.monkey_patch(time=True),https://opendev.org/openstack/tacker/src/branch/master/tacker/vnfm/infra_drivers/openstack/openstack.py
tacker,openstack/tacker,tacker/vnfm/infra_drivers/openstack/openstack.py,231,"Other(""eventlet.timeout"")","with eventlet.timeout.Timeout(USER_DATA_TIMEOUT, False):",https://opendev.org/openstack/tacker/src/branch/master/tacker/vnfm/infra_drivers/openstack/openstack.py
tacker,openstack/tacker,tacker/wsgi.py,30,Wsgi,import eventlet.wsgi,https://opendev.org/openstack/tacker/src/branch/master/tacker/wsgi.py
tacker,openstack/tacker,tacker/wsgi.py,171,Wsgi,eventlet.wsgi.MAX_HEADER_LINE = CONF.max_header_line,https://opendev.org/openstack/tacker/src/branch/master/tacker/wsgi.py
tacker,openstack/tacker,tacker/wsgi.py,172,Pool,self.pool = eventlet.GreenPool(threads),https://opendev.org/openstack/tacker/src/branch/master/tacker/wsgi.py
tacker,openstack/tacker,tacker/wsgi.py,226,Listen,"sock = eventlet.listen(bind_addr,",https://opendev.org/openstack/tacker/src/branch/master/tacker/wsgi.py
tacker,openstack/tacker,tacker/wsgi.py,235,Sleep,eventlet.sleep(0.1),https://opendev.org/openstack/tacker/src/branch/master/tacker/wsgi.py
tacker,openstack/tacker,tacker/wsgi.py,288,Wsgi,"eventlet.wsgi.server(socket, application, custom_pool=self.pool,",https://opendev.org/openstack/tacker/src/branch/master/tacker/wsgi.py
taskflow,openstack/taskflow,README.rst,45,"Other(""you want to use the feature in question (`eventlet"")",you want to use the feature in question (`eventlet`_ or the worker based engine,https://opendev.org/openstack/taskflow/src/branch/master/README.rst
taskflow,openstack/taskflow,README.rst,72,"Other(""eventlet.net"")",.. _eventlet: http://eventlet.net/,https://opendev.org/openstack/taskflow/src/branch/master/README.rst
taskflow,openstack/taskflow,doc/source/user/engines.rst,154,"Other(""If eventlet is used then this engine will not bloc"")",If eventlet is used then this engine will not block other threads,https://opendev.org/openstack/taskflow/src/branch/master/doc/source/user/engines.rst
taskflow,openstack/taskflow,doc/source/user/engines.rst,155,"Other(""from running as eventlet automatically creates a i"")",from running as eventlet automatically creates a implicit co-routine,https://opendev.org/openstack/taskflow/src/branch/master/doc/source/user/engines.rst
taskflow,openstack/taskflow,doc/source/user/engines.rst,157,"Other(""eventlet.net"")",`eventlet <http://eventlet.net/>`_ and,https://opendev.org/openstack/taskflow/src/branch/master/doc/source/user/engines.rst
taskflow,openstack/taskflow,doc/source/user/jobs.rst,269,"Other(""when your program uses eventlet and you want to in"")",when your program uses eventlet and you want to instruct kazoo to use an,https://opendev.org/openstack/taskflow/src/branch/master/doc/source/user/jobs.rst
taskflow,openstack/taskflow,doc/source/user/jobs.rst,270,"Other(""eventlet compatible handler."")",eventlet compatible handler.,https://opendev.org/openstack/taskflow/src/branch/master/doc/source/user/jobs.rst
taskflow,openstack/taskflow,doc/source/user/utils.rst,24,"Other("".. automodule:: taskflow.utils.eventlet_utils"")",.. automodule:: taskflow.utils.eventlet_utils,https://opendev.org/openstack/taskflow/src/branch/master/doc/source/user/utils.rst
taskflow,openstack/taskflow,pyproject.toml,50,"Other(""eventlet = ["")",eventlet = [,https://opendev.org/openstack/taskflow/src/branch/master/pyproject.toml
taskflow,openstack/taskflow,pyproject.toml,51,"Other(""\""eventlet>=0.18.2\"", # MIT"")","""eventlet>=0.18.2"", # MIT",https://opendev.org/openstack/taskflow/src/branch/master/pyproject.toml
taskflow,openstack/taskflow,releasenotes/notes/deprecate-eventlet-df4a34a7d56acc47.yaml,5,"Other(""eventlet.html"")","OpenStack `is planned <https://governance.openstack.org/tc//goals/proposed/remove-eventlet.html>`_,",https://opendev.org/openstack/taskflow/src/branch/master/releasenotes/notes/deprecate-eventlet-df4a34a7d56acc47.yaml
taskflow,openstack/taskflow,releasenotes/notes/deprecate-eventlet-df4a34a7d56acc47.yaml,6,"Other(""for this reason the eventlet_utils module is now d"")",for this reason the eventlet_utils module is now deprecated.,https://opendev.org/openstack/taskflow/src/branch/master/releasenotes/notes/deprecate-eventlet-df4a34a7d56acc47.yaml
taskflow,openstack/taskflow,taskflow/conductors/backends/impl_executor.py,88,"Other(""an eventlet *green* event works better for the con"")","an eventlet *green* event works better for the conductor user).""""""",https://opendev.org/openstack/taskflow/src/branch/master/taskflow/conductors/backends/impl_executor.py
taskflow,openstack/taskflow,taskflow/engines/__init__.py,15,Import,from oslo_utils import eventletutils as _eventletutils,https://opendev.org/openstack/taskflow/src/branch/master/taskflow/engines/__init__.py
taskflow,openstack/taskflow,taskflow/engines/__init__.py,20,"Other(""_eventletutils.warn_eventlet_not_patched("")",_eventletutils.warn_eventlet_not_patched(,https://opendev.org/openstack/taskflow/src/branch/master/taskflow/engines/__init__.py
taskflow,openstack/taskflow,taskflow/engines/action_engine/executor.py,224,"Other(""is more of a guess/somewhat arbitrary, but it does"")","is more of a guess/somewhat arbitrary, but it does match what the eventlet",https://opendev.org/openstack/taskflow/src/branch/master/taskflow/engines/action_engine/executor.py
taskflow,openstack/taskflow,taskflow/engines/action_engine/executor.py,225,"Other(""greenpool default size is (so at least it's consis"")",greenpool default size is (so at least it's consistent with what eventlet,https://opendev.org/openstack/taskflow/src/branch/master/taskflow/engines/action_engine/executor.py
taskflow,openstack/taskflow,taskflow/examples/hello_world.py,81,Import,import eventlet as _eventlet  # noqa,https://opendev.org/openstack/taskflow/src/branch/master/taskflow/examples/hello_world.py
taskflow,openstack/taskflow,taskflow/examples/hello_world.py,86,"Other(""print(\""-- Running in parallel using eventlet --\"")"")","print(""-- Running in parallel using eventlet --"")",https://opendev.org/openstack/taskflow/src/branch/master/taskflow/examples/hello_world.py
taskflow,openstack/taskflow,taskflow/examples/jobboard_produce_consume_colors.py,152,Import,from taskflow.utils import eventlet_utils as _eu  # noqa,https://opendev.org/openstack/taskflow/src/branch/master/taskflow/examples/jobboard_produce_consume_colors.py
taskflow,openstack/taskflow,taskflow/examples/jobboard_produce_consume_colors.py,154,Import,import eventlet as _eventlet  # noqa,https://opendev.org/openstack/taskflow/src/branch/master/taskflow/examples/jobboard_produce_consume_colors.py
taskflow,openstack/taskflow,taskflow/persistence/backends/impl_sqlalchemy.py,34,Import,from taskflow.utils import eventlet_utils,https://opendev.org/openstack/taskflow/src/branch/master/taskflow/persistence/backends/impl_sqlalchemy.py
taskflow,openstack/taskflow,taskflow/persistence/backends/impl_sqlalchemy.py,139,MonkeyPatch,"If we use eventlet.monkey_patch(), eventlet.greenthread.sleep(0) will",https://opendev.org/openstack/taskflow/src/branch/master/taskflow/persistence/backends/impl_sqlalchemy.py
taskflow,openstack/taskflow,taskflow/persistence/backends/impl_sqlalchemy.py,144,"Other(""implemented by C libraries that eventlet cannot mo"")",implemented by C libraries that eventlet cannot monkey patch.,https://opendev.org/openstack/taskflow/src/branch/master/taskflow/persistence/backends/impl_sqlalchemy.py
taskflow,openstack/taskflow,taskflow/persistence/backends/impl_sqlalchemy.py,309,"Other(""eventlet_utils.EVENTLET_AVAILABLE)"")",eventlet_utils.EVENTLET_AVAILABLE),https://opendev.org/openstack/taskflow/src/branch/master/taskflow/persistence/backends/impl_sqlalchemy.py
taskflow,openstack/taskflow,taskflow/utils/eventlet_utils.py,18,"Other(""_eventlet = importutils.try_import('eventlet')"")",_eventlet = importutils.try_import('eventlet'),https://opendev.org/openstack/taskflow/src/branch/master/taskflow/utils/eventlet_utils.py
taskflow,openstack/taskflow,taskflow/utils/eventlet_utils.py,20,"Other(""EVENTLET_AVAILABLE = bool(_eventlet)"")",EVENTLET_AVAILABLE = bool(_eventlet),https://opendev.org/openstack/taskflow/src/branch/master/taskflow/utils/eventlet_utils.py
taskflow,openstack/taskflow,taskflow/utils/eventlet_utils.py,24,"Other(""def check_for_eventlet(exc=None):"")",def check_for_eventlet(exc=None):,https://opendev.org/openstack/taskflow/src/branch/master/taskflow/utils/eventlet_utils.py
taskflow,openstack/taskflow,taskflow/utils/eventlet_utils.py,25,"Other(""\""\""\""Check if eventlet is available and if not raise"")","""""""Check if eventlet is available and if not raise a runtime error.",https://opendev.org/openstack/taskflow/src/branch/master/taskflow/utils/eventlet_utils.py
taskflow,openstack/taskflow,taskflow/utils/kazoo_utils.py,183,"Other(""based, but `gevent`_, or `eventlet`_ ones can be p"")","based, but `gevent`_, or `eventlet`_ ones can be provided as needed)",https://opendev.org/openstack/taskflow/src/branch/master/taskflow/utils/kazoo_utils.py
taskflow,openstack/taskflow,taskflow/utils/kazoo_utils.py,197,"Other("".. _eventlet: https://kazoo.readthedocs.io/en/late"")",.. _eventlet: https://kazoo.readthedocs.io/en/latest/api/\,https://opendev.org/openstack/taskflow/src/branch/master/taskflow/utils/kazoo_utils.py
taskflow,openstack/taskflow,taskflow/utils/kazoo_utils.py,198,"Other(""eventlet.html"")",handlers/eventlet.html,https://opendev.org/openstack/taskflow/src/branch/master/taskflow/utils/kazoo_utils.py
taskflow,openstack/taskflow,taskflow/utils/misc.py,478,"Other(""run. This can happen when eventlet switches greent"")",run. This can happen when eventlet switches greenthreads or when running an,https://opendev.org/openstack/taskflow/src/branch/master/taskflow/utils/misc.py
taskflow,openstack/taskflow,test-requirements.txt,18,"Other(""eventlet>=0.18.2 # MIT"")",eventlet>=0.18.2 # MIT,https://opendev.org/openstack/taskflow/src/branch/master/test-requirements.txt
telemetry-specs,openstack/telemetry-specs,specs/liberty/remove-web-eventlet.rst,11,"Other(""https://blueprints.launchpad.net/ceilometer/+spec/"")",https://blueprints.launchpad.net/ceilometer/+spec/remove-web-eventlet,https://opendev.org/openstack/telemetry-specs/src/branch/master/specs/liberty/remove-web-eventlet.rst
telemetry-specs,openstack/telemetry-specs,specs/liberty/remove-web-eventlet.rst,17,"Other(""monkeypatched to use eventlet."")",monkeypatched to use eventlet.,https://opendev.org/openstack/telemetry-specs/src/branch/master/specs/liberty/remove-web-eventlet.rst
telemetry-specs,openstack/telemetry-specs,specs/liberty/remove-web-eventlet.rst,23,"Other(""unusual behaviors when it is monkeypatched to use "")",unusual behaviors when it is monkeypatched to use eventlet. Since the Werkzeug,https://opendev.org/openstack/telemetry-specs/src/branch/master/specs/liberty/remove-web-eventlet.rst
telemetry-specs,openstack/telemetry-specs,specs/liberty/remove-web-eventlet.rst,25,"Other(""multi-threaded interactions, the inclusion of even"")","multi-threaded interactions, the inclusion of eventlet should be removed.",https://opendev.org/openstack/telemetry-specs/src/branch/master/specs/liberty/remove-web-eventlet.rst
telemetry-specs,openstack/telemetry-specs,specs/liberty/remove-web-eventlet.rst,35,"Other(""eventlet in place. We want our tooling to be as us"")",eventlet in place. We want our tooling to be as useful as possible *especially*,https://opendev.org/openstack/telemetry-specs/src/branch/master/specs/liberty/remove-web-eventlet.rst
telemetry-specs,openstack/telemetry-specs,specs/liberty/remove-web-eventlet.rst,38,"Other(""When using the Werkzeug service, using eventlet is"")","When using the Werkzeug service, using eventlet is fairly redundant as the",https://opendev.org/openstack/telemetry-specs/src/branch/master/specs/liberty/remove-web-eventlet.rst
telemetry-specs,openstack/telemetry-specs,specs/liberty/remove-web-eventlet.rst,44,"Other(""We can resolve this problem relatively easily. At "")",We can resolve this problem relatively easily. At the moment eventlet monkey,https://opendev.org/openstack/telemetry-specs/src/branch/master/specs/liberty/remove-web-eventlet.rst
telemetry-specs,openstack/telemetry-specs,specs/liberty/remove-web-eventlet.rst,121,"Other(""* Separate eventlet and non-eventlet commands into"")",* Separate eventlet and non-eventlet commands into two different module,https://opendev.org/openstack/telemetry-specs/src/branch/master/specs/liberty/remove-web-eventlet.rst
telemetry-specs,openstack/telemetry-specs,specs/liberty/remove-web-eventlet.rst,123,"Other(""* Compare and contrast performance of the API serv"")",* Compare and contrast performance of the API server with and without eventlet,https://opendev.org/openstack/telemetry-specs/src/branch/master/specs/liberty/remove-web-eventlet.rst
telemetry-specs,openstack/telemetry-specs,specs/liberty/remove-web-eventlet.rst,125,"Other(""Bayer has pointed out that removing eventlet has l"")",Bayer has pointed out that removing eventlet has little impact on a properly,https://opendev.org/openstack/telemetry-specs/src/branch/master/specs/liberty/remove-web-eventlet.rst
telemetry-specs,openstack/telemetry-specs,specs/liberty/remove-web-eventlet.rst,128,"Other(""Werkzeug with eventlet, Werkzeug without eventlet."")","Werkzeug with eventlet, Werkzeug without eventlet.",https://opendev.org/openstack/telemetry-specs/src/branch/master/specs/liberty/remove-web-eventlet.rst
telemetry-specs,openstack/telemetry-specs,specs/liberty/remove-web-eventlet.rst,136,"Other(""Ceilometer project. Once the API server is not usi"")",Ceilometer project. Once the API server is not using eventlet we can,https://opendev.org/openstack/telemetry-specs/src/branch/master/specs/liberty/remove-web-eventlet.rst
tooz,openstack/tooz,releasenotes/notes/deprecate-kazoo-eventlet-handler-4f931cf058f38200.yaml,5,"Other(""eventlet.html"")","OpenStack `is planned <https://governance.openstack.org/tc//goals/proposed/remove-eventlet.html>`_,",https://opendev.org/openstack/tooz/src/branch/master/releasenotes/notes/deprecate-kazoo-eventlet-handler-4f931cf058f38200.yaml
tooz,openstack/tooz,releasenotes/notes/deprecate-kazoo-eventlet-handler-4f931cf058f38200.yaml,6,"Other(""for this reason, using the ``eventlet`` handler fr"")","for this reason, using the ``eventlet`` handler from kazoo",https://opendev.org/openstack/tooz/src/branch/master/releasenotes/notes/deprecate-kazoo-eventlet-handler-4f931cf058f38200.yaml
tooz,openstack/tooz,tooz/drivers/zookeeper.py,21,Import,from kazoo.handlers import eventlet as eventlet_handler,https://opendev.org/openstack/tooz/src/branch/master/tooz/drivers/zookeeper.py
tooz,openstack/tooz,tooz/drivers/zookeeper.py,23,"Other(""eventlet_handler = None"")",eventlet_handler = None,https://opendev.org/openstack/tooz/src/branch/master/tooz/drivers/zookeeper.py
tooz,openstack/tooz,tooz/drivers/zookeeper.py,122,"Other(""if eventlet_handler:"")",if eventlet_handler:,https://opendev.org/openstack/tooz/src/branch/master/tooz/drivers/zookeeper.py
tooz,openstack/tooz,tooz/drivers/zookeeper.py,123,"Other(""HANDLERS['eventlet'] = eventlet_handler.Sequential"")",HANDLERS['eventlet'] = eventlet_handler.SequentialEventletHandler,https://opendev.org/openstack/tooz/src/branch/master/tooz/drivers/zookeeper.py
tooz,openstack/tooz,tooz/drivers/zookeeper.py,466,"Other(""if handler_kind == \""eventlet\"":"")","if handler_kind == ""eventlet"":",https://opendev.org/openstack/tooz/src/branch/master/tooz/drivers/zookeeper.py
trove,openstack/trove,integration/scripts/files/deprecated-elements/fedora-guest/install.d/15-trove-dep,11,"Other(""python-routes python-eventlet python-webob \\"")",python-routes python-eventlet python-webob \,https://opendev.org/openstack/trove/src/branch/master/integration/scripts/files/deprecated-elements/fedora-guest/install.d/15-trove-dep
trove,openstack/trove,requirements.txt,7,"Other(""eventlet>=0.27.0 # MIT"")",eventlet>=0.27.0 # MIT,https://opendev.org/openstack/trove/src/branch/master/requirements.txt
trove,openstack/trove,trove/cmd/__init__.py,27,Import,import eventlet,https://opendev.org/openstack/trove/src/branch/master/trove/cmd/__init__.py
trove,openstack/trove,trove/cmd/__init__.py,28,"Other(""eventlet.monkey_patch"")",eventlet.monkey_patch(all=True),https://opendev.org/openstack/trove/src/branch/master/trove/cmd/__init__.py
trove,openstack/trove,trove/common/base_wsgi.py,18,Import,import eventlet,https://opendev.org/openstack/trove/src/branch/master/trove/common/base_wsgi.py
trove,openstack/trove,trove/common/base_wsgi.py,19,"Other(""eventlet.patcher"")","eventlet.patcher.monkey_patch(all=False, socket=True)",https://opendev.org/openstack/trove/src/branch/master/trove/common/base_wsgi.py
trove,openstack/trove,trove/common/base_wsgi.py,27,Wsgi,import eventlet.wsgi,https://opendev.org/openstack/trove/src/branch/master/trove/common/base_wsgi.py
trove,openstack/trove,trove/common/base_wsgi.py,63,Listen,"sock = eventlet.listen(('0.0.0.0', port))",https://opendev.org/openstack/trove/src/branch/master/trove/common/base_wsgi.py
trove,openstack/trove,trove/common/base_wsgi.py,64,Wsgi,"eventlet.wsgi.server(sock, application, **kwargs)",https://opendev.org/openstack/trove/src/branch/master/trove/common/base_wsgi.py
trove,openstack/trove,trove/common/base_wsgi.py,99,Listen,"sock = eventlet.listen(bind_addr,",https://opendev.org/openstack/trove/src/branch/master/trove/common/base_wsgi.py
trove,openstack/trove,trove/common/base_wsgi.py,108,Sleep,eventlet.sleep(0.1),https://opendev.org/openstack/trove/src/branch/master/trove/common/base_wsgi.py
trove,openstack/trove,trove/common/base_wsgi.py,156,Wsgi,logger = logging.getLogger('eventlet.wsgi'),https://opendev.org/openstack/trove/src/branch/master/trove/common/base_wsgi.py
trove,openstack/trove,trove/common/base_wsgi.py,157,Wsgi,"eventlet.wsgi.server(socket,",https://opendev.org/openstack/trove/src/branch/master/trove/common/base_wsgi.py
trove,openstack/trove,trove/common/debug_utils.py,98,"Other(""eventlet.green"")",if threading.current_thread.__module__ == 'eventlet.green.threading':,https://opendev.org/openstack/trove/src/branch/master/trove/common/debug_utils.py
trove,openstack/trove,trove/common/debug_utils.py,99,"Other(""LOG.warning(\""Enabling debugging with eventlet monk"")","LOG.warning(""Enabling debugging with eventlet monkey""",https://opendev.org/openstack/trove/src/branch/master/trove/common/debug_utils.py
trove,openstack/trove,trove/common/strategies/cluster/experimental/cassandra/taskmanager.py,16,Import,from eventlet.timeout import Timeout,https://opendev.org/openstack/trove/src/branch/master/trove/common/strategies/cluster/experimental/cassandra/taskmanager.py
trove,openstack/trove,trove/common/strategies/cluster/experimental/galera_common/taskmanager.py,15,Import,from eventlet.timeout import Timeout,https://opendev.org/openstack/trove/src/branch/master/trove/common/strategies/cluster/experimental/galera_common/taskmanager.py
trove,openstack/trove,trove/common/strategies/cluster/experimental/mongodb/taskmanager.py,16,Import,from eventlet.timeout import Timeout,https://opendev.org/openstack/trove/src/branch/master/trove/common/strategies/cluster/experimental/mongodb/taskmanager.py
trove,openstack/trove,trove/common/strategies/cluster/experimental/redis/taskmanager.py,14,Import,from eventlet.timeout import Timeout,https://opendev.org/openstack/trove/src/branch/master/trove/common/strategies/cluster/experimental/redis/taskmanager.py
trove,openstack/trove,trove/common/strategies/cluster/experimental/vertica/taskmanager.py,14,Import,from eventlet.timeout import Timeout,https://opendev.org/openstack/trove/src/branch/master/trove/common/strategies/cluster/experimental/vertica/taskmanager.py
trove,openstack/trove,trove/common/utils.py,25,Import,from eventlet.timeout import Timeout,https://opendev.org/openstack/trove/src/branch/master/trove/common/utils.py
trove,openstack/trove,trove/common/wsgi.py,23,Wsgi,import eventlet.wsgi,https://opendev.org/openstack/trove/src/branch/master/trove/common/wsgi.py
trove,openstack/trove,trove/common/wsgi.py,50,Wsgi,eventlet.wsgi.MAX_HEADER_LINE = CONF.max_header_line,https://opendev.org/openstack/trove/src/branch/master/trove/common/wsgi.py
trove,openstack/trove,trove/common/wsgi.py,52,"Other(""eventlet.patcher"")","eventlet.patcher.monkey_patch(all=False, socket=True)",https://opendev.org/openstack/trove/src/branch/master/trove/common/wsgi.py
trove,openstack/trove,trove/guestagent/api.py,20,Import,from eventlet import Timeout,https://opendev.org/openstack/trove/src/branch/master/trove/guestagent/api.py
trove,openstack/trove,trove/rpc.py,121,"Other(""executor = \""blocking\"" if debug_utils.enabled() els"")","executor = ""blocking"" if debug_utils.enabled() else ""eventlet""",https://opendev.org/openstack/trove/src/branch/master/trove/rpc.py
trove,openstack/trove,trove/taskmanager/models.py,20,Import,from eventlet import greenthread,https://opendev.org/openstack/trove/src/branch/master/trove/taskmanager/models.py
trove,openstack/trove,trove/taskmanager/models.py,21,Import,from eventlet.timeout import Timeout,https://opendev.org/openstack/trove/src/branch/master/trove/taskmanager/models.py
upstream-institute-virtual-environment,openstack/upstream-institute-virtual-environment,elements/upstream-training/static/tmp/requirements.txt,59,"Other(""eventlet==0.26.1"")",eventlet==0.26.1,https://opendev.org/openstack/upstream-institute-virtual-environment/src/branch/master/elements/upstream-training/static/tmp/requirements.txt
venus,openstack/venus,etc/venus/logging_sample.conf,54,"Other(""[logger_eventletwsgi]"")",[logger_eventletwsgi],https://opendev.org/openstack/venus/src/branch/master/etc/venus/logging_sample.conf
venus,openstack/venus,etc/venus/logging_sample.conf,57,Wsgi,qualname = eventlet.wsgi.server,https://opendev.org/openstack/venus/src/branch/master/etc/venus/logging_sample.conf
venus,openstack/venus,openstack_venus.egg-info/SOURCES.txt,217,"Other(""venus/wsgi/eventlet_server.py"")",venus/wsgi/eventlet_server.py,https://opendev.org/openstack/venus/src/branch/master/openstack_venus.egg-info/SOURCES.txt
venus,openstack/venus,openstack_venus.egg-info/SOURCES.txt,306,"Other(""venus/wsgi/eventlet_server.py"")",venus/wsgi/eventlet_server.py,https://opendev.org/openstack/venus/src/branch/master/openstack_venus.egg-info/SOURCES.txt
venus,openstack/venus,openstack_venus.egg-info/requires.txt,4,"Other(""eventlet>=0.26.0"")",eventlet>=0.26.0,https://opendev.org/openstack/venus/src/branch/master/openstack_venus.egg-info/requires.txt
venus,openstack/venus,requirements.txt,8,"Other(""eventlet>=0.26.0 # MIT"")",eventlet>=0.26.0 # MIT,https://opendev.org/openstack/venus/src/branch/master/requirements.txt
venus,openstack/venus,venus/rpc.py,157,Executor,"executor='eventlet',",https://opendev.org/openstack/venus/src/branch/master/venus/rpc.py
venus,openstack/venus,venus/service.py,41,Import,from venus.wsgi import eventlet_server as wsgi,https://opendev.org/openstack/venus/src/branch/master/venus/service.py
venus,openstack/venus,venus/wsgi/eventlet_server.py,15,"Other(""\""\""\""Methods for working with eventlet WSGI servers."")","""""""Methods for working with eventlet WSGI servers.""""""",https://opendev.org/openstack/venus/src/branch/master/venus/wsgi/eventlet_server.py
venus,openstack/venus,venus/wsgi/eventlet_server.py,25,Import,import eventlet,https://opendev.org/openstack/venus/src/branch/master/venus/wsgi/eventlet_server.py
venus,openstack/venus,venus/wsgi/eventlet_server.py,26,Wsgi,import eventlet.wsgi,https://opendev.org/openstack/venus/src/branch/master/venus/wsgi/eventlet_server.py
venus,openstack/venus,venus/wsgi/eventlet_server.py,46,Wsgi,"protocol=eventlet.wsgi.HttpProtocol, backlog=128):",https://opendev.org/openstack/venus/src/branch/master/venus/wsgi/eventlet_server.py
venus,openstack/venus,venus/wsgi/eventlet_server.py,53,"Other("":param pool_size: Maximum number of eventlets to s"")",:param pool_size: Maximum number of eventlets to spawn concurrently.,https://opendev.org/openstack/venus/src/branch/master/venus/wsgi/eventlet_server.py
venus,openstack/venus,venus/wsgi/eventlet_server.py,58,Wsgi,eventlet.wsgi.MAX_HEADER_LINE = CONF.max_header_line,https://opendev.org/openstack/venus/src/branch/master/venus/wsgi/eventlet_server.py
venus,openstack/venus,venus/wsgi/eventlet_server.py,68,Pool,self._pool = eventlet.GreenPool(self.pool_size),https://opendev.org/openstack/venus/src/branch/master/venus/wsgi/eventlet_server.py
venus,openstack/venus,venus/wsgi/eventlet_server.py,69,Wsgi,"self._logger = logging.getLogger(""eventlet.wsgi.server"")",https://opendev.org/openstack/venus/src/branch/master/venus/wsgi/eventlet_server.py
venus,openstack/venus,venus/wsgi/eventlet_server.py,114,Listen,"self._socket = eventlet.listen(bind_addr, backlog=backlog,",https://opendev.org/openstack/venus/src/branch/master/venus/wsgi/eventlet_server.py
venus,openstack/venus,venus/wsgi/eventlet_server.py,119,Sleep,eventlet.sleep(0.1),https://opendev.org/openstack/venus/src/branch/master/venus/wsgi/eventlet_server.py
venus,openstack/venus,venus/wsgi/eventlet_server.py,178,Wsgi,"'func': eventlet.wsgi.server,",https://opendev.org/openstack/venus/src/branch/master/venus/wsgi/eventlet_server.py
venus,openstack/venus,venus/wsgi/eventlet_server.py,188,Spawn,self._server = eventlet.spawn(**wsgi_kwargs),https://opendev.org/openstack/venus/src/branch/master/venus/wsgi/eventlet_server.py
venus,openstack/venus,venus/wsgi/eventlet_server.py,202,"Other(""server is stopped is by killing its eventlet."")",server is stopped is by killing its eventlet.,https://opendev.org/openstack/venus/src/branch/master/venus/wsgi/eventlet_server.py
venus,openstack/venus,venus/wsgi/eventlet_server.py,216,"Other(""Waits on the server's eventlet to finish, then ret"")","Waits on the server's eventlet to finish, then returns.",https://opendev.org/openstack/venus/src/branch/master/venus/wsgi/eventlet_server.py
vitrage,openstack/vitrage,releasenotes/notes/services-management-improvements-899c011e57002e84.yaml,8,"Other(""eventlets and timers."")",eventlets and timers.,https://opendev.org/openstack/vitrage/src/branch/master/releasenotes/notes/services-management-improvements-899c011e57002e84.yaml
vitrage,openstack/vitrage,requirements.txt,38,"Other(""eventlet!=0.20.1,>=0.20.0 # MIT"")","eventlet!=0.20.1,>=0.20.0 # MIT",https://opendev.org/openstack/vitrage/src/branch/master/requirements.txt
watcher,openstack/watcher,doc/source/contributor/concurrency.rst,60,"Other(""the maintenance of eventlet has decreased and the "")",the maintenance of eventlet has decreased and the efforts to remove the GIL,https://opendev.org/openstack/watcher/src/branch/master/doc/source/contributor/concurrency.rst
watcher,openstack/watcher,doc/source/contributor/concurrency.rst,62,"Other(""eventlet no longer viable. While transitioning to "")",eventlet no longer viable. While transitioning to a new native thread,https://opendev.org/openstack/watcher/src/branch/master/doc/source/contributor/concurrency.rst
watcher,openstack/watcher,releasenotes/notes/2025.1-prelude-8be97eece4e1d1ff.yaml,12,"Other(""improvements to eventlet and SQLAlchemy 2.0 compat"")",improvements to eventlet and SQLAlchemy 2.0 compatibility where required.,https://opendev.org/openstack/watcher/src/branch/master/releasenotes/notes/2025.1-prelude-8be97eece4e1d1ff.yaml
watcher,openstack/watcher,releasenotes/notes/2025.1-prelude-8be97eece4e1d1ff.yaml,25,"Other(""eventlet, apscheduler, and python 3.12"")","eventlet, apscheduler, and python 3.12",https://opendev.org/openstack/watcher/src/branch/master/releasenotes/notes/2025.1-prelude-8be97eece4e1d1ff.yaml
watcher,openstack/watcher,releasenotes/notes/2025.1-prelude-8be97eece4e1d1ff.yaml,27,"Other(""database layer to improve compatibility with event"")",database layer to improve compatibility with eventlet on newer Pythons,https://opendev.org/openstack/watcher/src/branch/master/releasenotes/notes/2025.1-prelude-8be97eece4e1d1ff.yaml
watcher,openstack/watcher,releasenotes/notes/decision-engine-threading-mode-26fc8066dcd499a2.yaml,11,"Other(""please check `eventlet removal"")",please check `eventlet removal,https://opendev.org/openstack/watcher/src/branch/master/releasenotes/notes/decision-engine-threading-mode-26fc8066dcd499a2.yaml
watcher,openstack/watcher,requirements.txt,6,"Other(""eventlet>=0.27.0 # MIT"")",eventlet>=0.27.0 # MIT,https://opendev.org/openstack/watcher/src/branch/master/requirements.txt
watcher,openstack/watcher,setup.cfg,48,"Other(""eventlet.api"")",watcher-api = watcher.cmd.eventlet.api:main,https://opendev.org/openstack/watcher/src/branch/master/setup.cfg
watcher,openstack/watcher,setup.cfg,50,"Other(""eventlet.decisionengine"")",watcher-decision-engine = watcher.cmd.eventlet.decisionengine:main,https://opendev.org/openstack/watcher/src/branch/master/setup.cfg
watcher,openstack/watcher,setup.cfg,51,"Other(""eventlet.applier"")",watcher-applier = watcher.cmd.eventlet.applier:main,https://opendev.org/openstack/watcher/src/branch/master/setup.cfg
watcher,openstack/watcher,watcher/applier/workflow_engine/base.py,21,Import,import eventlet,https://opendev.org/openstack/watcher/src/branch/master/watcher/applier/workflow_engine/base.py
watcher,openstack/watcher,watcher/applier/workflow_engine/base.py,231,Spawn,"et = eventlet.spawn(_do_execute_action, *args, **kwargs)",https://opendev.org/openstack/watcher/src/branch/master/watcher/applier/workflow_engine/base.py
watcher,openstack/watcher,watcher/applier/workflow_engine/base.py,265,"Other(""eventlet.greenlet"")",except eventlet.greenlet.GreenletExit:,https://opendev.org/openstack/watcher/src/branch/master/watcher/applier/workflow_engine/base.py
watcher,openstack/watcher,watcher/cmd/eventlet/__init__.py,29,Import,from watcher import eventlet,https://opendev.org/openstack/watcher/src/branch/master/watcher/cmd/eventlet/__init__.py
watcher,openstack/watcher,watcher/cmd/eventlet/__init__.py,30,"Other(""eventlet.patch"")",eventlet.patch(),https://opendev.org/openstack/watcher/src/branch/master/watcher/cmd/eventlet/__init__.py
watcher,openstack/watcher,watcher/common/executor.py,19,Import,from watcher import eventlet as eventlet_helper,https://opendev.org/openstack/watcher/src/branch/master/watcher/common/executor.py
watcher,openstack/watcher,watcher/common/executor.py,28,"Other(""depending if eventlet patching is enabled or not"")",depending if eventlet patching is enabled or not,https://opendev.org/openstack/watcher/src/branch/master/watcher/common/executor.py
watcher,openstack/watcher,watcher/common/executor.py,30,"Other(""if eventlet_helper.is_patched():"")",if eventlet_helper.is_patched():,https://opendev.org/openstack/watcher/src/branch/master/watcher/common/executor.py
watcher,openstack/watcher,watcher/common/executor.py,41,"Other(""futurist.GreenThreadPoolExecutor as pool, dependin"")","futurist.GreenThreadPoolExecutor as pool, depending if eventlet",https://opendev.org/openstack/watcher/src/branch/master/watcher/common/executor.py
watcher,openstack/watcher,watcher/common/oslo_service_helper.py,18,Import,from watcher import eventlet as eventlet_helper,https://opendev.org/openstack/watcher/src/branch/master/watcher/common/oslo_service_helper.py
watcher,openstack/watcher,watcher/common/oslo_service_helper.py,24,"Other(""if eventlet_helper.is_patched():"")",if eventlet_helper.is_patched():,https://opendev.org/openstack/watcher/src/branch/master/watcher/common/oslo_service_helper.py
watcher,openstack/watcher,watcher/common/scheduling.py,24,Import,from watcher import eventlet as eventlet_helper,https://opendev.org/openstack/watcher/src/branch/master/watcher/common/scheduling.py
watcher,openstack/watcher,watcher/common/scheduling.py,47,"Other(""eventlet_helper.patch()"")",eventlet_helper.patch(),https://opendev.org/openstack/watcher/src/branch/master/watcher/common/scheduling.py
watcher,openstack/watcher,watcher/common/service.py,61,Wsgi,"'eventlet.wsgi.server=WARN', 'iso8601=WARN',",https://opendev.org/openstack/watcher/src/branch/master/watcher/common/service.py
watcher,openstack/watcher,watcher/common/utils.py,24,Import,import eventlet,https://opendev.org/openstack/watcher/src/branch/master/watcher/common/utils.py
watcher,openstack/watcher,watcher/common/utils.py,25,Import,from eventlet import tpool,https://opendev.org/openstack/watcher/src/branch/master/watcher/common/utils.py
watcher,openstack/watcher,watcher/common/utils.py,190,"Other(""eventlet.timeout"")",with eventlet.timeout.Timeout(,https://opendev.org/openstack/watcher/src/branch/master/watcher/common/utils.py
watcher,openstack/watcher,watcher/decision_engine/scheduling.py,18,Import,import eventlet,https://opendev.org/openstack/watcher/src/branch/master/watcher/decision_engine/scheduling.py
watcher,openstack/watcher,watcher/decision_engine/scheduling.py,57,"Other(""eventlet.Timeout"")",with eventlet.Timeout(,https://opendev.org/openstack/watcher/src/branch/master/watcher/decision_engine/scheduling.py
watcher,openstack/watcher,watcher/eventlet.py,29,Import,import eventlet,https://opendev.org/openstack/watcher/src/branch/master/watcher/eventlet.py
watcher,openstack/watcher,watcher/eventlet.py,30,MonkeyPatch,eventlet.monkey_patch(),https://opendev.org/openstack/watcher/src/branch/master/watcher/eventlet.py
zun,openstack/zun,contrib/nova-docker/nova/virt/zun/driver.py,27,Import,import eventlet,https://opendev.org/openstack/zun/src/branch/master/contrib/nova-docker/nova/virt/zun/driver.py
zun,openstack/zun,contrib/nova-docker/nova/virt/zun/driver.py,467,"Other(""eventlet.timeout"")",except eventlet.timeout.Timeout:,https://opendev.org/openstack/zun/src/branch/master/contrib/nova-docker/nova/virt/zun/driver.py
zun,openstack/zun,contrib/nova-docker/nova/virt/zun/opencontrail.py,16,Import,import eventlet,https://opendev.org/openstack/zun/src/branch/master/contrib/nova-docker/nova/virt/zun/opencontrail.py
zun,openstack/zun,contrib/nova-docker/nova/virt/zun/opencontrail.py,34,"Other(""eventlet.semaphore"")",self._vrouter_semaphore = eventlet.semaphore.Semaphore(),https://opendev.org/openstack/zun/src/branch/master/contrib/nova-docker/nova/virt/zun/opencontrail.py
zun,openstack/zun,requirements.txt,10,"Other(""eventlet>=0.28.0 # MIT"")",eventlet>=0.28.0 # MIT,https://opendev.org/openstack/zun/src/branch/master/requirements.txt
zun,openstack/zun,zun/cmd/__init__.py,18,Import,import eventlet,https://opendev.org/openstack/zun/src/branch/master/zun/cmd/__init__.py
zun,openstack/zun,zun/cmd/__init__.py,20,MonkeyPatch,eventlet.monkey_patch(),https://opendev.org/openstack/zun/src/branch/master/zun/cmd/__init__.py
zun,openstack/zun,zun/common/rpc_service.py,55,Executor,"executor='eventlet',",https://opendev.org/openstack/zun/src/branch/master/zun/common/rpc_service.py
zun,openstack/zun,zun/common/utils.py,22,Import,import eventlet,https://opendev.org/openstack/zun/src/branch/master/zun/common/utils.py
zun,openstack/zun,zun/common/utils.py,194,"Other(""eventlet.spawn_n"")","""""""Passthrough method for eventlet.spawn_n.",https://opendev.org/openstack/zun/src/branch/master/zun/common/utils.py
zun,openstack/zun,zun/common/utils.py,213,"Other(""eventlet.spawn_n"")","eventlet.spawn_n(context_wrapper, *args, **kwargs)",https://opendev.org/openstack/zun/src/branch/master/zun/common/utils.py
zun,openstack/zun,zun/container/docker/driver.py,16,Import,import eventlet,https://opendev.org/openstack/zun/src/branch/master/zun/container/docker/driver.py
zun,openstack/zun,zun/container/docker/driver.py,869,"Other(""eventlet.Timeout"")",with eventlet.Timeout(CONF.docker.execute_timeout):,https://opendev.org/openstack/zun/src/branch/master/zun/container/docker/driver.py
zun,openstack/zun,zun/container/docker/driver.py,871,"Other(""eventlet.Timeout"")",except eventlet.Timeout:,https://opendev.org/openstack/zun/src/branch/master/zun/container/docker/driver.py
zun,openstack/zun,zun/websocket/websocketproxy.py,178,Import,from eventlet import hubs,https://opendev.org/openstack/zun/src/branch/master/zun/websocket/websocketproxy.py
