project_name,repository,file_path,line_number,usage_type,code_snippet,file_url
aodh,openstack/aodh,releasenotes/notes/remove-eventlet-18ada1cff213af5e.yaml,4,"Other(""Remove eventlet from Aodh in favour of threaded ap"")",Remove eventlet from Aodh in favour of threaded approach,https://opendev.org/openstack/aodh/src/branch/master/releasenotes/notes/remove-eventlet-18ada1cff213af5e.yaml
aodh,openstack/aodh,releasenotes/source/locale/de/LC_MESSAGES/releasenotes.po,241,"Other(""msgid \""Remove eventlet from Aodh in favour of thre"")","msgid ""Remove eventlet from Aodh in favour of threaded approach""",https://opendev.org/openstack/aodh/src/branch/master/releasenotes/source/locale/de/LC_MESSAGES/releasenotes.po
aodh,openstack/aodh,releasenotes/source/locale/en_GB/LC_MESSAGES/releasenotes.po,437,"Other(""msgid \""Remove eventlet from Aodh in favour of thre"")","msgid ""Remove eventlet from Aodh in favour of threaded approach""",https://opendev.org/openstack/aodh/src/branch/master/releasenotes/source/locale/en_GB/LC_MESSAGES/releasenotes.po
aodh,openstack/aodh,releasenotes/source/locale/en_GB/LC_MESSAGES/releasenotes.po,438,"Other(""msgstr \""Remove eventlet from Aodh in favour of thr"")","msgstr ""Remove eventlet from Aodh in favour of threaded approach""",https://opendev.org/openstack/aodh/src/branch/master/releasenotes/source/locale/en_GB/LC_MESSAGES/releasenotes.po
aodh,openstack/aodh,releasenotes/source/locale/ja/LC_MESSAGES/releasenotes.po,231,"Other(""msgid \""Remove eventlet from Aodh in favour of thre"")","msgid ""Remove eventlet from Aodh in favour of threaded approach""",https://opendev.org/openstack/aodh/src/branch/master/releasenotes/source/locale/ja/LC_MESSAGES/releasenotes.po
auto-scaling-sig,openstack/auto-scaling-sig,.zuul.yaml,56,"Other(""eventlet_opts:"")",eventlet_opts:,https://opendev.org/openstack/auto-scaling-sig/src/branch/master/.zuul.yaml
barbican,openstack/barbican,barbican/cmd/keystone_listener.py,21,Import,import eventlet,https://opendev.org/openstack/barbican/src/branch/master/barbican/cmd/keystone_listener.py
barbican,openstack/barbican,barbican/cmd/keystone_listener.py,29,MonkeyPatch,eventlet.monkey_patch(),https://opendev.org/openstack/barbican/src/branch/master/barbican/cmd/keystone_listener.py
barbican,openstack/barbican,barbican/cmd/retry_scheduler.py,22,Import,import eventlet,https://opendev.org/openstack/barbican/src/branch/master/barbican/cmd/retry_scheduler.py
barbican,openstack/barbican,barbican/cmd/retry_scheduler.py,27,MonkeyPatch,eventlet.monkey_patch(),https://opendev.org/openstack/barbican/src/branch/master/barbican/cmd/retry_scheduler.py
barbican,openstack/barbican,barbican/cmd/worker.py,22,Import,import eventlet,https://opendev.org/openstack/barbican/src/branch/master/barbican/cmd/worker.py
barbican,openstack/barbican,barbican/cmd/worker.py,27,MonkeyPatch,eventlet.monkey_patch(),https://opendev.org/openstack/barbican/src/branch/master/barbican/cmd/worker.py
barbican,openstack/barbican,barbican/queue/__init__.py,84,Executor,"executor='eventlet',",https://opendev.org/openstack/barbican/src/branch/master/barbican/queue/__init__.py
barbican,openstack/barbican,barbican/queue/__init__.py,115,Executor,"executor='eventlet',",https://opendev.org/openstack/barbican/src/branch/master/barbican/queue/__init__.py
barbican,openstack/barbican,requirements.txt,4,"Other(""eventlet>=0.18.2,!=0.18.3,!=0.20.1  # MIT"")","eventlet>=0.18.2,!=0.18.3,!=0.20.1  # MIT",https://opendev.org/openstack/barbican/src/branch/master/requirements.txt
blazar,openstack/blazar,blazar/api/v1/app.py,16,Import,import eventlet,https://opendev.org/openstack/blazar/src/branch/master/blazar/api/v1/app.py
blazar,openstack/blazar,blazar/api/v1/app.py,17,"Other(""eventlet.monkey_patch"")",eventlet.monkey_patch(,https://opendev.org/openstack/blazar/src/branch/master/blazar/api/v1/app.py
blazar,openstack/blazar,blazar/cmd/api.py,16,Import,import eventlet,https://opendev.org/openstack/blazar/src/branch/master/blazar/cmd/api.py
blazar,openstack/blazar,blazar/cmd/api.py,17,"Other(""eventlet.monkey_patch"")",eventlet.monkey_patch(,https://opendev.org/openstack/blazar/src/branch/master/blazar/cmd/api.py
blazar,openstack/blazar,blazar/cmd/api.py,23,Import,from eventlet import wsgi,https://opendev.org/openstack/blazar/src/branch/master/blazar/cmd/api.py
blazar,openstack/blazar,blazar/cmd/api.py,59,Listen,"wsgi.server(eventlet.listen((CONF.host, CONF.port), backlog=500), app)",https://opendev.org/openstack/blazar/src/branch/master/blazar/cmd/api.py
blazar,openstack/blazar,blazar/cmd/manager.py,16,Import,import eventlet,https://opendev.org/openstack/blazar/src/branch/master/blazar/cmd/manager.py
blazar,openstack/blazar,blazar/cmd/manager.py,17,MonkeyPatch,eventlet.monkey_patch(),https://opendev.org/openstack/blazar/src/branch/master/blazar/cmd/manager.py
blazar,openstack/blazar,blazar/manager/service.py,20,Import,import eventlet,https://opendev.org/openstack/blazar/src/branch/master/blazar/manager/service.py
blazar,openstack/blazar,blazar/manager/service.py,162,Spawn,event_thread = eventlet.spawn(,https://opendev.org/openstack/blazar/src/branch/master/blazar/manager/service.py
blazar,openstack/blazar,blazar/monitor/notification_monitor.py,38,Executor,executor='eventlet',https://opendev.org/openstack/blazar/src/branch/master/blazar/monitor/notification_monitor.py
blazar,openstack/blazar,blazar/rpc.py,46,Executor,"executor='eventlet',",https://opendev.org/openstack/blazar/src/branch/master/blazar/rpc.py
blazar,openstack/blazar,requirements.txt,11,"Other(""eventlet!=0.18.3,!=0.20.1,!=0.21.0,!=0.23.0,!=0.25"")","eventlet!=0.18.3,!=0.20.1,!=0.21.0,!=0.23.0,!=0.25.0,>=0.18.2 # MIT",https://opendev.org/openstack/blazar/src/branch/master/requirements.txt
ceilometer,openstack/ceilometer,releasenotes/notes/remove-eventlet-6738321434b60c78.yaml,4,"Other(""Remove eventlet from Ceilometer in favour of threa"")",Remove eventlet from Ceilometer in favour of threaded approach,https://opendev.org/openstack/ceilometer/src/branch/master/releasenotes/notes/remove-eventlet-6738321434b60c78.yaml
ceilometer,openstack/ceilometer,releasenotes/source/locale/en_GB/LC_MESSAGES/releasenotes.po,914,"Other(""msgid \""Remove eventlet from Ceilometer in favour o"")","msgid ""Remove eventlet from Ceilometer in favour of threaded approach""",https://opendev.org/openstack/ceilometer/src/branch/master/releasenotes/source/locale/en_GB/LC_MESSAGES/releasenotes.po
ceilometer,openstack/ceilometer,releasenotes/source/locale/en_GB/LC_MESSAGES/releasenotes.po,915,"Other(""msgstr \""Remove eventlet from Ceilometer in favour "")","msgstr ""Remove eventlet from Ceilometer in favour of threaded approach""",https://opendev.org/openstack/ceilometer/src/branch/master/releasenotes/source/locale/en_GB/LC_MESSAGES/releasenotes.po
ceilometer,openstack/ceilometer,releasenotes/source/mitaka.rst,51,"Other("".. releasenotes/notes/remove-eventlet-6738321434b6"")",.. releasenotes/notes/remove-eventlet-6738321434b60c78.yaml @ f24ea44401b8945c9cb8a34b2aedebba3c040691,https://opendev.org/openstack/ceilometer/src/branch/master/releasenotes/source/mitaka.rst
ceilometer,openstack/ceilometer,releasenotes/source/mitaka.rst,53,"Other(""- Remove eventlet from Ceilometer in favour of thr"")",- Remove eventlet from Ceilometer in favour of threaded approach,https://opendev.org/openstack/ceilometer/src/branch/master/releasenotes/source/mitaka.rst
ceilometer,openstack/ceilometer,test-requirements.txt,2,"Other(""eventlet>=0.30.1 # MIT"")",eventlet>=0.30.1 # MIT,https://opendev.org/openstack/ceilometer/src/branch/master/test-requirements.txt
charm-manila,openstack/charm-manila,src/templates/mitaka/logging.conf,43,"Other(""[logger_eventletwsgi]"")",[logger_eventletwsgi],https://opendev.org/openstack/charm-manila/src/branch/master/src/templates/mitaka/logging.conf
charm-manila,openstack/charm-manila,src/templates/mitaka/logging.conf,46,Wsgi,qualname = eventlet.wsgi.server,https://opendev.org/openstack/charm-manila/src/branch/master/src/templates/mitaka/logging.conf
charm-manila-ganesha,openstack/charm-manila-ganesha,src/templates/rocky/logging.conf,43,"Other(""[logger_eventletwsgi]"")",[logger_eventletwsgi],https://opendev.org/openstack/charm-manila-ganesha/src/branch/master/src/templates/rocky/logging.conf
charm-manila-ganesha,openstack/charm-manila-ganesha,src/templates/rocky/logging.conf,46,Wsgi,qualname = eventlet.wsgi.server,https://opendev.org/openstack/charm-manila-ganesha/src/branch/master/src/templates/rocky/logging.conf
cinder,openstack/cinder,cinder/__init__.py,21,Import,import eventlet  # noqa,https://opendev.org/openstack/cinder/src/branch/master/cinder/__init__.py
cinder,openstack/cinder,cinder/backup/api.py,25,Import,from eventlet import greenthread,https://opendev.org/openstack/cinder/src/branch/master/cinder/backup/api.py
cinder,openstack/cinder,cinder/backup/chunkeddriver.py,30,Import,import eventlet,https://opendev.org/openstack/cinder/src/branch/master/cinder/backup/chunkeddriver.py
cinder,openstack/cinder,cinder/backup/chunkeddriver.py,130,"Other(""eventlet.tpool"")",return eventlet.tpool.Proxy(result),https://opendev.org/openstack/cinder/src/branch/master/cinder/backup/chunkeddriver.py
cinder,openstack/cinder,cinder/backup/chunkeddriver.py,165,"Other(""eventlet.tpool"")",return eventlet.tpool.Proxy(writer),https://opendev.org/openstack/cinder/src/branch/master/cinder/backup/chunkeddriver.py
cinder,openstack/cinder,cinder/backup/chunkeddriver.py,170,"Other(""eventlet.tpool"")",return eventlet.tpool.Proxy(reader),https://opendev.org/openstack/cinder/src/branch/master/cinder/backup/chunkeddriver.py
cinder,openstack/cinder,cinder/backup/chunkeddriver.py,192,"Other(""The object writer methods must not have any loggin"")","The object writer methods must not have any logging calls, as eventlet",https://opendev.org/openstack/cinder/src/branch/master/cinder/backup/chunkeddriver.py
cinder,openstack/cinder,cinder/backup/chunkeddriver.py,193,"Other(""has a bug (https://github.com/eventlet/eventlet/is"")",has a bug (https://github.com/eventlet/eventlet/issues/432) that would,https://opendev.org/openstack/cinder/src/branch/master/cinder/backup/chunkeddriver.py
cinder,openstack/cinder,cinder/backup/chunkeddriver.py,202,"Other(""The object reader methods must not have any loggin"")","The object reader methods must not have any logging calls, as eventlet",https://opendev.org/openstack/cinder/src/branch/master/cinder/backup/chunkeddriver.py
cinder,openstack/cinder,cinder/backup/chunkeddriver.py,203,"Other(""has a bug (https://github.com/eventlet/eventlet/is"")",has a bug (https://github.com/eventlet/eventlet/issues/432) that would,https://opendev.org/openstack/cinder/src/branch/master/cinder/backup/chunkeddriver.py
cinder,openstack/cinder,cinder/backup/chunkeddriver.py,403,"Other(""eventlet.tpool"")",md5 = eventlet.tpool.execute(,https://opendev.org/openstack/cinder/src/branch/master/cinder/backup/chunkeddriver.py
cinder,openstack/cinder,cinder/backup/chunkeddriver.py,413,Sleep,LOG.debug('Calling eventlet.sleep(0)'),https://opendev.org/openstack/cinder/src/branch/master/cinder/backup/chunkeddriver.py
cinder,openstack/cinder,cinder/backup/chunkeddriver.py,414,Sleep,eventlet.sleep(0),https://opendev.org/openstack/cinder/src/branch/master/cinder/backup/chunkeddriver.py
cinder,openstack/cinder,cinder/backup/chunkeddriver.py,620,"Other(""eventlet.tpool"")","shalist = eventlet.tpool.execute(self._calculate_sha, data)",https://opendev.org/openstack/cinder/src/branch/master/cinder/backup/chunkeddriver.py
cinder,openstack/cinder,cinder/backup/chunkeddriver.py,772,Sleep,eventlet.sleep(0),https://opendev.org/openstack/cinder/src/branch/master/cinder/backup/chunkeddriver.py
cinder,openstack/cinder,cinder/backup/chunkeddriver.py,869,Sleep,eventlet.sleep(0),https://opendev.org/openstack/cinder/src/branch/master/cinder/backup/chunkeddriver.py
cinder,openstack/cinder,cinder/backup/drivers/ceph.py,55,Import,import eventlet,https://opendev.org/openstack/cinder/src/branch/master/cinder/backup/drivers/ceph.py
cinder,openstack/cinder,cinder/backup/drivers/ceph.py,135,"Other(""eventlet.tpool"")","meta_obj = eventlet.tpool.Proxy(rados.Object(self._client.ioctx,",https://opendev.org/openstack/cinder/src/branch/master/cinder/backup/drivers/ceph.py
cinder,openstack/cinder,cinder/backup/drivers/ceph.py,153,"Other(""eventlet.tpool"")","meta_obj = eventlet.tpool.Proxy(rados.Object(self._client.ioctx,",https://opendev.org/openstack/cinder/src/branch/master/cinder/backup/drivers/ceph.py
cinder,openstack/cinder,cinder/backup/drivers/ceph.py,166,"Other(""eventlet.tpool"")","meta_obj = eventlet.tpool.Proxy(rados.Object(self._client.ioctx,",https://opendev.org/openstack/cinder/src/branch/master/cinder/backup/drivers/ceph.py
cinder,openstack/cinder,cinder/backup/drivers/ceph.py,175,"Other(""eventlet.tpool"")","meta_obj = eventlet.tpool.Proxy(rados.Object(self._client.ioctx,",https://opendev.org/openstack/cinder/src/branch/master/cinder/backup/drivers/ceph.py
cinder,openstack/cinder,cinder/backup/drivers/ceph.py,340,"Other(""eventlet.tpool"")",client = eventlet.tpool.Proxy(self.rados.Rados(,https://opendev.org/openstack/cinder/src/branch/master/cinder/backup/drivers/ceph.py
cinder,openstack/cinder,cinder/backup/drivers/ceph.py,413,"Other(""eventlet.tpool"")",eventlet.tpool.Proxy(volume.rbd_image).discard(,https://opendev.org/openstack/cinder/src/branch/master/cinder/backup/drivers/ceph.py
cinder,openstack/cinder,cinder/backup/drivers/ceph.py,417,"Other(""eventlet.tpool"")",eventlet.tpool.Proxy(volume.rbd_image).discard(,https://opendev.org/openstack/cinder/src/branch/master/cinder/backup/drivers/ceph.py
cinder,openstack/cinder,cinder/backup/drivers/ceph.py,495,"Other(""eventlet.tpool"")",eventlet.tpool.Proxy(self.rbd.RBD()).create(,https://opendev.org/openstack/cinder/src/branch/master/cinder/backup/drivers/ceph.py
cinder,openstack/cinder,cinder/backup/drivers/ceph.py,519,"Other(""eventlet.tpool"")","base_rbd = eventlet.tpool.Proxy(self.rbd.Image(rados_client.ioctx,",https://opendev.org/openstack/cinder/src/branch/master/cinder/backup/drivers/ceph.py
cinder,openstack/cinder,cinder/backup/drivers/ceph.py,571,"Other(""eventlet.tpool"")","with eventlet.tpool.Proxy(rbd_driver.RADOSClient(self,",https://opendev.org/openstack/cinder/src/branch/master/cinder/backup/drivers/ceph.py
cinder,openstack/cinder,cinder/backup/drivers/ceph.py,597,"Other(""eventlet.tpool"")",eventlet.tpool.Proxy(self.rbd.RBD()).remove(,https://opendev.org/openstack/cinder/src/branch/master/cinder/backup/drivers/ceph.py
cinder,openstack/cinder,cinder/backup/drivers/ceph.py,625,"Other(""eventlet.tpool"")",if src_name in eventlet.tpool.Proxy(,https://opendev.org/openstack/cinder/src/branch/master/cinder/backup/drivers/ceph.py
cinder,openstack/cinder,cinder/backup/drivers/ceph.py,630,"Other(""eventlet.tpool"")","src_rbd = eventlet.tpool.Proxy(self.rbd.Image(client.ioctx,",https://opendev.org/openstack/cinder/src/branch/master/cinder/backup/drivers/ceph.py
cinder,openstack/cinder,cinder/backup/drivers/ceph.py,725,"Other(""eventlet.tpool"")",rbds = eventlet.tpool.Proxy(self.rbd.RBD()).list(client.ioctx),https://opendev.org/openstack/cinder/src/branch/master/cinder/backup/drivers/ceph.py
cinder,openstack/cinder,cinder/backup/drivers/ceph.py,743,"Other(""eventlet.tpool"")","base_rbd = eventlet.tpool.Proxy(self.rbd.Image(client.ioctx,",https://opendev.org/openstack/cinder/src/branch/master/cinder/backup/drivers/ceph.py
cinder,openstack/cinder,cinder/backup/drivers/ceph.py,764,"Other(""eventlet.tpool"")","with eventlet.tpool.Proxy(rbd_driver.RADOSClient(self,",https://opendev.org/openstack/cinder/src/branch/master/cinder/backup/drivers/ceph.py
cinder,openstack/cinder,cinder/backup/drivers/ceph.py,791,"Other(""eventlet.tpool"")","with eventlet.tpool.Proxy(rbd_driver.RADOSClient(self,",https://opendev.org/openstack/cinder/src/branch/master/cinder/backup/drivers/ceph.py
cinder,openstack/cinder,cinder/backup/drivers/ceph.py,794,"Other(""eventlet.tpool"")",base_rbd = eventlet.tpool.Proxy(,https://opendev.org/openstack/cinder/src/branch/master/cinder/backup/drivers/ceph.py
cinder,openstack/cinder,cinder/backup/drivers/ceph.py,827,"Other(""eventlet.tpool"")",source_rbd_image = eventlet.tpool.Proxy(volume_file.rbd_image),https://opendev.org/openstack/cinder/src/branch/master/cinder/backup/drivers/ceph.py
cinder,openstack/cinder,cinder/backup/drivers/ceph.py,1000,"Other(""eventlet.tpool"")","with eventlet.tpool.Proxy(rbd_driver.RADOSClient(self,",https://opendev.org/openstack/cinder/src/branch/master/cinder/backup/drivers/ceph.py
cinder,openstack/cinder,cinder/backup/drivers/ceph.py,1007,"Other(""eventlet.tpool"")",eventlet.tpool.Proxy(self.rbd.RBD()).create(,https://opendev.org/openstack/cinder/src/branch/master/cinder/backup/drivers/ceph.py
cinder,openstack/cinder,cinder/backup/drivers/ceph.py,1017,"Other(""eventlet.tpool"")","dest_rbd = eventlet.tpool.Proxy(self.rbd.Image(client.ioctx,",https://opendev.org/openstack/cinder/src/branch/master/cinder/backup/drivers/ceph.py
cinder,openstack/cinder,cinder/backup/drivers/ceph.py,1026,"Other(""eventlet.tpool"")",meta_io_proxy = eventlet.tpool.Proxy(rbd_fd),https://opendev.org/openstack/cinder/src/branch/master/cinder/backup/drivers/ceph.py
cinder,openstack/cinder,cinder/backup/drivers/ceph.py,1132,"Other(""eventlet.tpool"")","with eventlet.tpool.Proxy(rbd_driver.RADOSClient(self,",https://opendev.org/openstack/cinder/src/branch/master/cinder/backup/drivers/ceph.py
cinder,openstack/cinder,cinder/backup/drivers/ceph.py,1220,"Other(""eventlet.tpool"")","with eventlet.tpool.Proxy(rbd_driver.RADOSClient(self,",https://opendev.org/openstack/cinder/src/branch/master/cinder/backup/drivers/ceph.py
cinder,openstack/cinder,cinder/backup/drivers/ceph.py,1236,"Other(""eventlet.tpool"")","src_rbd = eventlet.tpool.Proxy(self.rbd.Image(client.ioctx,",https://opendev.org/openstack/cinder/src/branch/master/cinder/backup/drivers/ceph.py
cinder,openstack/cinder,cinder/backup/drivers/ceph.py,1264,"Other(""eventlet.tpool"")",src_rbd = eventlet.tpool.Proxy(self.rbd.Image(,https://opendev.org/openstack/cinder/src/branch/master/cinder/backup/drivers/ceph.py
cinder,openstack/cinder,cinder/backup/drivers/ceph.py,1276,"Other(""eventlet.tpool"")","self._transfer_data(eventlet.tpool.Proxy(rbd_fd), backup_name,",https://opendev.org/openstack/cinder/src/branch/master/cinder/backup/drivers/ceph.py
cinder,openstack/cinder,cinder/backup/drivers/ceph.py,1294,"Other(""eventlet.tpool"")","with eventlet.tpool.Proxy(rbd_driver.RADOSClient(self,",https://opendev.org/openstack/cinder/src/branch/master/cinder/backup/drivers/ceph.py
cinder,openstack/cinder,cinder/backup/drivers/ceph.py,1297,"Other(""eventlet.tpool"")","base_image = eventlet.tpool.Proxy(self.rbd.Image(client.ioctx,",https://opendev.org/openstack/cinder/src/branch/master/cinder/backup/drivers/ceph.py
cinder,openstack/cinder,cinder/backup/drivers/ceph.py,1356,"Other(""eventlet.tpool"")","with eventlet.tpool.Proxy(rbd_driver.RADOSClient(self,",https://opendev.org/openstack/cinder/src/branch/master/cinder/backup/drivers/ceph.py
cinder,openstack/cinder,cinder/backup/drivers/ceph.py,1358,"Other(""eventlet.tpool"")","base_rbd = eventlet.tpool.Proxy(self.rbd.Image(client.ioctx,",https://opendev.org/openstack/cinder/src/branch/master/cinder/backup/drivers/ceph.py
cinder,openstack/cinder,cinder/backup/drivers/ceph.py,1467,"Other(""eventlet.tpool"")",with eventlet.tpool.Proxy(rbd_driver.RADOSClient(,https://opendev.org/openstack/cinder/src/branch/master/cinder/backup/drivers/ceph.py
cinder,openstack/cinder,cinder/backup/drivers/ceph.py,1500,"Other(""eventlet.tpool"")",with eventlet.tpool.Proxy(rbd_driver.RADOSClient(self)) as client:,https://opendev.org/openstack/cinder/src/branch/master/cinder/backup/drivers/ceph.py
cinder,openstack/cinder,cinder/backup/drivers/ceph.py,1570,"Other(""eventlet.tpool"")",with eventlet.tpool.Proxy(rbd_driver.RADOSClient(,https://opendev.org/openstack/cinder/src/branch/master/cinder/backup/drivers/ceph.py
cinder,openstack/cinder,cinder/backup/manager.py,39,Import,from eventlet import tpool,https://opendev.org/openstack/cinder/src/branch/master/cinder/backup/manager.py
cinder,openstack/cinder,cinder/cmd/api.py,23,Import,import eventlet  # noqa,https://opendev.org/openstack/cinder/src/branch/master/cinder/cmd/api.py
cinder,openstack/cinder,cinder/cmd/api.py,24,MonkeyPatch,eventlet.monkey_patch(),https://opendev.org/openstack/cinder/src/branch/master/cinder/cmd/api.py
cinder,openstack/cinder,cinder/cmd/backup.py,28,Import,import eventlet,https://opendev.org/openstack/cinder/src/branch/master/cinder/cmd/backup.py
cinder,openstack/cinder,cinder/cmd/backup.py,29,MonkeyPatch,eventlet.monkey_patch(),https://opendev.org/openstack/cinder/src/branch/master/cinder/cmd/backup.py
cinder,openstack/cinder,cinder/cmd/backup.py,89,"Other(""eventlet.semaphore"")","_semaphore: Union[eventlet.semaphore.Semaphore,",https://opendev.org/openstack/cinder/src/branch/master/cinder/cmd/backup.py
cinder,openstack/cinder,cinder/cmd/scheduler.py,23,Import,import eventlet,https://opendev.org/openstack/cinder/src/branch/master/cinder/cmd/scheduler.py
cinder,openstack/cinder,cinder/cmd/scheduler.py,24,MonkeyPatch,eventlet.monkey_patch(),https://opendev.org/openstack/cinder/src/branch/master/cinder/cmd/scheduler.py
cinder,openstack/cinder,cinder/cmd/volume.py,25,Import,import eventlet,https://opendev.org/openstack/cinder/src/branch/master/cinder/cmd/volume.py
cinder,openstack/cinder,cinder/cmd/volume.py,26,Import,import eventlet.tpool,https://opendev.org/openstack/cinder/src/branch/master/cinder/cmd/volume.py
cinder,openstack/cinder,cinder/cmd/volume.py,33,"Other(""eventlet.monkey_patch"")",eventlet.monkey_patch(os=False),https://opendev.org/openstack/cinder/src/branch/master/cinder/cmd/volume.py
cinder,openstack/cinder,cinder/cmd/volume.py,35,MonkeyPatch,eventlet.monkey_patch(),https://opendev.org/openstack/cinder/src/branch/master/cinder/cmd/volume.py
cinder,openstack/cinder,cinder/image/image_utils.py,38,Import,from eventlet import tpool,https://opendev.org/openstack/cinder/src/branch/master/cinder/image/image_utils.py
cinder,openstack/cinder,cinder/manager.py,54,Import,from eventlet import greenpool,https://opendev.org/openstack/cinder/src/branch/master/cinder/manager.py
cinder,openstack/cinder,cinder/manager.py,55,Import,from eventlet import tpool,https://opendev.org/openstack/cinder/src/branch/master/cinder/manager.py
cinder,openstack/cinder,cinder/opts.py,205,Import,from cinder.wsgi import eventlet_server as cinder_wsgi_eventletserver,https://opendev.org/openstack/cinder/src/branch/master/cinder/opts.py
cinder,openstack/cinder,cinder/opts.py,326,"Other(""cinder_wsgi_eventletserver.socket_opts,"")","cinder_wsgi_eventletserver.socket_opts,",https://opendev.org/openstack/cinder/src/branch/master/cinder/opts.py
cinder,openstack/cinder,cinder/rpc.py,164,Executor,"executor='eventlet',",https://opendev.org/openstack/cinder/src/branch/master/cinder/rpc.py
cinder,openstack/cinder,cinder/scheduler/manager.py,26,Import,import eventlet,https://opendev.org/openstack/cinder/src/branch/master/cinder/scheduler/manager.py
cinder,openstack/cinder,cinder/scheduler/manager.py,120,Sleep,eventlet.sleep(1),https://opendev.org/openstack/cinder/src/branch/master/cinder/scheduler/manager.py
cinder,openstack/cinder,cinder/scheduler/manager.py,179,Sleep,eventlet.sleep(1),https://opendev.org/openstack/cinder/src/branch/master/cinder/scheduler/manager.py
cinder,openstack/cinder,cinder/ssh_utils.py,23,Import,from eventlet import pools,https://opendev.org/openstack/cinder/src/branch/master/cinder/ssh_utils.py
cinder,openstack/cinder,cinder/ssh_utils.py,59,"Other(""\""\""\""A simple eventlet pool to hold ssh connections."")","""""""A simple eventlet pool to hold ssh connections.""""""",https://opendev.org/openstack/cinder/src/branch/master/cinder/ssh_utils.py
cinder,openstack/cinder,cinder/utils.py,48,Import,import eventlet,https://opendev.org/openstack/cinder/src/branch/master/cinder/utils.py
cinder,openstack/cinder,cinder/utils.py,49,Import,from eventlet import tpool,https://opendev.org/openstack/cinder/src/branch/master/cinder/utils.py
cinder,openstack/cinder,cinder/utils.py,1007,"Other(""\""\""\""Custom semaphore to workaround eventlet issues "")","""""""Custom semaphore to workaround eventlet issues with multiprocessing.""""""",https://opendev.org/openstack/cinder/src/branch/master/cinder/utils.py
cinder,openstack/cinder,cinder/utils.py,1024,"Other(""eventlet.Semaphore"")","concurrent_processes: int) -> Union[eventlet.Semaphore,",https://opendev.org/openstack/cinder/src/branch/master/cinder/utils.py
cinder,openstack/cinder,cinder/utils.py,1035,"Other(""eventlet.Semaphore"")",return eventlet.Semaphore(limit),https://opendev.org/openstack/cinder/src/branch/master/cinder/utils.py
cinder,openstack/cinder,cinder/volume/drivers/datera/datera_api21.py,23,Import,import eventlet,https://opendev.org/openstack/cinder/src/branch/master/cinder/volume/drivers/datera/datera_api21.py
cinder,openstack/cinder,cinder/volume/drivers/datera/datera_api21.py,908,Sleep,eventlet.sleep(2),https://opendev.org/openstack/cinder/src/branch/master/cinder/volume/drivers/datera/datera_api21.py
cinder,openstack/cinder,cinder/volume/drivers/datera/datera_api21.py,925,Sleep,eventlet.sleep(datc.DEFAULT_SNAP_SLEEP),https://opendev.org/openstack/cinder/src/branch/master/cinder/volume/drivers/datera/datera_api21.py
cinder,openstack/cinder,cinder/volume/drivers/datera/datera_api21.py,935,Sleep,eventlet.sleep(1),https://opendev.org/openstack/cinder/src/branch/master/cinder/volume/drivers/datera/datera_api21.py
cinder,openstack/cinder,cinder/volume/drivers/datera/datera_api21.py,942,Sleep,eventlet.sleep(datc.DEFAULT_SI_SLEEP),https://opendev.org/openstack/cinder/src/branch/master/cinder/volume/drivers/datera/datera_api21.py
cinder,openstack/cinder,cinder/volume/drivers/datera/datera_api21.py,952,Sleep,eventlet.sleep(1),https://opendev.org/openstack/cinder/src/branch/master/cinder/volume/drivers/datera/datera_api21.py
cinder,openstack/cinder,cinder/volume/drivers/datera/datera_api22.py,23,Import,import eventlet,https://opendev.org/openstack/cinder/src/branch/master/cinder/volume/drivers/datera/datera_api22.py
cinder,openstack/cinder,cinder/volume/drivers/datera/datera_api22.py,958,Sleep,eventlet.sleep(2),https://opendev.org/openstack/cinder/src/branch/master/cinder/volume/drivers/datera/datera_api22.py
cinder,openstack/cinder,cinder/volume/drivers/datera/datera_api22.py,975,Sleep,eventlet.sleep(datc.DEFAULT_SNAP_SLEEP),https://opendev.org/openstack/cinder/src/branch/master/cinder/volume/drivers/datera/datera_api22.py
cinder,openstack/cinder,cinder/volume/drivers/datera/datera_api22.py,985,Sleep,eventlet.sleep(1),https://opendev.org/openstack/cinder/src/branch/master/cinder/volume/drivers/datera/datera_api22.py
cinder,openstack/cinder,cinder/volume/drivers/datera/datera_api22.py,992,Sleep,eventlet.sleep(datc.DEFAULT_SI_SLEEP),https://opendev.org/openstack/cinder/src/branch/master/cinder/volume/drivers/datera/datera_api22.py
cinder,openstack/cinder,cinder/volume/drivers/datera/datera_api22.py,1002,Sleep,eventlet.sleep(1),https://opendev.org/openstack/cinder/src/branch/master/cinder/volume/drivers/datera/datera_api22.py
cinder,openstack/cinder,cinder/volume/drivers/datera/datera_iscsi.py,19,Import,from eventlet.green import threading,https://opendev.org/openstack/cinder/src/branch/master/cinder/volume/drivers/datera/datera_iscsi.py
cinder,openstack/cinder,cinder/volume/drivers/dell_emc/sc/storagecenter_api.py,21,Import,import eventlet,https://opendev.org/openstack/cinder/src/branch/master/cinder/volume/drivers/dell_emc/sc/storagecenter_api.py
cinder,openstack/cinder,cinder/volume/drivers/dell_emc/sc/storagecenter_api.py,200,Sleep,eventlet.sleep(1),https://opendev.org/openstack/cinder/src/branch/master/cinder/volume/drivers/dell_emc/sc/storagecenter_api.py
cinder,openstack/cinder,cinder/volume/drivers/dell_emc/sc/storagecenter_api.py,2361,Sleep,eventlet.sleep(sleep),https://opendev.org/openstack/cinder/src/branch/master/cinder/volume/drivers/dell_emc/sc/storagecenter_api.py
cinder,openstack/cinder,cinder/volume/drivers/dell_emc/sc/storagecenter_common.py,15,Import,import eventlet,https://opendev.org/openstack/cinder/src/branch/master/cinder/volume/drivers/dell_emc/sc/storagecenter_common.py
cinder,openstack/cinder,cinder/volume/drivers/dell_emc/sc/storagecenter_common.py,1560,Sleep,eventlet.sleep(self.failback_timeout),https://opendev.org/openstack/cinder/src/branch/master/cinder/volume/drivers/dell_emc/sc/storagecenter_common.py
cinder,openstack/cinder,cinder/volume/drivers/hitachi/hbsd_replication.py,20,Import,from eventlet import greenthread,https://opendev.org/openstack/cinder/src/branch/master/cinder/volume/drivers/hitachi/hbsd_replication.py
cinder,openstack/cinder,cinder/volume/drivers/hitachi/hbsd_rest_api.py,23,Import,from eventlet import greenthread,https://opendev.org/openstack/cinder/src/branch/master/cinder/volume/drivers/hitachi/hbsd_rest_api.py
cinder,openstack/cinder,cinder/volume/drivers/hpe/nimble.py,30,Import,import eventlet,https://opendev.org/openstack/cinder/src/branch/master/cinder/volume/drivers/hpe/nimble.py
cinder,openstack/cinder,cinder/volume/drivers/hpe/nimble.py,247,Sleep,eventlet.sleep(DEFAULT_SLEEP),https://opendev.org/openstack/cinder/src/branch/master/cinder/volume/drivers/hpe/nimble.py
cinder,openstack/cinder,cinder/volume/drivers/hpe/nimble.py,1263,Sleep,eventlet.sleep(DEFAULT_SLEEP),https://opendev.org/openstack/cinder/src/branch/master/cinder/volume/drivers/hpe/nimble.py
cinder,openstack/cinder,cinder/volume/drivers/hpe/nimble.py,1469,Sleep,eventlet.sleep(DEFAULT_SLEEP),https://opendev.org/openstack/cinder/src/branch/master/cinder/volume/drivers/hpe/nimble.py
cinder,openstack/cinder,cinder/volume/drivers/hpe/nimble.py,2118,Sleep,eventlet.sleep(DEFAULT_SLEEP),https://opendev.org/openstack/cinder/src/branch/master/cinder/volume/drivers/hpe/nimble.py
cinder,openstack/cinder,cinder/volume/drivers/ibm/ibm_storage/ds8k_helper.py,22,Import,import eventlet,https://opendev.org/openstack/cinder/src/branch/master/cinder/volume/drivers/ibm/ibm_storage/ds8k_helper.py
cinder,openstack/cinder,cinder/volume/drivers/ibm/ibm_storage/ds8k_helper.py,525,Sleep,eventlet.sleep(5),https://opendev.org/openstack/cinder/src/branch/master/cinder/volume/drivers/ibm/ibm_storage/ds8k_helper.py
cinder,openstack/cinder,cinder/volume/drivers/ibm/ibm_storage/ds8k_helper.py,568,Sleep,eventlet.sleep(2),https://opendev.org/openstack/cinder/src/branch/master/cinder/volume/drivers/ibm/ibm_storage/ds8k_helper.py
cinder,openstack/cinder,cinder/volume/drivers/ibm/ibm_storage/ds8k_proxy.py,65,Import,import eventlet,https://opendev.org/openstack/cinder/src/branch/master/cinder/volume/drivers/ibm/ibm_storage/ds8k_proxy.py
cinder,openstack/cinder,cinder/volume/drivers/ibm/ibm_storage/ds8k_proxy.py,443,Spawn,"eventlet.spawn(self._wait_flashcopy, src_luns, tgt_luns)",https://opendev.org/openstack/cinder/src/branch/master/cinder/volume/drivers/ibm/ibm_storage/ds8k_proxy.py
cinder,openstack/cinder,cinder/volume/drivers/ibm/ibm_storage/ds8k_proxy.py,768,Spawn,"eventlet.spawn(self._wait_flashcopy, [src_lun], [tgt_lun])",https://opendev.org/openstack/cinder/src/branch/master/cinder/volume/drivers/ibm/ibm_storage/ds8k_proxy.py
cinder,openstack/cinder,cinder/volume/drivers/ibm/ibm_storage/ds8k_replication.py,16,Import,import eventlet,https://opendev.org/openstack/cinder/src/branch/master/cinder/volume/drivers/ibm/ibm_storage/ds8k_replication.py
cinder,openstack/cinder,cinder/volume/drivers/ibm/ibm_storage/ds8k_replication.py,262,Sleep,eventlet.sleep(2),https://opendev.org/openstack/cinder/src/branch/master/cinder/volume/drivers/ibm/ibm_storage/ds8k_replication.py
cinder,openstack/cinder,cinder/volume/drivers/ibm/ibm_storage/ds8k_restclient.py,21,Import,import eventlet,https://opendev.org/openstack/cinder/src/branch/master/cinder/volume/drivers/ibm/ibm_storage/ds8k_restclient.py
cinder,openstack/cinder,cinder/volume/drivers/ibm/ibm_storage/ds8k_restclient.py,218,Sleep,eventlet.sleep(2),https://opendev.org/openstack/cinder/src/branch/master/cinder/volume/drivers/ibm/ibm_storage/ds8k_restclient.py
cinder,openstack/cinder,cinder/volume/drivers/ibm/ibm_storage/ds8k_restclient.py,307,Sleep,eventlet.sleep(2),https://opendev.org/openstack/cinder/src/branch/master/cinder/volume/drivers/ibm/ibm_storage/ds8k_restclient.py
cinder,openstack/cinder,cinder/volume/drivers/ibm/storwize_svc/replication.py,19,Import,from eventlet import greenthread,https://opendev.org/openstack/cinder/src/branch/master/cinder/volume/drivers/ibm/storwize_svc/replication.py
cinder,openstack/cinder,cinder/volume/drivers/ibm/storwize_svc/storwize_svc_common.py,23,Import,from eventlet import greenthread,https://opendev.org/openstack/cinder/src/branch/master/cinder/volume/drivers/ibm/storwize_svc/storwize_svc_common.py
cinder,openstack/cinder,cinder/volume/drivers/inspur/as13000/as13000_driver.py,26,Import,import eventlet,https://opendev.org/openstack/cinder/src/branch/master/cinder/volume/drivers/inspur/as13000/as13000_driver.py
cinder,openstack/cinder,cinder/volume/drivers/inspur/as13000/as13000_driver.py,789,Sleep,eventlet.sleep(1),https://opendev.org/openstack/cinder/src/branch/master/cinder/volume/drivers/inspur/as13000/as13000_driver.py
cinder,openstack/cinder,cinder/volume/drivers/inspur/instorage/instorage_common.py,23,Import,from eventlet import greenthread,https://opendev.org/openstack/cinder/src/branch/master/cinder/volume/drivers/inspur/instorage/instorage_common.py
cinder,openstack/cinder,cinder/volume/drivers/inspur/instorage/replication.py,19,Import,from eventlet import greenthread,https://opendev.org/openstack/cinder/src/branch/master/cinder/volume/drivers/inspur/instorage/replication.py
cinder,openstack/cinder,cinder/volume/drivers/kaminario/kaminario_common.py,22,Import,import eventlet,https://opendev.org/openstack/cinder/src/branch/master/cinder/volume/drivers/kaminario/kaminario_common.py
cinder,openstack/cinder,cinder/volume/drivers/kaminario/kaminario_common.py,538,Sleep,eventlet.sleep(1),https://opendev.org/openstack/cinder/src/branch/master/cinder/volume/drivers/kaminario/kaminario_common.py
cinder,openstack/cinder,cinder/volume/drivers/kaminario/kaminario_common.py,736,Sleep,eventlet.sleep(1),https://opendev.org/openstack/cinder/src/branch/master/cinder/volume/drivers/kaminario/kaminario_common.py
cinder,openstack/cinder,cinder/volume/drivers/netapp/dataontap/client/api.py,25,Import,from eventlet import greenthread,https://opendev.org/openstack/cinder/src/branch/master/cinder/volume/drivers/netapp/dataontap/client/api.py
cinder,openstack/cinder,cinder/volume/drivers/netapp/dataontap/client/api.py,26,Import,from eventlet import semaphore,https://opendev.org/openstack/cinder/src/branch/master/cinder/volume/drivers/netapp/dataontap/client/api.py
cinder,openstack/cinder,cinder/volume/drivers/nexenta/nfs.py,19,Import,from eventlet import greenthread,https://opendev.org/openstack/cinder/src/branch/master/cinder/volume/drivers/nexenta/nfs.py
cinder,openstack/cinder,cinder/volume/drivers/nexenta/ns5/jsonrpc.py,20,Import,from eventlet import greenthread,https://opendev.org/openstack/cinder/src/branch/master/cinder/volume/drivers/nexenta/ns5/jsonrpc.py
cinder,openstack/cinder,cinder/volume/drivers/qnap.py,27,Import,import eventlet,https://opendev.org/openstack/cinder/src/branch/master/cinder/volume/drivers/qnap.py
cinder,openstack/cinder,cinder/volume/drivers/qnap.py,362,Sleep,eventlet.sleep(self.TIME_INTERVAL),https://opendev.org/openstack/cinder/src/branch/master/cinder/volume/drivers/qnap.py
cinder,openstack/cinder,cinder/volume/drivers/qnap.py,541,Sleep,eventlet.sleep(self.TIME_INTERVAL),https://opendev.org/openstack/cinder/src/branch/master/cinder/volume/drivers/qnap.py
cinder,openstack/cinder,cinder/volume/drivers/qnap.py,593,Sleep,eventlet.sleep(self.TIME_INTERVAL),https://opendev.org/openstack/cinder/src/branch/master/cinder/volume/drivers/qnap.py
cinder,openstack/cinder,cinder/volume/drivers/qnap.py,654,Sleep,eventlet.sleep(self.TIME_INTERVAL),https://opendev.org/openstack/cinder/src/branch/master/cinder/volume/drivers/qnap.py
cinder,openstack/cinder,cinder/volume/drivers/qnap.py,754,Sleep,eventlet.sleep(retrySleepTime),https://opendev.org/openstack/cinder/src/branch/master/cinder/volume/drivers/qnap.py
cinder,openstack/cinder,cinder/volume/drivers/qnap.py,888,Sleep,eventlet.sleep(self.TIME_INTERVAL),https://opendev.org/openstack/cinder/src/branch/master/cinder/volume/drivers/qnap.py
cinder,openstack/cinder,cinder/volume/drivers/qnap.py,902,Sleep,eventlet.sleep(self.TIME_INTERVAL),https://opendev.org/openstack/cinder/src/branch/master/cinder/volume/drivers/qnap.py
cinder,openstack/cinder,cinder/volume/drivers/qnap.py,914,Sleep,eventlet.sleep(self.TIME_INTERVAL),https://opendev.org/openstack/cinder/src/branch/master/cinder/volume/drivers/qnap.py
cinder,openstack/cinder,cinder/volume/drivers/qnap.py,2219,Sleep,eventlet.sleep(sleepSeconds),https://opendev.org/openstack/cinder/src/branch/master/cinder/volume/drivers/qnap.py
cinder,openstack/cinder,cinder/volume/drivers/rbd.py,28,Import,from eventlet import tpool,https://opendev.org/openstack/cinder/src/branch/master/cinder/volume/drivers/rbd.py
cinder,openstack/cinder,cinder/volume/drivers/san/san.py,24,Import,from eventlet import greenthread,https://opendev.org/openstack/cinder/src/branch/master/cinder/volume/drivers/san/san.py
cinder,openstack/cinder,cinder/volume/drivers/synology/synology_common.py,31,Import,import eventlet,https://opendev.org/openstack/cinder/src/branch/master/cinder/volume/drivers/synology/synology_common.py
cinder,openstack/cinder,cinder/volume/drivers/synology/synology_common.py,783,Sleep,eventlet.sleep(2),https://opendev.org/openstack/cinder/src/branch/master/cinder/volume/drivers/synology/synology_common.py
cinder,openstack/cinder,cinder/volume/drivers/synology/synology_common.py,801,Sleep,eventlet.sleep(2),https://opendev.org/openstack/cinder/src/branch/master/cinder/volume/drivers/synology/synology_common.py
cinder,openstack/cinder,cinder/volume/drivers/toyou/acs5000/acs5000_common.py,25,Import,from eventlet import greenthread,https://opendev.org/openstack/cinder/src/branch/master/cinder/volume/drivers/toyou/acs5000/acs5000_common.py
cinder,openstack/cinder,cinder/volume/volume_utils.py,41,Import,import eventlet,https://opendev.org/openstack/cinder/src/branch/master/cinder/volume/volume_utils.py
cinder,openstack/cinder,cinder/volume/volume_utils.py,42,Import,from eventlet import tpool,https://opendev.org/openstack/cinder/src/branch/master/cinder/volume/volume_utils.py
cinder,openstack/cinder,cinder/volume/volume_utils.py,558,Sleep,eventlet.sleep(0),https://opendev.org/openstack/cinder/src/branch/master/cinder/volume/volume_utils.py
cinder,openstack/cinder,cinder/wsgi/eventlet_server.py,13,"Other(""\""\""\""Methods for working with eventlet WSGI servers."")","""""""Methods for working with eventlet WSGI servers.""""""",https://opendev.org/openstack/cinder/src/branch/master/cinder/wsgi/eventlet_server.py
cinder,openstack/cinder,cinder/zonemanager/drivers/brocade/brcd_fc_zone_client_cli.py,25,Import,from eventlet import greenthread,https://opendev.org/openstack/cinder/src/branch/master/cinder/zonemanager/drivers/brocade/brcd_fc_zone_client_cli.py
cinder,openstack/cinder,cinder/zonemanager/drivers/cisco/cisco_fc_san_lookup_service.py,20,Import,from eventlet import greenthread,https://opendev.org/openstack/cinder/src/branch/master/cinder/zonemanager/drivers/cisco/cisco_fc_san_lookup_service.py
cinder,openstack/cinder,cinder/zonemanager/drivers/cisco/cisco_fc_zone_client_cli.py,24,Import,from eventlet import greenthread,https://opendev.org/openstack/cinder/src/branch/master/cinder/zonemanager/drivers/cisco/cisco_fc_zone_client_cli.py
cinder,openstack/cinder,doc/source/admin/ts-HTTP-bad-req-in-cinder-vol-log.rst,23,"Other(""eventlet.debug"")",call eventlet.debug.hub_multiple_reader_prevention(False),https://opendev.org/openstack/cinder/src/branch/master/doc/source/admin/ts-HTTP-bad-req-in-cinder-vol-log.rst
cinder,openstack/cinder,doc/source/configuration/block-storage/config-options.rst,15,"Other(""cinder.wsgi.eventlet_server"")",cinder.wsgi.eventlet_server,https://opendev.org/openstack/cinder/src/branch/master/doc/source/configuration/block-storage/config-options.rst
cinder,openstack/cinder,doc/source/contributor/high_availability.rst,42,"Other(""It's good to keep in mind that Cinder threading mo"")",It's good to keep in mind that Cinder threading model is based on eventlet's,https://opendev.org/openstack/cinder/src/branch/master/doc/source/contributor/high_availability.rst
cinder,openstack/cinder,doc/source/contributor/threading.rst,5,"Other(""eventlet.net"")",through using the Python `eventlet <http://eventlet.net/>`_ and,https://opendev.org/openstack/cinder/src/branch/master/doc/source/contributor/threading.rst
cinder,openstack/cinder,doc/source/contributor/threading.rst,9,"Other(""switches can only occur when specific eventlet or "")",switches can only occur when specific eventlet or greenlet library calls are,https://opendev.org/openstack/cinder/src/branch/master/doc/source/contributor/threading.rst
cinder,openstack/cinder,doc/source/contributor/threading.rst,23,"Other(""that trigger an eventlet context switch, the long-"")","that trigger an eventlet context switch, the long-running thread will block",https://opendev.org/openstack/cinder/src/branch/master/doc/source/contributor/threading.rst
cinder,openstack/cinder,doc/source/contributor/threading.rst,26,"Other(""This scenario can be avoided by adding calls to th"")",This scenario can be avoided by adding calls to the eventlet sleep method,https://opendev.org/openstack/cinder/src/branch/master/doc/source/contributor/threading.rst
cinder,openstack/cinder,doc/source/contributor/threading.rst,31,Import,from eventlet import greenthread,https://opendev.org/openstack/cinder/src/branch/master/doc/source/contributor/threading.rst
cinder,openstack/cinder,doc/source/contributor/threading.rst,36,MonkeyPatch,"time module is patched through eventlet.monkey_patch(). To be explicit, we",https://opendev.org/openstack/cinder/src/branch/master/doc/source/contributor/threading.rst
cinder,openstack/cinder,doc/source/contributor/threading.rst,39,"Other(""MySQL access and eventlet"")",MySQL access and eventlet,https://opendev.org/openstack/cinder/src/branch/master/doc/source/contributor/threading.rst
cinder,openstack/cinder,doc/source/contributor/threading.rst,43,"Other(""with eventlet. MySQL-python uses an external C lib"")",with eventlet. MySQL-python uses an external C library for accessing the MySQL,https://opendev.org/openstack/cinder/src/branch/master/doc/source/contributor/threading.rst
cinder,openstack/cinder,doc/source/contributor/threading.rst,44,"Other(""database. Since eventlet cannot use monkey-patchin"")",database. Since eventlet cannot use monkey-patching to intercept blocking calls,https://opendev.org/openstack/cinder/src/branch/master/doc/source/contributor/threading.rst
cinder,openstack/cinder,etc/cinder/logging_sample.conf,54,"Other(""[logger_eventletwsgi]"")",[logger_eventletwsgi],https://opendev.org/openstack/cinder/src/branch/master/etc/cinder/logging_sample.conf
cinder,openstack/cinder,etc/cinder/logging_sample.conf,57,Wsgi,qualname = eventlet.wsgi.server,https://opendev.org/openstack/cinder/src/branch/master/etc/cinder/logging_sample.conf
cinder,openstack/cinder,requirements.txt,7,"Other(""eventlet>=0.30.1,!=0.32.0 # MIT"")","eventlet>=0.30.1,!=0.32.0 # MIT",https://opendev.org/openstack/cinder/src/branch/master/requirements.txt
cinder-specs,openstack/cinder-specs,specs/liberty/non-eventlet-wsgi-app.rst,11,"Other(""https://blueprints.launchpad.net/cinder/+spec/non-"")",https://blueprints.launchpad.net/cinder/+spec/non-eventlet-wsgi-app.,https://opendev.org/openstack/cinder-specs/src/branch/master/specs/liberty/non-eventlet-wsgi-app.rst
cinder-specs,openstack/cinder-specs,specs/liberty/non-eventlet-wsgi-app.rst,26,"Other(""* Apache/Nginx works better under the real heavy l"")",* Apache/Nginx works better under the real heavy load then eventlet.,https://opendev.org/openstack/cinder-specs/src/branch/master/specs/liberty/non-eventlet-wsgi-app.rst
cinder-specs,openstack/cinder-specs,specs/liberty/non-eventlet-wsgi-app.rst,43,"Other(""Provide WSGI application based on used web-framewo"")",Provide WSGI application based on used web-framework instead of eventlet. Leave,https://opendev.org/openstack/cinder-specs/src/branch/master/specs/liberty/non-eventlet-wsgi-app.rst
cinder-specs,openstack/cinder-specs,specs/liberty/non-eventlet-wsgi-app.rst,44,"Other(""eventlet-based WSGI application as a default optio"")",eventlet-based WSGI application as a default option and make it configurable.,https://opendev.org/openstack/cinder-specs/src/branch/master/specs/liberty/non-eventlet-wsgi-app.rst
cinder-specs,openstack/cinder-specs,specs/liberty/non-eventlet-wsgi-app.rst,49,"Other(""Leave as is and use eventlet for REST API web serv"")",Leave as is and use eventlet for REST API web serving. Use something like,https://opendev.org/openstack/cinder-specs/src/branch/master/specs/liberty/non-eventlet-wsgi-app.rst
cinder-specs,openstack/cinder-specs,specs/liberty/non-eventlet-wsgi-app.rst,88,"Other(""to Cinder API. By default, Cinder API will use eve"")","to Cinder API. By default, Cinder API will use eventlet and no deployer impact",https://opendev.org/openstack/cinder-specs/src/branch/master/specs/liberty/non-eventlet-wsgi-app.rst
cinder-specs,openstack/cinder-specs,specs/liberty/non-eventlet-wsgi-app.rst,124,"Other(""* Make sure usage of eventlet doesn't break WSGI i"")",* Make sure usage of eventlet doesn't break WSGI in Nginx/Apache.,https://opendev.org/openstack/cinder-specs/src/branch/master/specs/liberty/non-eventlet-wsgi-app.rst
cinder-specs,openstack/cinder-specs,specs/mitaka/ha-aa-tooz-locks.rst,73,"Other(""regular thread (non-eventlet) to be safe from situ"")",regular thread (non-eventlet) to be safe from situations when eventlet,https://opendev.org/openstack/cinder-specs/src/branch/master/specs/mitaka/ha-aa-tooz-locks.rst
cinder-specs,openstack/cinder-specs,specs/ocata/ha-aa-job-distribution.rst,171,"Other(""since we are using an eventlet executor for the RP"")",since we are using an eventlet executor for the RPC server we don't have to,https://opendev.org/openstack/cinder-specs/src/branch/master/specs/ocata/ha-aa-job-distribution.rst
cinder-specs,openstack/cinder-specs,specs/pike/dynamic-log-levels.rst,169,"Other(""\""eventlet\"": \""ERROR\"""")","""eventlet"": ""ERROR""",https://opendev.org/openstack/cinder-specs/src/branch/master/specs/pike/dynamic-log-levels.rst
cloudkitty,openstack/cloudkitty,releasenotes/notes/fetch-metrics-concurrently-dffffe346bd4900e.yaml,4,"Other(""Metrics are now fetched concurrently with ``eventl"")",Metrics are now fetched concurrently with ``eventlet`` instead of one,https://opendev.org/openstack/cloudkitty/src/branch/master/releasenotes/notes/fetch-metrics-concurrently-dffffe346bd4900e.yaml
cloudkitty,openstack/cloudkitty,releasenotes/notes/replace-eventlet-with-futurist-60f1fe6474a5efcf.yaml,4,"Other(""Since ``eventlet`` has been replaced with ``futuri"")","Since ``eventlet`` has been replaced with ``futurist``, the",https://opendev.org/openstack/cloudkitty/src/branch/master/releasenotes/notes/replace-eventlet-with-futurist-60f1fe6474a5efcf.yaml
cloudkitty,openstack/cloudkitty,releasenotes/notes/replace-eventlet-with-futurist-60f1fe6474a5efcf.yaml,10,"Other(""The ``eventlet`` library has been replaced with ``"")",The ``eventlet`` library has been replaced with ``futurist``.,https://opendev.org/openstack/cloudkitty/src/branch/master/releasenotes/notes/replace-eventlet-with-futurist-60f1fe6474a5efcf.yaml
cloudkitty-specs,openstack/cloudkitty-specs,specs/train/concurrency.rst,34,"Other(""by making use of eventlet greenthreads. CloudKitty"")","by making use of eventlet greenthreads. CloudKitty already depends on eventlet,",https://opendev.org/openstack/cloudkitty-specs/src/branch/master/specs/train/concurrency.rst
cloudkitty-specs,openstack/cloudkitty-specs,specs/train/concurrency.rst,37,"Other(""dependency on eventlet (which could be replaced by"")",dependency on eventlet (which could be replaced by concurrent.futures or,https://opendev.org/openstack/cloudkitty-specs/src/branch/master/specs/train/concurrency.rst
cloudkitty-specs,openstack/cloudkitty-specs,specs/train/concurrency.rst,119,"Other(""* Retrieve metrics in eventlet greenthreads."")",* Retrieve metrics in eventlet greenthreads.,https://opendev.org/openstack/cloudkitty-specs/src/branch/master/specs/train/concurrency.rst
cloudkitty-specs,openstack/cloudkitty-specs,specs/train/concurrency.rst,149,"Other(""eventlet.net"")",* Eventlet documentation: https://eventlet.net/,https://opendev.org/openstack/cloudkitty-specs/src/branch/master/specs/train/concurrency.rst
cyborg,openstack/cyborg,cyborg/cmd/__init__.py,16,Import,import eventlet,https://opendev.org/openstack/cyborg/src/branch/master/cyborg/cmd/__init__.py
cyborg,openstack/cyborg,cyborg/cmd/__init__.py,19,MonkeyPatch,eventlet.monkey_patch(),https://opendev.org/openstack/cyborg/src/branch/master/cyborg/cmd/__init__.py
cyborg,openstack/cyborg,cyborg/common/rpc.py,111,Executor,"executor='eventlet',",https://opendev.org/openstack/cyborg/src/branch/master/cyborg/common/rpc.py
cyborg,openstack/cyborg,requirements.txt,8,"Other(""eventlet>=0.26.0 # MIT"")",eventlet>=0.26.0 # MIT,https://opendev.org/openstack/cyborg/src/branch/master/requirements.txt
designate,openstack/designate,designate/backend/impl_nsd4.py,24,Import,import eventlet,https://opendev.org/openstack/designate/src/branch/master/designate/backend/impl_nsd4.py
designate,openstack/designate,designate/backend/impl_nsd4.py,53,"Other(""eventlet.wrap_ssl"")",sock = eventlet.wrap_ssl(,https://opendev.org/openstack/designate/src/branch/master/designate/backend/impl_nsd4.py
designate,openstack/designate,designate/backend/impl_nsd4.py,54,"Other(""eventlet.connect"")","eventlet.connect((self.host, self.port)),",https://opendev.org/openstack/designate/src/branch/master/designate/backend/impl_nsd4.py
designate,openstack/designate,designate/cmd/__init__.py,16,Import,import eventlet,https://opendev.org/openstack/designate/src/branch/master/designate/cmd/__init__.py
designate,openstack/designate,designate/cmd/__init__.py,17,Import,from eventlet.green import ssl,https://opendev.org/openstack/designate/src/branch/master/designate/cmd/__init__.py
designate,openstack/designate,designate/cmd/__init__.py,20,"Other(""eventlet.monkey_patch"")",eventlet.monkey_patch(os=False),https://opendev.org/openstack/designate/src/branch/master/designate/cmd/__init__.py
designate,openstack/designate,designate/cmd/manage.py,22,Import,import eventlet,https://opendev.org/openstack/designate/src/branch/master/designate/cmd/manage.py
designate,openstack/designate,designate/cmd/manage.py,32,"Other(""eventlet.monkey_patch"")",eventlet.monkey_patch(os=False),https://opendev.org/openstack/designate/src/branch/master/designate/cmd/manage.py
designate,openstack/designate,designate/dnsutils.py,25,Import,import eventlet,https://opendev.org/openstack/designate/src/branch/master/designate/dnsutils.py
designate,openstack/designate,designate/dnsutils.py,137,"Other(""eventlet.Timeout"")",to = eventlet.Timeout(xfr_timeout()),https://opendev.org/openstack/designate/src/branch/master/designate/dnsutils.py
designate,openstack/designate,designate/dnsutils.py,151,"Other(""eventlet.Timeout"")",except eventlet.Timeout as t:,https://opendev.org/openstack/designate/src/branch/master/designate/dnsutils.py
designate,openstack/designate,designate/network_api/base.py,16,Import,import eventlet.patcher,https://opendev.org/openstack/designate/src/branch/master/designate/network_api/base.py
designate,openstack/designate,designate/network_api/base.py,28,"Other(""eventlet.patcher"")",reversename = eventlet.patcher.original('dns.reversename'),https://opendev.org/openstack/designate/src/branch/master/designate/network_api/base.py
designate,openstack/designate,designate/rpc.py,202,Executor,"executor='eventlet',",https://opendev.org/openstack/designate/src/branch/master/designate/rpc.py
designate,openstack/designate,designate/rpc.py,217,Executor,"executor='eventlet',",https://opendev.org/openstack/designate/src/branch/master/designate/rpc.py
designate,openstack/designate,designate/service.py,25,Import,import eventlet.debug,https://opendev.org/openstack/designate/src/branch/master/designate/service.py
designate,openstack/designate,designate/service.py,154,"Other(""eventlet.debug"")",eventlet.debug.hub_prevent_multiple_readers(False),https://opendev.org/openstack/designate/src/branch/master/designate/service.py
designate,openstack/designate,designate/service.py,262,"Other(""Raises no exception: it's to be run in an eventlet"")",Raises no exception: it's to be run in an eventlet green thread,https://opendev.org/openstack/designate/src/branch/master/designate/service.py
designate,openstack/designate,doc/source/contributor/gmr.rst,75,"Other(""/usr/local/lib/python2.7/dist-packages/eventlet/hu"")",/usr/local/lib/python2.7/dist-packages/eventlet/hubs/hub.py:346 in run,https://opendev.org/openstack/designate/src/branch/master/doc/source/contributor/gmr.rst
designate,openstack/designate,doc/source/contributor/gmr.rst,78,"Other(""/usr/local/lib/python2.7/dist-packages/eventlet/hu"")",/usr/local/lib/python2.7/dist-packages/eventlet/hubs/poll.py:85 in wait,https://opendev.org/openstack/designate/src/branch/master/doc/source/contributor/gmr.rst
designate,openstack/designate,doc/source/contributor/gmr.rst,81,"Other(""/usr/local/lib/python2.7/dist-packages/eventlet/hu"")",/usr/local/lib/python2.7/dist-packages/eventlet/hubs/epolls.py:62 in do_poll,https://opendev.org/openstack/designate/src/branch/master/doc/source/contributor/gmr.rst
designate,openstack/designate,doc/source/contributor/gmr.rst,89,"Other(""/usr/local/lib/python2.7/dist-packages/eventlet/gr"")",/usr/local/lib/python2.7/dist-packages/eventlet/greenthread.py:214 in main,https://opendev.org/openstack/designate/src/branch/master/doc/source/contributor/gmr.rst
designate,openstack/designate,doc/source/contributor/gmr.rst,95,"Other(""/usr/local/lib/python2.7/dist-packages/eventlet/ev"")",/usr/local/lib/python2.7/dist-packages/eventlet/event.py:121 in wait,https://opendev.org/openstack/designate/src/branch/master/doc/source/contributor/gmr.rst
designate,openstack/designate,doc/source/contributor/gmr.rst,98,"Other(""/usr/local/lib/python2.7/dist-packages/eventlet/hu"")",/usr/local/lib/python2.7/dist-packages/eventlet/hubs/hub.py:294 in switch,https://opendev.org/openstack/designate/src/branch/master/doc/source/contributor/gmr.rst
designate,openstack/designate,doc/source/contributor/gmr.rst,103,"Other(""/usr/local/lib/python2.7/dist-packages/eventlet/gr"")",/usr/local/lib/python2.7/dist-packages/eventlet/greenthread.py:214 in main,https://opendev.org/openstack/designate/src/branch/master/doc/source/contributor/gmr.rst
designate,openstack/designate,doc/source/contributor/gmr.rst,109,"Other(""eventlet.py"")",/usr/local/lib/python2.7/dist-packages/oslo_messaging/_executors/impl_eventlet.py:96 in _executor_thread,https://opendev.org/openstack/designate/src/branch/master/doc/source/contributor/gmr.rst
designate,openstack/designate,doc/source/contributor/gmr.rst,163,"Other(""/usr/local/lib/python2.7/dist-packages/eventlet/gr"")",/usr/local/lib/python2.7/dist-packages/eventlet/greenio/base.py:326 in recv,https://opendev.org/openstack/designate/src/branch/master/doc/source/contributor/gmr.rst
designate,openstack/designate,doc/source/contributor/gmr.rst,166,"Other(""/usr/local/lib/python2.7/dist-packages/eventlet/gr"")",/usr/local/lib/python2.7/dist-packages/eventlet/greenio/base.py:201 in _trampoline,https://opendev.org/openstack/designate/src/branch/master/doc/source/contributor/gmr.rst
designate,openstack/designate,doc/source/contributor/gmr.rst,169,"Other(""/usr/local/lib/python2.7/dist-packages/eventlet/hu"")",/usr/local/lib/python2.7/dist-packages/eventlet/hubs/__init__.py:162 in trampoline,https://opendev.org/openstack/designate/src/branch/master/doc/source/contributor/gmr.rst
designate,openstack/designate,doc/source/contributor/gmr.rst,172,"Other(""/usr/local/lib/python2.7/dist-packages/eventlet/hu"")",/usr/local/lib/python2.7/dist-packages/eventlet/hubs/hub.py:294 in switch,https://opendev.org/openstack/designate/src/branch/master/doc/source/contributor/gmr.rst
designate,openstack/designate,doc/source/contributor/gmr.rst,204,"Other(""/usr/local/lib/python2.7/dist-packages/eventlet/gr"")",/usr/local/lib/python2.7/dist-packages/eventlet/greenthread.py:175 in wait,https://opendev.org/openstack/designate/src/branch/master/doc/source/contributor/gmr.rst
designate,openstack/designate,doc/source/contributor/gmr.rst,207,"Other(""/usr/local/lib/python2.7/dist-packages/eventlet/ev"")",/usr/local/lib/python2.7/dist-packages/eventlet/event.py:121 in wait,https://opendev.org/openstack/designate/src/branch/master/doc/source/contributor/gmr.rst
designate,openstack/designate,doc/source/contributor/gmr.rst,210,"Other(""/usr/local/lib/python2.7/dist-packages/eventlet/hu"")",/usr/local/lib/python2.7/dist-packages/eventlet/hubs/hub.py:294 in switch,https://opendev.org/openstack/designate/src/branch/master/doc/source/contributor/gmr.rst
designate,openstack/designate,doc/source/contributor/gmr.rst,312,Wsgi,eventlet.wsgi.server=WARN,https://opendev.org/openstack/designate/src/branch/master/doc/source/contributor/gmr.rst
designate,openstack/designate,releasenotes/notes/mini-dns-tcp-c1a15742f5c71739.yaml,4,"Other(""This manifests itself with eventlet not being able"")",This manifests itself with eventlet not being able to send all the data,https://opendev.org/openstack/designate/src/branch/master/releasenotes/notes/mini-dns-tcp-c1a15742f5c71739.yaml
designate,openstack/designate,releasenotes/notes/mini-dns-tcp-c1a15742f5c71739.yaml,7,"Other(""- Previous versions of eventlet changed the behavi"")",- Previous versions of eventlet changed the behaviour of socket.send() to,https://opendev.org/openstack/designate/src/branch/master/releasenotes/notes/mini-dns-tcp-c1a15742f5c71739.yaml
designate,openstack/designate,releasenotes/notes/mini-dns-tcp-c1a15742f5c71739.yaml,8,"Other(""match socket.sendall(). in eventlet 0.18.0 this ch"")",match socket.sendall(). in eventlet 0.18.0 this changed and it reverted,https://opendev.org/openstack/designate/src/branch/master/releasenotes/notes/mini-dns-tcp-c1a15742f5c71739.yaml
designate,openstack/designate,releasenotes/source/locale/en_GB/LC_MESSAGES/releasenotes.po,852,"Other(""\""Previous versions of eventlet changed the behavio"")","""Previous versions of eventlet changed the behaviour of socket.send() to """,https://opendev.org/openstack/designate/src/branch/master/releasenotes/source/locale/en_GB/LC_MESSAGES/releasenotes.po
designate,openstack/designate,releasenotes/source/locale/en_GB/LC_MESSAGES/releasenotes.po,853,"Other(""\""match socket.sendall(). in eventlet 0.18.0 this c"")","""match socket.sendall(). in eventlet 0.18.0 this changed and it reverted to """,https://opendev.org/openstack/designate/src/branch/master/releasenotes/source/locale/en_GB/LC_MESSAGES/releasenotes.po
designate,openstack/designate,releasenotes/source/locale/en_GB/LC_MESSAGES/releasenotes.po,857,"Other(""\""Previous versions of eventlet changed the behavio"")","""Previous versions of eventlet changed the behaviour of socket.send() to """,https://opendev.org/openstack/designate/src/branch/master/releasenotes/source/locale/en_GB/LC_MESSAGES/releasenotes.po
designate,openstack/designate,releasenotes/source/locale/en_GB/LC_MESSAGES/releasenotes.po,858,"Other(""\""match socket.sendall(). in eventlet 0.18.0 this c"")","""match socket.sendall(). in eventlet 0.18.0 this changed and it reverted to """,https://opendev.org/openstack/designate/src/branch/master/releasenotes/source/locale/en_GB/LC_MESSAGES/releasenotes.po
designate,openstack/designate,releasenotes/source/locale/en_GB/LC_MESSAGES/releasenotes.po,1230,"Other(""\""messages. This manifests itself with eventlet not"")","""messages. This manifests itself with eventlet not being able to send all the """,https://opendev.org/openstack/designate/src/branch/master/releasenotes/source/locale/en_GB/LC_MESSAGES/releasenotes.po
designate,openstack/designate,releasenotes/source/locale/en_GB/LC_MESSAGES/releasenotes.po,1234,"Other(""\""messages. This manifests itself with eventlet not"")","""messages. This manifests itself with eventlet not being able to send all the """,https://opendev.org/openstack/designate/src/branch/master/releasenotes/source/locale/en_GB/LC_MESSAGES/releasenotes.po
designate,openstack/designate,requirements.txt,5,"Other(""eventlet>=0.26.1 # MIT"")",eventlet>=0.26.1 # MIT,https://opendev.org/openstack/designate/src/branch/master/requirements.txt
designate-specs,openstack/designate-specs,specs/kilo/guru-meditation-reports.rst,20,"Other(""easier especially when dealing with bugs root in d"")",easier especially when dealing with bugs root in deadlocks between eventlet,https://opendev.org/openstack/designate-specs/src/branch/master/specs/kilo/guru-meditation-reports.rst
devstack,openstack/devstack,doc/source/configuration.rst,361,"Other(""use an alternative deployment strategy (e.g. event"")",use an alternative deployment strategy (e.g. eventlet) for services,https://opendev.org/openstack/devstack/src/branch/master/doc/source/configuration.rst
election,openstack/election,candidates/2025.1/Cinder/jobernar@redhat.com,15,"Other(""backup encryption and, quite likely, the removal o"")","backup encryption and, quite likely, the removal of eventlet to maintain",https://opendev.org/openstack/election/src/branch/master/candidates/2025.1/Cinder/jobernar@redhat.com
election,openstack/election,candidates/2025.1/Heat/kajinamit@oss.nttdata.com,10,"Other(""also a few global goals like eventlet removal bein"")","also a few global goals like eventlet removal being discussed now, and we aim",https://opendev.org/openstack/election/src/branch/master/candidates/2025.1/Heat/kajinamit@oss.nttdata.com
election,openstack/election,candidates/rocky/Requirements/prometheanfire.txt,17,"Other(""3. Un-cap requirements where possible (stuff like "")",3. Un-cap requirements where possible (stuff like eventlet).,https://opendev.org/openstack/election/src/branch/master/candidates/rocky/Requirements/prometheanfire.txt
election,openstack/election,candidates/stein/Requirements/prometheanfire@gentoo.org,9,"Other(""2. Un-cap requirements where possible (stuff like "")",2. Un-cap requirements where possible (stuff like eventlet).,https://opendev.org/openstack/election/src/branch/master/candidates/stein/Requirements/prometheanfire@gentoo.org
election,openstack/election,candidates/train/OpenStackSDK/mordred@inaugust.com,37,"Other(""eventlet or other non-thread based concurrency sys"")",eventlet or other non-thread based concurrency systems.,https://opendev.org/openstack/election/src/branch/master/candidates/train/OpenStackSDK/mordred@inaugust.com
etcd3gw,openstack/etcd3gw,etcd3gw/utils.py,78,"Other(""_eventlet = _try_import('eventlet')"")",_eventlet = _try_import('eventlet'),https://opendev.org/openstack/etcd3gw/src/branch/master/etcd3gw/utils.py
etcd3gw,openstack/etcd3gw,etcd3gw/utils.py,79,"Other(""eventlet.patcher"")",_patcher = _try_import('eventlet.patcher'),https://opendev.org/openstack/etcd3gw/src/branch/master/etcd3gw/utils.py
etcd3gw,openstack/etcd3gw,etcd3gw/utils.py,83,"Other(""if all((_eventlet, _patcher)) and _patcher.is_monk"")","if all((_eventlet, _patcher)) and _patcher.is_monkey_patched('thread'):",https://opendev.org/openstack/etcd3gw/src/branch/master/etcd3gw/utils.py
futurist,openstack/futurist,README.rst,25,"Other(""executed. This library currently adds statistics g"")","executed. This library currently adds statistics gathering, an eventlet",https://opendev.org/openstack/futurist/src/branch/master/README.rst
futurist,openstack/futurist,doc/source/user/examples.rst,15,Import,import eventlet,https://opendev.org/openstack/futurist/src/branch/master/doc/source/user/examples.rst
futurist,openstack/futurist,doc/source/user/examples.rst,19,Sleep,eventlet.sleep(3),https://opendev.org/openstack/futurist/src/branch/master/doc/source/user/examples.rst
futurist,openstack/futurist,doc/source/user/examples.rst,25,Sleep,eventlet.sleep(1),https://opendev.org/openstack/futurist/src/branch/master/doc/source/user/examples.rst
futurist,openstack/futurist,doc/source/user/examples.rst,27,Sleep,eventlet.sleep(1),https://opendev.org/openstack/futurist/src/branch/master/doc/source/user/examples.rst
futurist,openstack/futurist,doc/source/user/examples.rst,49,Import,import eventlet,https://opendev.org/openstack/futurist/src/branch/master/doc/source/user/examples.rst
futurist,openstack/futurist,doc/source/user/examples.rst,53,Sleep,eventlet.sleep(3),https://opendev.org/openstack/futurist/src/branch/master/doc/source/user/examples.rst
futurist,openstack/futurist,doc/source/user/examples.rst,59,Sleep,eventlet.sleep(1),https://opendev.org/openstack/futurist/src/branch/master/doc/source/user/examples.rst
futurist,openstack/futurist,doc/source/user/examples.rst,61,Sleep,eventlet.sleep(1),https://opendev.org/openstack/futurist/src/branch/master/doc/source/user/examples.rst
futurist,openstack/futurist,doc/source/user/features.rst,8,"Other(""* A :py:class:`.futurist.GreenThreadPoolExecutor` "")",* A :py:class:`.futurist.GreenThreadPoolExecutor` using `eventlet`_ green,https://opendev.org/openstack/futurist/src/branch/master/doc/source/user/features.rst
futurist,openstack/futurist,doc/source/user/features.rst,33,"Other(""eventlet.net"")",.. _eventlet: http://eventlet.net/,https://opendev.org/openstack/futurist/src/branch/master/doc/source/user/features.rst
futurist,openstack/futurist,futurist/_futures.py,244,"Other(""object operate correctly under eventlet)"")",object operate correctly under eventlet),https://opendev.org/openstack/futurist/src/branch/master/futurist/_futures.py
futurist,openstack/futurist,futurist/_futures.py,322,"Other(""eventlet.net"")",and http://eventlet.net/doc/modules/greenpool.html for information on,https://opendev.org/openstack/futurist/src/branch/master/futurist/_futures.py
futurist,openstack/futurist,futurist/_green.py,19,Import,from eventlet import greenpool,https://opendev.org/openstack/futurist/src/branch/master/futurist/_green.py
futurist,openstack/futurist,futurist/_green.py,20,Import,from eventlet import patcher as greenpatcher,https://opendev.org/openstack/futurist/src/branch/master/futurist/_green.py
futurist,openstack/futurist,futurist/_green.py,21,Import,from eventlet import queue as greenqueue,https://opendev.org/openstack/futurist/src/branch/master/futurist/_green.py
futurist,openstack/futurist,futurist/_green.py,23,Import,from eventlet.green import threading as greenthreading,https://opendev.org/openstack/futurist/src/branch/master/futurist/_green.py
futurist,openstack/futurist,futurist/_utils.py,26,Import,import eventlet as _eventlet  # noqa,https://opendev.org/openstack/futurist/src/branch/master/futurist/_utils.py
futurist,openstack/futurist,futurist/waiters.py,31,Import,from eventlet.green import threading as greenthreading,https://opendev.org/openstack/futurist/src/branch/master/futurist/waiters.py
futurist,openstack/futurist,futurist/waiters.py,58,"Other(""def _ensure_eventlet(func):"")",def _ensure_eventlet(func):,https://opendev.org/openstack/futurist/src/branch/master/futurist/waiters.py
futurist,openstack/futurist,futurist/waiters.py,59,"Other(""\""\""\""Decorator that verifies we have the needed even"")","""""""Decorator that verifies we have the needed eventlet components.""""""",https://opendev.org/openstack/futurist/src/branch/master/futurist/waiters.py
futurist,openstack/futurist,futurist/waiters.py,174,"Other(""@_ensure_eventlet"")",@_ensure_eventlet,https://opendev.org/openstack/futurist/src/branch/master/futurist/waiters.py
futurist,openstack/futurist,futurist/waiters.py,196,"Other(""@_ensure_eventlet"")",@_ensure_eventlet,https://opendev.org/openstack/futurist/src/branch/master/futurist/waiters.py
futurist,openstack/futurist,test-requirements.txt,2,"Other(""eventlet>=0.18.2 # MIT"")",eventlet>=0.18.2 # MIT,https://opendev.org/openstack/futurist/src/branch/master/test-requirements.txt
glance,openstack/glance,doc/source/admin/apache-httpd.rst,5,"Other(""In short Glance will not operate properly if tried"")",In short Glance will not operate properly if tried to be ran without eventlet,https://opendev.org/openstack/glance/src/branch/master/doc/source/admin/apache-httpd.rst
glance,openstack/glance,doc/source/admin/controllingservers.rst,82,Wsgi,2011-04-13 14:50:12    DEBUG [eventlet.wsgi.server] (21354) wsgi starting up on http://65.114.169.29:9292/,https://opendev.org/openstack/glance/src/branch/master/doc/source/admin/controllingservers.rst
glance,openstack/glance,glance/api/common.py,45,"Other(""eventlet.posthooks"")",if 'eventlet.posthooks' in response.request.environ:,https://opendev.org/openstack/glance/src/branch/master/glance/api/common.py
glance,openstack/glance,glance/api/common.py,46,"Other(""eventlet.posthooks"")",response.request.environ['eventlet.posthooks'].append(,https://opendev.org/openstack/glance/src/branch/master/glance/api/common.py
glance,openstack/glance,glance/async_/__init__.py,158,"Other(""either \""eventlet\"" or \""native\"""")","either ""eventlet"" or ""native""",https://opendev.org/openstack/glance/src/branch/master/glance/async_/__init__.py
glance,openstack/glance,glance/async_/__init__.py,166,"Other(""elif thread_type == 'eventlet':"")",elif thread_type == 'eventlet':,https://opendev.org/openstack/glance/src/branch/master/glance/async_/__init__.py
glance,openstack/glance,glance/async_/__init__.py,171,"Other(""'(must be \""native\"" or \""eventlet\"")') % (thread_type"")","'(must be ""native"" or ""eventlet"")') % (thread_type))",https://opendev.org/openstack/glance/src/branch/master/glance/async_/__init__.py
glance,openstack/glance,glance/async_/taskflow_executor.py,33,"Other(""_deprecated_opt = cfg.DeprecatedOpt('eventlet_exec"")","_deprecated_opt = cfg.DeprecatedOpt('eventlet_executor_pool_size',",https://opendev.org/openstack/glance/src/branch/master/glance/async_/taskflow_executor.py
glance,openstack/glance,glance/cmd/api.py,27,Import,import eventlet,https://opendev.org/openstack/glance/src/branch/master/glance/cmd/api.py
glance,openstack/glance,glance/cmd/api.py,32,"Other(""eventlet.patcher"")",eventlet.patcher.monkey_patch(os=False),https://opendev.org/openstack/glance/src/branch/master/glance/cmd/api.py
glance,openstack/glance,glance/cmd/api.py,34,"Other(""eventlet.patcher"")",eventlet.patcher.monkey_patch(),https://opendev.org/openstack/glance/src/branch/master/glance/cmd/api.py
glance,openstack/glance,glance/cmd/api.py,91,"Other(""wsgi.set_eventlet_hub()"")",wsgi.set_eventlet_hub(),https://opendev.org/openstack/glance/src/branch/master/glance/cmd/api.py
glance,openstack/glance,glance/cmd/api.py,106,"Other(""glance.async_.set_threadpool_model('eventlet')"")",glance.async_.set_threadpool_model('eventlet'),https://opendev.org/openstack/glance/src/branch/master/glance/cmd/api.py
glance,openstack/glance,glance/cmd/cache_prefetcher.py,53,"Other(""glance.async_.set_threadpool_model('eventlet')"")",glance.async_.set_threadpool_model('eventlet'),https://opendev.org/openstack/glance/src/branch/master/glance/cmd/cache_prefetcher.py
glance,openstack/glance,glance/cmd/scrubber.py,25,Import,import eventlet,https://opendev.org/openstack/glance/src/branch/master/glance/cmd/scrubber.py
glance,openstack/glance,glance/cmd/scrubber.py,30,"Other(""eventlet.patcher"")",eventlet.patcher.monkey_patch(os=False),https://opendev.org/openstack/glance/src/branch/master/glance/cmd/scrubber.py
glance,openstack/glance,glance/cmd/scrubber.py,32,"Other(""eventlet.patcher"")",eventlet.patcher.monkey_patch(),https://opendev.org/openstack/glance/src/branch/master/glance/cmd/scrubber.py
glance,openstack/glance,glance/common/client.py,29,Import,from eventlet.green import socket,https://opendev.org/openstack/glance/src/branch/master/glance/common/client.py
glance,openstack/glance,glance/common/client.py,30,Import,from eventlet.green import ssl,https://opendev.org/openstack/glance/src/branch/master/glance/common/client.py
glance,openstack/glance,glance/common/utils.py,26,Import,from eventlet import sleep,https://opendev.org/openstack/glance/src/branch/master/glance/common/utils.py
glance,openstack/glance,glance/common/utils.py,29,Import,from eventlet.green import socket,https://opendev.org/openstack/glance/src/branch/master/glance/common/utils.py
glance,openstack/glance,glance/common/utils.py,98,"Other(""iteration. This can prevent eventlet thread starva"")",iteration. This can prevent eventlet thread starvation.,https://opendev.org/openstack/glance/src/branch/master/glance/common/utils.py
glance,openstack/glance,glance/common/utils.py,115,"Other(""after each read. This can prevent eventlet thread "")",after each read. This can prevent eventlet thread starvation.,https://opendev.org/openstack/glance/src/branch/master/glance/common/utils.py
glance,openstack/glance,glance/common/utils.py,181,"Other(""An eventlet thread friendly class for reading in i"")",An eventlet thread friendly class for reading in image data.,https://opendev.org/openstack/glance/src/branch/master/glance/common/utils.py
glance,openstack/glance,glance/common/utils.py,185,"Other(""one image being uploaded/downloaded this prevents "")",one image being uploaded/downloaded this prevents eventlet thread,https://opendev.org/openstack/glance/src/branch/master/glance/common/utils.py
glance,openstack/glance,glance/common/wsgi.py,34,Import,from eventlet.green import socket,https://opendev.org/openstack/glance/src/branch/master/glance/common/wsgi.py
glance,openstack/glance,glance/common/wsgi.py,35,Import,import eventlet.greenio,https://opendev.org/openstack/glance/src/branch/master/glance/common/wsgi.py
glance,openstack/glance,glance/common/wsgi.py,36,Wsgi,import eventlet.wsgi,https://opendev.org/openstack/glance/src/branch/master/glance/common/wsgi.py
glance,openstack/glance,glance/common/wsgi.py,147,"Other(""eventlet_opts = ["")",eventlet_opts = [,https://opendev.org/openstack/glance/src/branch/master/glance/common/wsgi.py
glance,openstack/glance,glance/common/wsgi.py,268,"Other(""CONF.register_opts(eventlet_opts)"")",CONF.register_opts(eventlet_opts),https://opendev.org/openstack/glance/src/branch/master/glance/common/wsgi.py
glance,openstack/glance,glance/common/wsgi.py,341,Listen,"sock = eventlet.listen(bind_addr,",https://opendev.org/openstack/glance/src/branch/master/glance/common/wsgi.py
glance,openstack/glance,glance/common/wsgi.py,347,Sleep,eventlet.sleep(0.1),https://opendev.org/openstack/glance/src/branch/master/glance/common/wsgi.py
glance,openstack/glance,glance/common/wsgi.py,357,"Other(""def set_eventlet_hub():"")",def set_eventlet_hub():,https://opendev.org/openstack/glance/src/branch/master/glance/common/wsgi.py
glance,openstack/glance,glance/common/wsgi.py,359,"Other(""eventlet.hubs"")",eventlet.hubs.use_hub('poll'),https://opendev.org/openstack/glance/src/branch/master/glance/common/wsgi.py
glance,openstack/glance,glance/common/wsgi.py,362,"Other(""eventlet.hubs"")",eventlet.hubs.use_hub('selects'),https://opendev.org/openstack/glance/src/branch/master/glance/common/wsgi.py
glance,openstack/glance,glance/common/wsgi.py,364,"Other(""msg = _(\""eventlet 'poll' nor 'selects' hubs are av"")","msg = _(""eventlet 'poll' nor 'selects' hubs are available """,https://opendev.org/openstack/glance/src/branch/master/glance/common/wsgi.py
glance,openstack/glance,glance/common/wsgi.py,384,"Other(""def get_asynchronous_eventlet_pool(size=1000):"")",def get_asynchronous_eventlet_pool(size=1000):,https://opendev.org/openstack/glance/src/branch/master/glance/common/wsgi.py
glance,openstack/glance,glance/common/wsgi.py,385,"Other(""\""\""\""Return eventlet pool to caller."")","""""""Return eventlet pool to caller.",https://opendev.org/openstack/glance/src/branch/master/glance/common/wsgi.py
glance,openstack/glance,glance/common/wsgi.py,390,"Other("":param size: eventlet pool size"")",:param size: eventlet pool size,https://opendev.org/openstack/glance/src/branch/master/glance/common/wsgi.py
glance,openstack/glance,glance/common/wsgi.py,391,"Other("":returns: eventlet pool"")",:returns: eventlet pool,https://opendev.org/openstack/glance/src/branch/master/glance/common/wsgi.py
glance,openstack/glance,glance/common/wsgi.py,395,Pool,pool = eventlet.GreenPool(size=size),https://opendev.org/openstack/glance/src/branch/master/glance/common/wsgi.py
glance,openstack/glance,glance/common/wsgi.py,410,Wsgi,"self._logger = logging.getLogger(""eventlet.wsgi.server"")",https://opendev.org/openstack/glance/src/branch/master/glance/common/wsgi.py
glance,openstack/glance,glance/common/wsgi.py,492,"Other(""return get_asynchronous_eventlet_pool(size=self.th"")",return get_asynchronous_eventlet_pool(size=self.threads),https://opendev.org/openstack/glance/src/branch/master/glance/common/wsgi.py
glance,openstack/glance,glance/common/wsgi.py,501,Wsgi,eventlet.wsgi.MAX_HEADER_LINE = CONF.max_header_line,https://opendev.org/openstack/glance/src/branch/master/glance/common/wsgi.py
glance,openstack/glance,glance/common/wsgi.py,531,Wsgi,"eventlet.wsgi.HttpProtocol.default_request_version = ""HTTP/1.0""",https://opendev.org/openstack/glance/src/branch/master/glance/common/wsgi.py
glance,openstack/glance,glance/common/wsgi.py,534,Wsgi,"eventlet.wsgi.server(self.sock,",https://opendev.org/openstack/glance/src/branch/master/glance/common/wsgi.py
glance,openstack/glance,glance/common/wsgi.py,561,Wsgi,"eventlet.wsgi.server(sock, application, custom_pool=self.pool,",https://opendev.org/openstack/glance/src/branch/master/glance/common/wsgi.py
glance,openstack/glance,glance/common/wsgi.py,681,"Other(""eventlet.greenio"")",eventlet.greenio.shutdown_safe(self.sock),https://opendev.org/openstack/glance/src/branch/master/glance/common/wsgi.py
glance,openstack/glance,glance/common/wsgi.py,689,Wsgi,eventlet.wsgi.is_accepting = False,https://opendev.org/openstack/glance/src/branch/master/glance/common/wsgi.py
glance,openstack/glance,glance/domain/__init__.py,503,"Other(""eventlet_deprecation_warned = False"")",eventlet_deprecation_warned = False,https://opendev.org/openstack/glance/src/branch/master/glance/domain/__init__.py
glance,openstack/glance,glance/domain/__init__.py,518,"Other(""if task_executor == 'eventlet':"")",if task_executor == 'eventlet':,https://opendev.org/openstack/glance/src/branch/master/glance/domain/__init__.py
glance,openstack/glance,glance/domain/__init__.py,521,"Other(""if not TaskExecutorFactory.eventlet_deprecation_wa"")",if not TaskExecutorFactory.eventlet_deprecation_warned:,https://opendev.org/openstack/glance/src/branch/master/glance/domain/__init__.py
glance,openstack/glance,glance/domain/__init__.py,522,"Other(""msg = _LW(\""The `eventlet` executor has been deprec"")","msg = _LW(""The `eventlet` executor has been deprecated. """,https://opendev.org/openstack/glance/src/branch/master/glance/domain/__init__.py
glance,openstack/glance,glance/domain/__init__.py,525,"Other(""TaskExecutorFactory.eventlet_deprecation_warned = "")",TaskExecutorFactory.eventlet_deprecation_warned = True,https://opendev.org/openstack/glance/src/branch/master/glance/domain/__init__.py
glance,openstack/glance,glance/image_cache/drivers/common.py,23,Import,from eventlet import sleep,https://opendev.org/openstack/glance/src/branch/master/glance/image_cache/drivers/common.py
glance,openstack/glance,glance/image_cache/drivers/common.py,24,Import,from eventlet import timeout,https://opendev.org/openstack/glance/src/branch/master/glance/image_cache/drivers/common.py
glance,openstack/glance,glance/image_cache/drivers/common.py,42,"Other(""SQLite DB Connection handler that plays well with "")","SQLite DB Connection handler that plays well with eventlet,",https://opendev.org/openstack/glance/src/branch/master/glance/image_cache/drivers/common.py
glance,openstack/glance,glance/locale/de/LC_MESSAGES/glance.po,1727,"Other(""msgid \""eventlet 'poll' nor 'selects' hubs are avai"")","msgid ""eventlet 'poll' nor 'selects' hubs are available on this platform""",https://opendev.org/openstack/glance/src/branch/master/glance/locale/de/LC_MESSAGES/glance.po
glance,openstack/glance,glance/locale/en_GB/LC_MESSAGES/glance.po,4899,"Other(""msgid \""eventlet 'poll' nor 'selects' hubs are avai"")","msgid ""eventlet 'poll' nor 'selects' hubs are available on this platform""",https://opendev.org/openstack/glance/src/branch/master/glance/locale/en_GB/LC_MESSAGES/glance.po
glance,openstack/glance,glance/locale/en_GB/LC_MESSAGES/glance.po,4900,"Other(""msgstr \""eventlet 'poll' nor 'selects' hubs are ava"")","msgstr ""eventlet 'poll' nor 'selects' hubs are available on this platform""",https://opendev.org/openstack/glance/src/branch/master/glance/locale/en_GB/LC_MESSAGES/glance.po
glance,openstack/glance,glance/locale/es/LC_MESSAGES/glance.po,1568,"Other(""msgid \""eventlet 'poll' nor 'selects' hubs are avai"")","msgid ""eventlet 'poll' nor 'selects' hubs are available on this platform""",https://opendev.org/openstack/glance/src/branch/master/glance/locale/es/LC_MESSAGES/glance.po
glance,openstack/glance,glance/locale/fr/LC_MESSAGES/glance.po,1591,"Other(""msgid \""eventlet 'poll' nor 'selects' hubs are avai"")","msgid ""eventlet 'poll' nor 'selects' hubs are available on this platform""",https://opendev.org/openstack/glance/src/branch/master/glance/locale/fr/LC_MESSAGES/glance.po
glance,openstack/glance,glance/locale/it/LC_MESSAGES/glance.po,1581,"Other(""msgid \""eventlet 'poll' nor 'selects' hubs are avai"")","msgid ""eventlet 'poll' nor 'selects' hubs are available on this platform""",https://opendev.org/openstack/glance/src/branch/master/glance/locale/it/LC_MESSAGES/glance.po
glance,openstack/glance,glance/locale/ja/LC_MESSAGES/glance.po,1744,"Other(""msgid \""eventlet 'poll' nor 'selects' hubs are avai"")","msgid ""eventlet 'poll' nor 'selects' hubs are available on this platform""",https://opendev.org/openstack/glance/src/branch/master/glance/locale/ja/LC_MESSAGES/glance.po
glance,openstack/glance,glance/locale/ja/LC_MESSAGES/glance.po,1746,"Other(""\""このプラットフォームでは eventlet の「poll」ハブも「selects」ハブも使用できま"")","""このプラットフォームでは eventlet の「poll」ハブも「selects」ハブも使用できま""",https://opendev.org/openstack/glance/src/branch/master/glance/locale/ja/LC_MESSAGES/glance.po
glance,openstack/glance,glance/locale/ko_KR/LC_MESSAGES/glance.po,1559,"Other(""msgid \""eventlet 'poll' nor 'selects' hubs are avai"")","msgid ""eventlet 'poll' nor 'selects' hubs are available on this platform""",https://opendev.org/openstack/glance/src/branch/master/glance/locale/ko_KR/LC_MESSAGES/glance.po
glance,openstack/glance,glance/locale/ko_KR/LC_MESSAGES/glance.po,1560,"Other(""msgstr \""이 플랫폼에서 eventlet 'poll'이나 'selects' 허브를 모두"")","msgstr ""이 플랫폼에서 eventlet 'poll'이나 'selects' 허브를 모두 사용할 수 없음""",https://opendev.org/openstack/glance/src/branch/master/glance/locale/ko_KR/LC_MESSAGES/glance.po
glance,openstack/glance,glance/locale/pt_BR/LC_MESSAGES/glance.po,1555,"Other(""msgid \""eventlet 'poll' nor 'selects' hubs are avai"")","msgid ""eventlet 'poll' nor 'selects' hubs are available on this platform""",https://opendev.org/openstack/glance/src/branch/master/glance/locale/pt_BR/LC_MESSAGES/glance.po
glance,openstack/glance,glance/locale/pt_BR/LC_MESSAGES/glance.po,1557,"Other(""\""nem o hub 'poll' nem o 'selects' do eventlet estã"")","""nem o hub 'poll' nem o 'selects' do eventlet estão disponíveis nesta """,https://opendev.org/openstack/glance/src/branch/master/glance/locale/pt_BR/LC_MESSAGES/glance.po
glance,openstack/glance,glance/locale/ru/LC_MESSAGES/glance.po,1527,"Other(""msgid \""eventlet 'poll' nor 'selects' hubs are avai"")","msgid ""eventlet 'poll' nor 'selects' hubs are available on this platform""",https://opendev.org/openstack/glance/src/branch/master/glance/locale/ru/LC_MESSAGES/glance.po
glance,openstack/glance,glance/locale/ru/LC_MESSAGES/glance.po,1530,"Other(""\""библиотеки eventlet\"""")","""библиотеки eventlet""",https://opendev.org/openstack/glance/src/branch/master/glance/locale/ru/LC_MESSAGES/glance.po
glance,openstack/glance,glance/locale/tr_TR/LC_MESSAGES/glance.po,1351,"Other(""msgid \""eventlet 'poll' nor 'selects' hubs are avai"")","msgid ""eventlet 'poll' nor 'selects' hubs are available on this platform""",https://opendev.org/openstack/glance/src/branch/master/glance/locale/tr_TR/LC_MESSAGES/glance.po
glance,openstack/glance,glance/locale/tr_TR/LC_MESSAGES/glance.po,1353,"Other(""\""bu platformda eventlet 'poll' ya da 'selects' hav"")","""bu platformda eventlet 'poll' ya da 'selects' havuzları kullanılabilirdir""",https://opendev.org/openstack/glance/src/branch/master/glance/locale/tr_TR/LC_MESSAGES/glance.po
glance,openstack/glance,glance/locale/zh_CN/LC_MESSAGES/glance.po,1490,"Other(""msgid \""eventlet 'poll' nor 'selects' hubs are avai"")","msgid ""eventlet 'poll' nor 'selects' hubs are available on this platform""",https://opendev.org/openstack/glance/src/branch/master/glance/locale/zh_CN/LC_MESSAGES/glance.po
glance,openstack/glance,glance/locale/zh_CN/LC_MESSAGES/glance.po,1491,"Other(""msgstr \""在此平台上，eventlet“poll”和“selects”主数据中心都不可用\"""")","msgstr ""在此平台上，eventlet“poll”和“selects”主数据中心都不可用""",https://opendev.org/openstack/glance/src/branch/master/glance/locale/zh_CN/LC_MESSAGES/glance.po
glance,openstack/glance,glance/locale/zh_TW/LC_MESSAGES/glance.po,1430,"Other(""msgid \""eventlet 'poll' nor 'selects' hubs are avai"")","msgid ""eventlet 'poll' nor 'selects' hubs are available on this platform""",https://opendev.org/openstack/glance/src/branch/master/glance/locale/zh_TW/LC_MESSAGES/glance.po
glance,openstack/glance,glance/locale/zh_TW/LC_MESSAGES/glance.po,1431,"Other(""msgstr \""此平台上無法使用 eventlet 'poll' 及 'selects' 中心。\"""")","msgstr ""此平台上無法使用 eventlet 'poll' 及 'selects' 中心。""",https://opendev.org/openstack/glance/src/branch/master/glance/locale/zh_TW/LC_MESSAGES/glance.po
glance,openstack/glance,glance/opts.py,51,"Other(""glance.common.wsgi.eventlet_opts,"")","glance.common.wsgi.eventlet_opts,",https://opendev.org/openstack/glance/src/branch/master/glance/opts.py
glance,openstack/glance,glance/scrubber.py,19,Import,import eventlet,https://opendev.org/openstack/glance/src/branch/master/glance/scrubber.py
glance,openstack/glance,glance/scrubber.py,321,"Other(""eventlet.event"")",self.event = eventlet.event.Event(),https://opendev.org/openstack/glance/src/branch/master/glance/scrubber.py
glance,openstack/glance,glance/scrubber.py,323,"Other(""eventlet.greenpool"")",self.daemon_pool = eventlet.greenpool.GreenPool(threads),https://opendev.org/openstack/glance/src/branch/master/glance/scrubber.py
glance,openstack/glance,glance/scrubber.py,338,"Other(""eventlet.spawn_after"")","eventlet.spawn_after(self.wakeup_time, self._run, application)",https://opendev.org/openstack/glance/src/branch/master/glance/scrubber.py
glance,openstack/glance,glance/scrubber.py,349,"Other(""eventlet.greenpool"")",self.pool = eventlet.greenpool.GreenPool(CONF.scrub_pool_size),https://opendev.org/openstack/glance/src/branch/master/glance/scrubber.py
glance,openstack/glance,releasenotes/notes/pike-rc-1-a5d3f6e8877b52c6.yaml,22,"Other(""* Bug 1655727_: Invoke monkey_patching early enoug"")",* Bug 1655727_: Invoke monkey_patching early enough for eventlet 0.20.1,https://opendev.org/openstack/glance/src/branch/master/releasenotes/notes/pike-rc-1-a5d3f6e8877b52c6.yaml
glance,openstack/glance,releasenotes/notes/ussuri-final-b377a21508ada060.yaml,18,"Other(""Bug 1863021_: eventlet monkey patch results in ass"")",Bug 1863021_: eventlet monkey patch results in assert len(_active) == 1 AssertionError,https://opendev.org/openstack/glance/src/branch/master/releasenotes/notes/ussuri-final-b377a21508ada060.yaml
glance,openstack/glance,releasenotes/source/locale/en_GB/LC_MESSAGES/releasenotes.po,995,"Other(""msgid \""Bug 1655727_: Invoke monkey_patching early "")","msgid ""Bug 1655727_: Invoke monkey_patching early enough for eventlet 0.20.1""",https://opendev.org/openstack/glance/src/branch/master/releasenotes/source/locale/en_GB/LC_MESSAGES/releasenotes.po
glance,openstack/glance,releasenotes/source/locale/en_GB/LC_MESSAGES/releasenotes.po,996,"Other(""msgstr \""Bug 1655727_: Invoke monkey_patching early"")","msgstr ""Bug 1655727_: Invoke monkey_patching early enough for eventlet 0.20.1""",https://opendev.org/openstack/glance/src/branch/master/releasenotes/source/locale/en_GB/LC_MESSAGES/releasenotes.po
glance,openstack/glance,releasenotes/source/locale/en_GB/LC_MESSAGES/releasenotes.po,1038,"Other(""msgid \""Bug 1744824_: Fix py27 eventlet issue <0.22"")","msgid ""Bug 1744824_: Fix py27 eventlet issue <0.22.0""",https://opendev.org/openstack/glance/src/branch/master/releasenotes/source/locale/en_GB/LC_MESSAGES/releasenotes.po
glance,openstack/glance,releasenotes/source/locale/en_GB/LC_MESSAGES/releasenotes.po,1039,"Other(""msgstr \""Bug 1744824_: Fix py27 eventlet issue <0.2"")","msgstr ""Bug 1744824_: Fix py27 eventlet issue <0.22.0""",https://opendev.org/openstack/glance/src/branch/master/releasenotes/source/locale/en_GB/LC_MESSAGES/releasenotes.po
glance,openstack/glance,releasenotes/source/locale/en_GB/LC_MESSAGES/releasenotes.po,1172,"Other(""\""Bug 1863021_: eventlet monkey patch results in as"")","""Bug 1863021_: eventlet monkey patch results in assert len(_active) == 1 """,https://opendev.org/openstack/glance/src/branch/master/releasenotes/source/locale/en_GB/LC_MESSAGES/releasenotes.po
glance,openstack/glance,releasenotes/source/locale/en_GB/LC_MESSAGES/releasenotes.po,1175,"Other(""\""Bug 1863021_: eventlet monkey patch results in as"")","""Bug 1863021_: eventlet monkey patch results in assert len(_active) == 1 """,https://opendev.org/openstack/glance/src/branch/master/releasenotes/source/locale/en_GB/LC_MESSAGES/releasenotes.po
glance,openstack/glance,releasenotes/source/locale/en_GB/LC_MESSAGES/releasenotes.po,1501,Import,"""eventlet.  As a result, the team backported a fix from eventlet 0.22.0 to """,https://opendev.org/openstack/glance/src/branch/master/releasenotes/source/locale/en_GB/LC_MESSAGES/releasenotes.po
glance,openstack/glance,releasenotes/source/locale/en_GB/LC_MESSAGES/releasenotes.po,1502,"Other(""\""the Glance code.  (The Ocata release of OpenStack"")","""the Glance code.  (The Ocata release of OpenStack uses eventlet 0.19.0.)  """,https://opendev.org/openstack/glance/src/branch/master/releasenotes/source/locale/en_GB/LC_MESSAGES/releasenotes.po
glance,openstack/glance,releasenotes/source/locale/en_GB/LC_MESSAGES/releasenotes.po,1506,Import,"""eventlet.  As a result, the team backported a fix from eventlet 0.22.0 to """,https://opendev.org/openstack/glance/src/branch/master/releasenotes/source/locale/en_GB/LC_MESSAGES/releasenotes.po
glance,openstack/glance,releasenotes/source/locale/en_GB/LC_MESSAGES/releasenotes.po,1507,"Other(""\""the Glance code.  (The Ocata release of OpenStack"")","""the Glance code.  (The Ocata release of OpenStack uses eventlet 0.19.0.)  """,https://opendev.org/openstack/glance/src/branch/master/releasenotes/source/locale/en_GB/LC_MESSAGES/releasenotes.po
glance,openstack/glance,releasenotes/source/locale/en_GB/LC_MESSAGES/releasenotes.po,1512,Import,"""eventlet.  As a result, the team backported a fix from eventlet 0.22.0 to """,https://opendev.org/openstack/glance/src/branch/master/releasenotes/source/locale/en_GB/LC_MESSAGES/releasenotes.po
glance,openstack/glance,releasenotes/source/locale/en_GB/LC_MESSAGES/releasenotes.po,1513,"Other(""\""the Glance code.  (The Pike release of OpenStack "")","""the Glance code.  (The Pike release of OpenStack uses eventlet 0.20.0.)  See """,https://opendev.org/openstack/glance/src/branch/master/releasenotes/source/locale/en_GB/LC_MESSAGES/releasenotes.po
glance,openstack/glance,releasenotes/source/locale/en_GB/LC_MESSAGES/releasenotes.po,1517,Import,"""eventlet.  As a result, the team backported a fix from eventlet 0.22.0 to """,https://opendev.org/openstack/glance/src/branch/master/releasenotes/source/locale/en_GB/LC_MESSAGES/releasenotes.po
glance,openstack/glance,releasenotes/source/locale/en_GB/LC_MESSAGES/releasenotes.po,1518,"Other(""\""the Glance code.  (The Pike release of OpenStack "")","""the Glance code.  (The Pike release of OpenStack uses eventlet 0.20.0.)  See """,https://opendev.org/openstack/glance/src/branch/master/releasenotes/source/locale/en_GB/LC_MESSAGES/releasenotes.po
glance,openstack/glance,releasenotes/source/locale/ja/LC_MESSAGES/releasenotes.po,493,"Other(""msgid \""Bug 1655727_: Invoke monkey_patching early "")","msgid ""Bug 1655727_: Invoke monkey_patching early enough for eventlet 0.20.1""",https://opendev.org/openstack/glance/src/branch/master/releasenotes/source/locale/ja/LC_MESSAGES/releasenotes.po
glance,openstack/glance,releasenotes/source/locale/ja/LC_MESSAGES/releasenotes.po,494,"Other(""msgstr \""Bug 1655727_: eventlet 0.20.1 に十分間に合う monk"")","msgstr ""Bug 1655727_: eventlet 0.20.1 に十分間に合う monkey_patching 呼び出し""",https://opendev.org/openstack/glance/src/branch/master/releasenotes/source/locale/ja/LC_MESSAGES/releasenotes.po
glance,openstack/glance,releasenotes/source/locale/ja/LC_MESSAGES/releasenotes.po,514,Import,"""eventlet.  As a result, the team backported a fix from eventlet 0.22.0 to """,https://opendev.org/openstack/glance/src/branch/master/releasenotes/source/locale/ja/LC_MESSAGES/releasenotes.po
glance,openstack/glance,releasenotes/source/locale/ja/LC_MESSAGES/releasenotes.po,515,"Other(""\""the Glance code.  (The Ocata release of OpenStack"")","""the Glance code.  (The Ocata release of OpenStack uses eventlet 0.19.0.)  """,https://opendev.org/openstack/glance/src/branch/master/releasenotes/source/locale/ja/LC_MESSAGES/releasenotes.po
glance,openstack/glance,releasenotes/source/locale/ja/LC_MESSAGES/releasenotes.po,518,"Other(""\""Python 2.7 配布パッケージの変更により、Glance での eventlet の使用が影"")","""Python 2.7 配布パッケージの変更により、Glance での eventlet の使用が影響を受""",https://opendev.org/openstack/glance/src/branch/master/releasenotes/source/locale/ja/LC_MESSAGES/releasenotes.po
glance,openstack/glance,releasenotes/source/locale/ja/LC_MESSAGES/releasenotes.po,519,"Other(""\""けました。その結果、チームは eventlet 0.22.0から Glance のコードに修正をバ"")","""けました。その結果、チームは eventlet 0.22.0から Glance のコードに修正をバッ""",https://opendev.org/openstack/glance/src/branch/master/releasenotes/source/locale/ja/LC_MESSAGES/releasenotes.po
glance,openstack/glance,releasenotes/source/locale/ja/LC_MESSAGES/releasenotes.po,520,"Other(""\""クポートしました。OpenStack の Ocata リリースでは、eventlet 0.19.0"")","""クポートしました。OpenStack の Ocata リリースでは、eventlet 0.19.0 が使用され""",https://opendev.org/openstack/glance/src/branch/master/releasenotes/source/locale/ja/LC_MESSAGES/releasenotes.po
glance,openstack/glance,releasenotes/source/locale/ja/LC_MESSAGES/releasenotes.po,525,Import,"""eventlet.  As a result, the team backported a fix from eventlet 0.22.0 to """,https://opendev.org/openstack/glance/src/branch/master/releasenotes/source/locale/ja/LC_MESSAGES/releasenotes.po
glance,openstack/glance,releasenotes/source/locale/ja/LC_MESSAGES/releasenotes.po,526,"Other(""\""the Glance code.  (The Pike release of OpenStack "")","""the Glance code.  (The Pike release of OpenStack uses eventlet 0.20.0.)  See """,https://opendev.org/openstack/glance/src/branch/master/releasenotes/source/locale/ja/LC_MESSAGES/releasenotes.po
glance,openstack/glance,releasenotes/source/locale/ja/LC_MESSAGES/releasenotes.po,529,"Other(""\""Python 2.7 配布パッケージの変更により、Glance での eventlet の使用が影"")","""Python 2.7 配布パッケージの変更により、Glance での eventlet の使用が影響を受""",https://opendev.org/openstack/glance/src/branch/master/releasenotes/source/locale/ja/LC_MESSAGES/releasenotes.po
glance,openstack/glance,releasenotes/source/locale/ja/LC_MESSAGES/releasenotes.po,530,"Other(""\""けました。その結果、チームは eventlet 0.22.0から Glance のコードに修正をバ"")","""けました。その結果、チームは eventlet 0.22.0から Glance のコードに修正をバッ""",https://opendev.org/openstack/glance/src/branch/master/releasenotes/source/locale/ja/LC_MESSAGES/releasenotes.po
glance,openstack/glance,releasenotes/source/locale/ja/LC_MESSAGES/releasenotes.po,531,"Other(""\""クポートしました。OpenStack の Pike リリースでは、eventlet 0.20.0 "")","""クポートしました。OpenStack の Pike リリースでは、eventlet 0.20.0 が使用され""",https://opendev.org/openstack/glance/src/branch/master/releasenotes/source/locale/ja/LC_MESSAGES/releasenotes.po
glance,openstack/glance,requirements.txt,6,"Other(""eventlet>=0.33.3 # MIT"")",eventlet>=0.33.3 # MIT,https://opendev.org/openstack/glance/src/branch/master/requirements.txt
glance-specs,openstack/glance-specs,specs/kilo/sighup-conf-reload.rst,47,"Other(""- Race conditions: Launcher does not shutdown even"")","- Race conditions: Launcher does not shutdown eventlet cleanly, existing",https://opendev.org/openstack/glance-specs/src/branch/master/specs/kilo/sighup-conf-reload.rst
glance-specs,openstack/glance-specs,specs/kilo/taskflow-integration.rst,23,"Other(""Glance currently comes with an eventlet executor w"")",Glance currently comes with an eventlet executor which is not easily extensible,https://opendev.org/openstack/glance-specs/src/branch/master/specs/kilo/taskflow-integration.rst
glance-specs,openstack/glance-specs,specs/kilo/taskflow-integration.rst,31,"Other(""executor API. This executor will route the tasks t"")",executor API. This executor will route the tasks to the eventlet executor of taskflow.,https://opendev.org/openstack/glance-specs/src/branch/master/specs/kilo/taskflow-integration.rst
glance-specs,openstack/glance-specs,specs/kilo/taskflow-integration.rst,32,"Other(""We will be using the `Taskflow Green Thread Pool E"")",We will be using the `Taskflow Green Thread Pool Executor <http://docs.openstack.org/developer/taskflow/types.html#taskflow.types.futures.GreenThreadPoolExecutor>`_ which ensures that eventlet green threads are used when,https://opendev.org/openstack/glance-specs/src/branch/master/specs/kilo/taskflow-integration.rst
glance-specs,openstack/glance-specs,specs/kilo/taskflow-integration.rst,34,"Other(""The initial implementation should provide the same"")",The initial implementation should provide the same result as the eventlet executor,https://opendev.org/openstack/glance-specs/src/branch/master/specs/kilo/taskflow-integration.rst
glance-specs,openstack/glance-specs,specs/kilo/taskflow-integration.rst,41,"Other(""Use the existing eventlet executor. This approach "")",Use the existing eventlet executor. This approach is likely to become rewriting,https://opendev.org/openstack/glance-specs/src/branch/master/specs/kilo/taskflow-integration.rst
glance-specs,openstack/glance-specs,specs/liberty/approved/image-signing-and-verification-support.rst,88,Wsgi,"However, eventlet.wsgi.Input file-like object that represents the image data",https://opendev.org/openstack/glance-specs/src/branch/master/specs/liberty/approved/image-signing-and-verification-support.rst
glance-specs,openstack/glance-specs,specs/liberty/approved/scrub-images-in-parallel.rst,119,"Other(""- Use eventlet to parallelize image scrubbing"")",- Use eventlet to parallelize image scrubbing,https://opendev.org/openstack/glance-specs/src/branch/master/specs/liberty/approved/scrub-images-in-parallel.rst
glance-specs,openstack/glance-specs,specs/liberty/approved/scrub-images-in-parallel.rst,120,"Other(""- Monkey-patch required modules for eventlet"")",- Monkey-patch required modules for eventlet,https://opendev.org/openstack/glance-specs/src/branch/master/specs/liberty/approved/scrub-images-in-parallel.rst
glance-specs,openstack/glance-specs,specs/stein/implemented/glance/windows-support.rst,50,"Other(""* avoid having eventlet monkey-patch the os module"")",* avoid having eventlet monkey-patch the os module as this will cause,https://opendev.org/openstack/glance-specs/src/branch/master/specs/stein/implemented/glance/windows-support.rst
glance-specs,openstack/glance-specs,specs/stein/implemented/glance/windows-support.rst,67,"Other(""IIS will not be supported initially, using eventle"")","IIS will not be supported initially, using eventlet wsgi instead (which happens",https://opendev.org/openstack/glance-specs/src/branch/master/specs/stein/implemented/glance/windows-support.rst
glance_store,openstack/glance_store,glance_store/_drivers/rbd.py,25,Import,from eventlet import tpool,https://opendev.org/openstack/glance_store/src/branch/master/glance_store/_drivers/rbd.py
glance_store,openstack/glance_store,glance_store/_drivers/rbd.py,28,Import,from oslo_utils import eventletutils,https://opendev.org/openstack/glance_store/src/branch/master/glance_store/_drivers/rbd.py
glance_store,openstack/glance_store,glance_store/_drivers/rbd.py,289,"Other(""if eventletutils.is_monkey_patched('thread'):"")",if eventletutils.is_monkey_patched('thread'):,https://opendev.org/openstack/glance_store/src/branch/master/glance_store/_drivers/rbd.py
glance_store,openstack/glance_store,glance_store/_drivers/s3.py,35,Import,import eventlet,https://opendev.org/openstack/glance_store/src/branch/master/glance_store/_drivers/s3.py
glance_store,openstack/glance_store,glance_store/_drivers/s3.py,713,"Other(""eventlet.greenpool"")",pool = eventlet.greenpool.GreenPool(size=pool_size),https://opendev.org/openstack/glance_store/src/branch/master/glance_store/_drivers/s3.py
glance_store,openstack/glance_store,glance_store/backend.py,156,"Other(""Store where the client library relies on eventlet "")","Store where the client library relies on eventlet GreenSockets, in which",https://opendev.org/openstack/glance_store/src/branch/master/glance_store/backend.py
glance_store,openstack/glance_store,glance_store/common/utils.py,29,Import,from eventlet import sleep,https://opendev.org/openstack/glance_store/src/branch/master/glance_store/common/utils.py
glance_store,openstack/glance_store,glance_store/common/utils.py,83,"Other(""iteration. This can prevent eventlet thread starva"")",iteration. This can prevent eventlet thread starvation.,https://opendev.org/openstack/glance_store/src/branch/master/glance_store/common/utils.py
glance_store,openstack/glance_store,glance_store/common/utils.py,100,"Other(""after each read. This can prevent eventlet thread "")",after each read. This can prevent eventlet thread starvation.,https://opendev.org/openstack/glance_store/src/branch/master/glance_store/common/utils.py
glance_store,openstack/glance_store,glance_store/common/utils.py,128,"Other(""An eventlet thread friendly class for reading in i"")",An eventlet thread friendly class for reading in image data.,https://opendev.org/openstack/glance_store/src/branch/master/glance_store/common/utils.py
glance_store,openstack/glance_store,glance_store/common/utils.py,132,"Other(""one image being uploaded/downloaded this prevents "")",one image being uploaded/downloaded this prevents eventlet thread,https://opendev.org/openstack/glance_store/src/branch/master/glance_store/common/utils.py
glance_store,openstack/glance_store,requirements.txt,7,"Other(""eventlet!=0.18.3,!=0.20.1,>=0.18.2 # MIT"")","eventlet!=0.18.3,!=0.20.1,>=0.18.2 # MIT",https://opendev.org/openstack/glance_store/src/branch/master/requirements.txt
governance,openstack/governance,goals/completed/pike/python35.rst,372,"Other(""- Glance is affected by the eventlet ssl-handshake"")",- Glance is affected by the eventlet ssl-handshake-drop problem in py35,https://opendev.org/openstack/governance/src/branch/master/goals/completed/pike/python35.rst
governance,openstack/governance,goals/completed/pike/python35.rst,374,"Other(""- Fix will have to occur in eventlet (not sure tha"")",- Fix will have to occur in eventlet (not sure that will actually happen),https://opendev.org/openstack/governance/src/branch/master/goals/completed/pike/python35.rst
governance,openstack/governance,goals/completed/pike/python35.rst,377,"Other(""named 'glance-eventlet-ssl-handshake-broken-py35' "")",named 'glance-eventlet-ssl-handshake-broken-py35' so that it's obvious,https://opendev.org/openstack/governance/src/branch/master/goals/completed/pike/python35.rst
governance,openstack/governance,goals/proposed/remove-eventlet.rst,58,"Other(""Per `the docs <https://github.com/eventlet/eventle"")","Per `the docs <https://github.com/eventlet/eventlet/blob/master/doc/testing.rst#standard-li>`_,",https://opendev.org/openstack/governance/src/branch/master/goals/proposed/remove-eventlet.rst
governance,openstack/governance,goals/proposed/remove-eventlet.rst,88,"Other(""subtly incompatible with eventlet's expectations. "")",subtly incompatible with eventlet's expectations. To get the Eventlet test,https://opendev.org/openstack/governance/src/branch/master/goals/proposed/remove-eventlet.rst
governance,openstack/governance,goals/proposed/remove-eventlet.rst,91,"Other(""it <https://github.com/eventlet/eventlet/pull/823/"")",it <https://github.com/eventlet/eventlet/pull/823/files#diff-029df1ae9b7431e9cdd>`_.,https://opendev.org/openstack/governance/src/branch/master/goals/proposed/remove-eventlet.rst
governance,openstack/governance,goals/proposed/remove-eventlet.rst,208,"Other("".. _on-eventlet:"")",.. _on-eventlet:,https://opendev.org/openstack/governance/src/branch/master/goals/proposed/remove-eventlet.rst
governance,openstack/governance,goals/proposed/remove-eventlet.rst,215,"Other(""eventlet.readthedocs"")","<https://eventlet.readthedocs.io/en/latest/patching.html#greening-the-world>`_,",https://opendev.org/openstack/governance/src/branch/master/goals/proposed/remove-eventlet.rst
governance,openstack/governance,goals/proposed/remove-eventlet.rst,216,"Other(""eventlet.readthedocs"")",and `greenthread <https://eventlet.readthedocs.io/en/latest/modules/greenthread.html>`.,https://opendev.org/openstack/governance/src/branch/master/goals/proposed/remove-eventlet.rst
governance,openstack/governance,goals/proposed/remove-eventlet.rst,221,"Other(""eventlet.readthedocs"")",<https://eventlet.readthedocs.io/en/latest/design_patterns.html>`_:,https://opendev.org/openstack/governance/src/branch/master/goals/proposed/remove-eventlet.rst
governance,openstack/governance,goals/proposed/remove-eventlet.rst,241,"Other(""Celery and Gunicorn use eventlet."")",Celery and Gunicorn use eventlet.,https://opendev.org/openstack/governance/src/branch/master/goals/proposed/remove-eventlet.rst
governance,openstack/governance,goals/proposed/remove-eventlet.rst,390,"Other(""eventlet.readthedocs"")",`Eventlet patterns <https://eventlet.readthedocs.io/en/latest/design_patterns.html>`_.,https://opendev.org/openstack/governance/src/branch/master/goals/proposed/remove-eventlet.rst
governance,openstack/governance,goals/proposed/remove-eventlet.rst,467,"Other(""Even if eventlet is ill, Greenlet is healthy. Even"")","Even if eventlet is ill, Greenlet is healthy. Eventlet depends on Greenlet.",https://opendev.org/openstack/governance/src/branch/master/goals/proposed/remove-eventlet.rst
governance,openstack/governance,goals/proposed/remove-eventlet.rst,557,"Other(""eventlet.readthedocs"")",<https://eventlet.readthedocs.io/en/latest/asyncio/compatibility.html#asyncio-compatibility>`_,https://opendev.org/openstack/governance/src/branch/master/goals/proposed/remove-eventlet.rst
governance,openstack/governance,goals/proposed/remove-eventlet.rst,703,"Other(""design patterns, server, client, dispatch (see :re"")","design patterns, server, client, dispatch (see :ref:`on-eventlet`).",https://opendev.org/openstack/governance/src/branch/master/goals/proposed/remove-eventlet.rst
governance,openstack/governance,goals/proposed/remove-eventlet.rst,712,Pool,"| 1. **Server**       | eventlet.GreenPool,            | aiohttp.web.Application,       |",https://opendev.org/openstack/governance/src/branch/master/goals/proposed/remove-eventlet.rst
governance,openstack/governance,goals/proposed/remove-eventlet.rst,713,"Other(""eventlet.listen"")","|                     | eventlet.listen,               | async (for|with), await        |",https://opendev.org/openstack/governance/src/branch/master/goals/proposed/remove-eventlet.rst
governance,openstack/governance,goals/proposed/remove-eventlet.rst,714,"Other(""eventlet.green"")","|                     | eventlet.green.socket,         | http.server.HTTPServer,        |",https://opendev.org/openstack/governance/src/branch/master/goals/proposed/remove-eventlet.rst
governance,openstack/governance,goals/proposed/remove-eventlet.rst,715,"Other(""eventlet.green"")","|                     | eventlet.green.http.server,    | http.server.TreadingHTTPServer |",https://opendev.org/openstack/governance/src/branch/master/goals/proposed/remove-eventlet.rst
governance,openstack/governance,goals/proposed/remove-eventlet.rst,716,"Other(""eventlet.green"")","|                     | eventlet.green.*Server,        | asyncio.start_server()         |",https://opendev.org/openstack/governance/src/branch/master/goals/proposed/remove-eventlet.rst
governance,openstack/governance,goals/proposed/remove-eventlet.rst,717,"Other(""eventlet.websocket"")","|                     | eventlet.websocket,            | StreamReader, StreamWriter,    |",https://opendev.org/openstack/governance/src/branch/master/goals/proposed/remove-eventlet.rst
governance,openstack/governance,goals/proposed/remove-eventlet.rst,718,Wsgi,"|                     | eventlet.wsgi                  | asyncio.open_connection(),     |",https://opendev.org/openstack/governance/src/branch/master/goals/proposed/remove-eventlet.rst
governance,openstack/governance,goals/proposed/remove-eventlet.rst,721,"Other(""eventlet.green"")","| 2. **Client**       | eventlet.green.urllib*,        | asyncio.run(),                 |",https://opendev.org/openstack/governance/src/branch/master/goals/proposed/remove-eventlet.rst
governance,openstack/governance,goals/proposed/remove-eventlet.rst,722,"Other(""eventlet.greenpool"")","|                     | eventlet.greenpool             | aiohttp.ClientSession,         |",https://opendev.org/openstack/governance/src/branch/master/goals/proposed/remove-eventlet.rst
governance,openstack/governance,goals/proposed/remove-eventlet.rst,728,"Other(""eventlet.listen"")","| 3. **Dispatch**     | eventlet.listen,               | asyncio.Future,                |",https://opendev.org/openstack/governance/src/branch/master/goals/proposed/remove-eventlet.rst
governance,openstack/governance,goals/proposed/remove-eventlet.rst,729,"Other(""eventlet.GreenPile"")","|                     | eventlet.GreenPile             | futurist.Future,               |",https://opendev.org/openstack/governance/src/branch/master/goals/proposed/remove-eventlet.rst
governance,openstack/governance,goals/proposed/remove-eventlet.rst,768,"Other(""eventlet.tpool"")",asynchronous or not. By example code using ``eventlet.tpool`` can be replaced,https://opendev.org/openstack/governance/src/branch/master/goals/proposed/remove-eventlet.rst
governance,openstack/governance,goals/proposed/remove-eventlet.rst,798,Pool,"| 1. **coroutines**   | eventlet.GreenPool,            | async def, async with,         |",https://opendev.org/openstack/governance/src/branch/master/goals/proposed/remove-eventlet.rst
governance,openstack/governance,goals/proposed/remove-eventlet.rst,799,"Other(""eventlet.tpool"")","|                     | eventlet.tpool,                | async for, await, awaitlet*    |",https://opendev.org/openstack/governance/src/branch/master/goals/proposed/remove-eventlet.rst
governance,openstack/governance,goals/proposed/remove-eventlet.rst,800,"Other(""eventlet.spawn"")","|                     | eventlet.spawn,                |                                |",https://opendev.org/openstack/governance/src/branch/master/goals/proposed/remove-eventlet.rst
governance,openstack/governance,goals/proposed/remove-eventlet.rst,801,"Other(""eventlet.spawn_n"")","|                     | eventlet.spawn_n,              |                                |",https://opendev.org/openstack/governance/src/branch/master/goals/proposed/remove-eventlet.rst
governance,openstack/governance,goals/proposed/remove-eventlet.rst,802,"Other(""eventlet.spawn_after"")",|                     | eventlet.spawn_after           |                                |,https://opendev.org/openstack/governance/src/branch/master/goals/proposed/remove-eventlet.rst
governance,openstack/governance,goals/proposed/remove-eventlet.rst,804,"Other(""eventlet.greenthread"")","| 2. **event loop**   | eventlet.greenthread.spawn*    | asyncio.run(),                 |",https://opendev.org/openstack/governance/src/branch/master/goals/proposed/remove-eventlet.rst
governance,openstack/governance,goals/proposed/remove-eventlet.rst,811,Pool,"| 4. **Tasks**        | eventlet.GreenPool.spawn,      | asyncio.Task,                  |",https://opendev.org/openstack/governance/src/branch/master/goals/proposed/remove-eventlet.rst
governance,openstack/governance,goals/proposed/remove-eventlet.rst,812,Pool,|                     | eventlet.pools                 | asyncio.create_task()          |,https://opendev.org/openstack/governance/src/branch/master/goals/proposed/remove-eventlet.rst
governance,openstack/governance,goals/proposed/remove-eventlet.rst,814,Pool,"| 5. **Subprocess &** | eventlet.GreenPool.spawn,      | run_in_executor(),             |",https://opendev.org/openstack/governance/src/branch/master/goals/proposed/remove-eventlet.rst
governance,openstack/governance,goals/proposed/remove-eventlet.rst,815,"Other(""eventlet.greenthread"")","|    **threads:**     | eventlet.greenthread.spawn*    | asyncio.subprocess,            |",https://opendev.org/openstack/governance/src/branch/master/goals/proposed/remove-eventlet.rst
governance,openstack/governance,goals/proposed/remove-eventlet.rst,816,"Other(""eventlet.tpool"")","|                     | eventlet.tpool,                | cotyledon.Service,             |",https://opendev.org/openstack/governance/src/branch/master/goals/proposed/remove-eventlet.rst
governance,openstack/governance,goals/proposed/remove-eventlet.rst,817,"Other(""eventlet.spawn"")","|                     | eventlet.spawn,                | futurist.Future,               |",https://opendev.org/openstack/governance/src/branch/master/goals/proposed/remove-eventlet.rst
governance,openstack/governance,goals/proposed/remove-eventlet.rst,818,"Other(""eventlet.spawn_n"")","|                     | eventlet.spawn_n,              | concurrent.futures.Executor    |",https://opendev.org/openstack/governance/src/branch/master/goals/proposed/remove-eventlet.rst
governance,openstack/governance,goals/proposed/remove-eventlet.rst,819,"Other(""eventlet.spawn_after"")","|                     | eventlet.spawn_after           | threading.Thread,              |",https://opendev.org/openstack/governance/src/branch/master/goals/proposed/remove-eventlet.rst
governance,openstack/governance,goals/proposed/remove-eventlet.rst,822,"Other(""eventlet.green"")","| 6. **Tools**        | eventlet.green.Queue           | asyncio.Queue, queue.Queue,    |",https://opendev.org/openstack/governance/src/branch/master/goals/proposed/remove-eventlet.rst
governance,openstack/governance,goals/proposed/remove-eventlet.rst,823,"Other(""eventlet.lock"")","|                     | eventlet.lock                  | asyncio.Lock, threading.Lock   |",https://opendev.org/openstack/governance/src/branch/master/goals/proposed/remove-eventlet.rst
governance,openstack/governance,goals/proposed/remove-eventlet.rst,824,"Other(""eventlet.timeout"")","|                     | eventlet.timeout               | asyncio.timeout, threading..., |",https://opendev.org/openstack/governance/src/branch/master/goals/proposed/remove-eventlet.rst
governance,openstack/governance,goals/proposed/remove-eventlet.rst,825,"Other(""eventlet.semaphore"")","|                     | eventlet.semaphore             | asyncio.Semaphore,             |",https://opendev.org/openstack/governance/src/branch/master/goals/proposed/remove-eventlet.rst
governance,openstack/governance,goals/proposed/remove-eventlet.rst,831,"Other(""eventlet.green"")",| 8. **Network**      | eventlet.green.SocketServer    | Protocol                       |,https://opendev.org/openstack/governance/src/branch/master/goals/proposed/remove-eventlet.rst
governance,openstack/governance,goals/proposed/remove-eventlet.rst,834,"Other(""eventlet.green"")","| 9. **Network**      | eventlet.green.BaseHTTPServer, | StreamReader, StreamWriter,    |",https://opendev.org/openstack/governance/src/branch/master/goals/proposed/remove-eventlet.rst
governance,openstack/governance,goals/proposed/remove-eventlet.rst,835,"Other(""eventlet.green"")","| **(streams):**      | eventlet.green.httplib         | asyncio.open_connection(),     |",https://opendev.org/openstack/governance/src/branch/master/goals/proposed/remove-eventlet.rst
governance,openstack/governance,goals/proposed/remove-eventlet.rst,836,"Other(""eventlet.websocket"")","|                     | eventlet.websocket             | asyncio.start_server(),        |",https://opendev.org/openstack/governance/src/branch/master/goals/proposed/remove-eventlet.rst
governance,openstack/governance,goals/proposed/remove-eventlet.rst,837,Wsgi,"|                     | eventlet.wsgi                  | http.server.HTTPServer,        |",https://opendev.org/openstack/governance/src/branch/master/goals/proposed/remove-eventlet.rst
governance,openstack/governance,goals/proposed/remove-eventlet.rst,838,"Other(""eventlet.support"")",|                     | eventlet.support.greendns      | http.server.TreadingHTTPServer |,https://opendev.org/openstack/governance/src/branch/master/goals/proposed/remove-eventlet.rst
governance,openstack/governance,goals/proposed/remove-eventlet.rst,843,"Other(""eventlet.patcher"")","``eventlet.patcher``, ``eventlet.hubs``, who have no meaning outside of the",https://opendev.org/openstack/governance/src/branch/master/goals/proposed/remove-eventlet.rst
governance,openstack/governance,goals/proposed/remove-eventlet.rst,845,"Other(""eventlet.zmq"")",representations of third party modules like ``eventlet.zmq``.,https://opendev.org/openstack/governance/src/branch/master/goals/proposed/remove-eventlet.rst
governance,openstack/governance,goals/proposed/remove-eventlet.rst,848,"Other(""eventlet.tpool"")","many tiers, depending on their usages. By example the ``eventlet.tpool``",https://opendev.org/openstack/governance/src/branch/master/goals/proposed/remove-eventlet.rst
governance,openstack/governance,goals/proposed/remove-eventlet.rst,962,"Other(""(at least `0.35.0 <https://github.com/eventlet/eve"")",(at least `0.35.0 <https://github.com/eventlet/eventlet/releases/tag/v0.35.0>`_).,https://opendev.org/openstack/governance/src/branch/master/goals/proposed/remove-eventlet.rst
governance,openstack/governance,goals/proposed/remove-eventlet.rst,966,"Other(""can't live together in the same process <https://g"")",can't live together in the same process <https://github.com/eventlet/eventlet/issues/673#issuecomment-740429872>`_.,https://opendev.org/openstack/governance/src/branch/master/goals/proposed/remove-eventlet.rst
governance,openstack/governance,goals/proposed/remove-eventlet.rst,971,"Other(""eventlet.readthedocs"")",hub <https://eventlet.readthedocs.io/en/latest/migration.html#step-1-switch-to-the-asyncio-hub>`_,https://opendev.org/openstack/governance/src/branch/master/goals/proposed/remove-eventlet.rst
governance,openstack/governance,goals/proposed/remove-eventlet.rst,976,"Other(""As `the Asyncio hub was added within Eventlet 0.35"")","As `the Asyncio hub was added within Eventlet 0.35.0 <https://github.com/eventlet/eventlet/releases/tag/v0.35.0>`_,",https://opendev.org/openstack/governance/src/branch/master/goals/proposed/remove-eventlet.rst
governance,openstack/governance,goals/proposed/remove-eventlet.rst,1077,"Other(""https://github.com/eventlet/eventlet/issues/824"")",https://github.com/eventlet/eventlet/issues/824,https://opendev.org/openstack/governance/src/branch/master/goals/proposed/remove-eventlet.rst
governance,openstack/governance,goals/proposed/remove-eventlet.rst,1080,"Other(""https://github.com/eventlet/eventlet/issues/824#is"")",https://github.com/eventlet/eventlet/issues/824#issuecomment-1853128741,https://opendev.org/openstack/governance/src/branch/master/goals/proposed/remove-eventlet.rst
governance,openstack/governance,goals/proposed/remove-eventlet.rst,1088,"Other(""* https://github.com/eventlet/eventlet/pull/827"")",* https://github.com/eventlet/eventlet/pull/827,https://opendev.org/openstack/governance/src/branch/master/goals/proposed/remove-eventlet.rst
governance,openstack/governance,goals/proposed/remove-eventlet.rst,1089,"Other(""* https://github.com/eventlet/eventlet/pull/831"")",* https://github.com/eventlet/eventlet/pull/831,https://opendev.org/openstack/governance/src/branch/master/goals/proposed/remove-eventlet.rst
governance,openstack/governance,goals/proposed/remove-eventlet.rst,1090,"Other(""* https://github.com/eventlet/eventlet/pull/832"")",* https://github.com/eventlet/eventlet/pull/832,https://opendev.org/openstack/governance/src/branch/master/goals/proposed/remove-eventlet.rst
governance,openstack/governance,goals/proposed/remove-eventlet.rst,1094,"Other(""* https://github.com/eventlet/eventlet/pull/817"")",* https://github.com/eventlet/eventlet/pull/817,https://opendev.org/openstack/governance/src/branch/master/goals/proposed/remove-eventlet.rst
governance,openstack/governance,goals/proposed/remove-eventlet.rst,1095,"Other(""* https://github.com/eventlet/eventlet/pull/847"")",* https://github.com/eventlet/eventlet/pull/847,https://opendev.org/openstack/governance/src/branch/master/goals/proposed/remove-eventlet.rst
governance,openstack/governance,goals/proposed/remove-eventlet.rst,1096,"Other(""* https://github.com/eventlet/eventlet/pull/854"")",* https://github.com/eventlet/eventlet/pull/854,https://opendev.org/openstack/governance/src/branch/master/goals/proposed/remove-eventlet.rst
governance,openstack/governance,goals/proposed/remove-eventlet.rst,1100,"Other(""* https://github.com/eventlet/eventlet/issues/842"")",* https://github.com/eventlet/eventlet/issues/842,https://opendev.org/openstack/governance/src/branch/master/goals/proposed/remove-eventlet.rst
governance,openstack/governance,goals/proposed/remove-eventlet.rst,1101,"Other(""* https://github.com/eventlet/eventlet/issues/861"")",* https://github.com/eventlet/eventlet/issues/861,https://opendev.org/openstack/governance/src/branch/master/goals/proposed/remove-eventlet.rst
governance,openstack/governance,goals/proposed/remove-eventlet.rst,1102,"Other(""* https://pypi.org/project/eventlet/0.34.1/"")",* https://pypi.org/project/eventlet/0.34.1/,https://opendev.org/openstack/governance/src/branch/master/goals/proposed/remove-eventlet.rst
governance,openstack/governance,goals/proposed/remove-eventlet.rst,1103,"Other(""* https://pypi.org/project/eventlet/0.34.2/"")",* https://pypi.org/project/eventlet/0.34.2/,https://opendev.org/openstack/governance/src/branch/master/goals/proposed/remove-eventlet.rst
governance,openstack/governance,goals/proposed/remove-eventlet.rst,1155,"Other(""* https://github.com/eventlet/eventlet/issues/868"")",* https://github.com/eventlet/eventlet/issues/868,https://opendev.org/openstack/governance/src/branch/master/goals/proposed/remove-eventlet.rst
governance,openstack/governance,goals/proposed/remove-eventlet.rst,1159,"Other(""* https://github.com/eventlet/eventlet/issues/869"")",* https://github.com/eventlet/eventlet/issues/869,https://opendev.org/openstack/governance/src/branch/master/goals/proposed/remove-eventlet.rst
governance,openstack/governance,goals/proposed/remove-eventlet.rst,1160,"Other(""eventlet.readthedocs"")",* https://eventlet.readthedocs.io/en/latest/asyncio/migration.html#migration-guide,https://opendev.org/openstack/governance/src/branch/master/goals/proposed/remove-eventlet.rst
governance,openstack/governance,goals/proposed/remove-eventlet.rst,1429,"Other(""eventlet-removal"")",eventlet-removal,https://opendev.org/openstack/governance/src/branch/master/goals/proposed/remove-eventlet.rst
governance,openstack/governance,goals/proposed/remove-eventlet.rst,1458,"Other(""- `Replace eventlet + monkey-patching with threads"")","- `Replace eventlet + monkey-patching with threads, by Joshua Harlow <https://review.openstack.org/#/c/156711/>`_",https://opendev.org/openstack/governance/src/branch/master/goals/proposed/remove-eventlet.rst
governance,openstack/governance,goals/proposed/remove-eventlet.rst,1468,"Other(""- https://code.launchpad.net/~termie/nova/eventlet"")",- https://code.launchpad.net/~termie/nova/eventlet_merge/+merge/43383,https://opendev.org/openstack/governance/src/branch/master/goals/proposed/remove-eventlet.rst
governance,openstack/governance,goals/proposed/remove-eventlet.rst,1487,"Other(""eventlet.readthedocs"")",* https://eventlet.readthedocs.io/en/latest/modules/debug.html#eventlet.debug.hub_prevent_multiple_readers,https://opendev.org/openstack/governance/src/branch/master/goals/proposed/remove-eventlet.rst
governance,openstack/governance,goals/proposed/remove-eventlet.rst,1497,"Other(""* https://github.com/eventlet/eventlet/issues/874"")",* https://github.com/eventlet/eventlet/issues/874,https://opendev.org/openstack/governance/src/branch/master/goals/proposed/remove-eventlet.rst
governance,openstack/governance,goals/proposed/remove-eventlet.rst,1498,"Other(""* https://github.com/eventlet/eventlet/issues/432"")",* https://github.com/eventlet/eventlet/issues/432,https://opendev.org/openstack/governance/src/branch/master/goals/proposed/remove-eventlet.rst
governance,openstack/governance,goals/proposed/remove-eventlet.rst,1539,"Other(""- https://github.com/eventlet/eventlet/issues/824"")",- https://github.com/eventlet/eventlet/issues/824,https://opendev.org/openstack/governance/src/branch/master/goals/proposed/remove-eventlet.rst
governance,openstack/governance,goals/proposed/remove-eventlet.rst,1540,"Other(""- https://github.com/eventlet/eventlet/issues/824#"")",- https://github.com/eventlet/eventlet/issues/824#issuecomment-1853128741,https://opendev.org/openstack/governance/src/branch/master/goals/proposed/remove-eventlet.rst
governance,openstack/governance,goals/proposed/remove-eventlet.rst,1541,"Other(""- https://github.com/eventlet/eventlet/pull/827"")",- https://github.com/eventlet/eventlet/pull/827,https://opendev.org/openstack/governance/src/branch/master/goals/proposed/remove-eventlet.rst
governance,openstack/governance,goals/proposed/remove-eventlet.rst,1542,"Other(""- https://github.com/eventlet/eventlet/pull/831"")",- https://github.com/eventlet/eventlet/pull/831,https://opendev.org/openstack/governance/src/branch/master/goals/proposed/remove-eventlet.rst
governance,openstack/governance,goals/proposed/remove-eventlet.rst,1543,"Other(""- https://github.com/eventlet/eventlet/pull/832"")",- https://github.com/eventlet/eventlet/pull/832,https://opendev.org/openstack/governance/src/branch/master/goals/proposed/remove-eventlet.rst
governance,openstack/governance,goals/proposed/remove-eventlet.rst,1544,"Other(""- https://github.com/eventlet/eventlet/pull/817"")",- https://github.com/eventlet/eventlet/pull/817,https://opendev.org/openstack/governance/src/branch/master/goals/proposed/remove-eventlet.rst
governance,openstack/governance,goals/proposed/remove-eventlet.rst,1545,"Other(""- https://github.com/eventlet/eventlet/pull/847"")",- https://github.com/eventlet/eventlet/pull/847,https://opendev.org/openstack/governance/src/branch/master/goals/proposed/remove-eventlet.rst
governance,openstack/governance,goals/proposed/remove-eventlet.rst,1546,"Other(""- https://github.com/eventlet/eventlet/pull/854"")",- https://github.com/eventlet/eventlet/pull/854,https://opendev.org/openstack/governance/src/branch/master/goals/proposed/remove-eventlet.rst
governance,openstack/governance,goals/proposed/remove-eventlet.rst,1547,"Other(""- https://github.com/eventlet/eventlet/issues/842"")",- https://github.com/eventlet/eventlet/issues/842,https://opendev.org/openstack/governance/src/branch/master/goals/proposed/remove-eventlet.rst
governance,openstack/governance,goals/proposed/remove-eventlet.rst,1548,"Other(""- https://github.com/eventlet/eventlet/issues/861"")",- https://github.com/eventlet/eventlet/issues/861,https://opendev.org/openstack/governance/src/branch/master/goals/proposed/remove-eventlet.rst
governance,openstack/governance,goals/proposed/remove-eventlet.rst,1549,"Other(""- https://pypi.org/project/eventlet/0.34.1/"")",- https://pypi.org/project/eventlet/0.34.1/,https://opendev.org/openstack/governance/src/branch/master/goals/proposed/remove-eventlet.rst
governance,openstack/governance,goals/proposed/remove-eventlet.rst,1550,"Other(""- https://pypi.org/project/eventlet/0.34.2/"")",- https://pypi.org/project/eventlet/0.34.2/,https://opendev.org/openstack/governance/src/branch/master/goals/proposed/remove-eventlet.rst
governance,openstack/governance,reference/legacy.yaml,1197,"Other(""deb-python-aioeventlet:"")",deb-python-aioeventlet:,https://opendev.org/openstack/governance/src/branch/master/reference/legacy.yaml
governance,openstack/governance,reference/legacy.yaml,1199,"Other(""- openstack/deb-python-aioeventlet"")",- openstack/deb-python-aioeventlet,https://opendev.org/openstack/governance/src/branch/master/reference/legacy.yaml
governance,openstack/governance,reference/legacy.yaml,1323,"Other(""deb-python-eventlet:"")",deb-python-eventlet:,https://opendev.org/openstack/governance/src/branch/master/reference/legacy.yaml
governance,openstack/governance,reference/legacy.yaml,1325,"Other(""- openstack/deb-python-eventlet"")",- openstack/deb-python-eventlet,https://opendev.org/openstack/governance/src/branch/master/reference/legacy.yaml
hacking,openstack/hacking,HACKING.rst,96,Import,import eventlet,https://opendev.org/openstack/hacking/src/branch/master/HACKING.rst
hacking,openstack/hacking,test-requirements.txt,17,"Other(""eventlet!=0.18.3,!=0.20.1,>=0.18.2 # MIT"")","eventlet!=0.18.3,!=0.20.1,>=0.18.2 # MIT",https://opendev.org/openstack/hacking/src/branch/master/test-requirements.txt
heat,openstack/heat,.zuul.yaml,63,"Other(""eventlet_opts:"")",eventlet_opts:,https://opendev.org/openstack/heat/src/branch/master/.zuul.yaml
heat,openstack/heat,heat/cmd/all.py,21,Import,import eventlet,https://opendev.org/openstack/heat/src/branch/master/heat/cmd/all.py
heat,openstack/heat,heat/cmd/all.py,22,"Other(""eventlet.monkey_patch"")",eventlet.monkey_patch(os=False),https://opendev.org/openstack/heat/src/branch/master/heat/cmd/all.py
heat,openstack/heat,heat/cmd/all.py,65,Spawn,"threads.append(eventlet.spawn(launch_func, **kwargs))",https://opendev.org/openstack/heat/src/branch/master/heat/cmd/all.py
heat,openstack/heat,heat/cmd/api.py,21,Import,import eventlet,https://opendev.org/openstack/heat/src/branch/master/heat/cmd/api.py
heat,openstack/heat,heat/cmd/api.py,22,"Other(""eventlet.monkey_patch"")",eventlet.monkey_patch(os=False),https://opendev.org/openstack/heat/src/branch/master/heat/cmd/api.py
heat,openstack/heat,heat/cmd/api_cfn.py,23,Import,import eventlet,https://opendev.org/openstack/heat/src/branch/master/heat/cmd/api_cfn.py
heat,openstack/heat,heat/cmd/api_cfn.py,24,"Other(""eventlet.monkey_patch"")",eventlet.monkey_patch(os=False),https://opendev.org/openstack/heat/src/branch/master/heat/cmd/api_cfn.py
heat,openstack/heat,heat/cmd/engine.py,23,Import,import eventlet,https://opendev.org/openstack/heat/src/branch/master/heat/cmd/engine.py
heat,openstack/heat,heat/cmd/engine.py,24,MonkeyPatch,eventlet.monkey_patch(),https://opendev.org/openstack/heat/src/branch/master/heat/cmd/engine.py
heat,openstack/heat,heat/common/config.py,17,Import,from eventlet.green import socket,https://opendev.org/openstack/heat/src/branch/master/heat/common/config.py
heat,openstack/heat,heat/common/messaging.py,16,Import,import eventlet,https://opendev.org/openstack/heat/src/branch/master/heat/common/messaging.py
heat,openstack/heat,heat/common/messaging.py,98,"Other(""eventlet.monkey_patch"")",eventlet.monkey_patch(time=True),https://opendev.org/openstack/heat/src/branch/master/heat/common/messaging.py
heat,openstack/heat,heat/common/messaging.py,129,Executor,"executor='eventlet',",https://opendev.org/openstack/heat/src/branch/master/heat/common/messaging.py
heat,openstack/heat,heat/common/wsgi.py,28,Import,import eventlet,https://opendev.org/openstack/heat/src/branch/master/heat/common/wsgi.py
heat,openstack/heat,heat/common/wsgi.py,29,Import,from eventlet.green import socket,https://opendev.org/openstack/heat/src/branch/master/heat/common/wsgi.py
heat,openstack/heat,heat/common/wsgi.py,30,Import,from eventlet.green import ssl,https://opendev.org/openstack/heat/src/branch/master/heat/common/wsgi.py
heat,openstack/heat,heat/common/wsgi.py,31,Import,import eventlet.greenio,https://opendev.org/openstack/heat/src/branch/master/heat/common/wsgi.py
heat,openstack/heat,heat/common/wsgi.py,32,Wsgi,import eventlet.wsgi,https://opendev.org/openstack/heat/src/branch/master/heat/common/wsgi.py
heat,openstack/heat,heat/common/wsgi.py,144,"Other(""wsgi_elt_group = cfg.OptGroup('eventlet_opts')"")",wsgi_elt_group = cfg.OptGroup('eventlet_opts'),https://opendev.org/openstack/heat/src/branch/master/heat/common/wsgi.py
heat,openstack/heat,heat/common/wsgi.py,159,"Other(""yield 'eventlet_opts', wsgi_elt_opts"")","yield 'eventlet_opts', wsgi_elt_opts",https://opendev.org/openstack/heat/src/branch/master/heat/common/wsgi.py
heat,openstack/heat,heat/common/wsgi.py,199,Listen,"sock = eventlet.listen(bind_addr,",https://opendev.org/openstack/heat/src/branch/master/heat/common/wsgi.py
heat,openstack/heat,heat/common/wsgi.py,205,Sleep,eventlet.sleep(0.1),https://opendev.org/openstack/heat/src/branch/master/heat/common/wsgi.py
heat,openstack/heat,heat/common/wsgi.py,219,Wsgi,"self._logger = logging.getLogger(""eventlet.wsgi.server"")",https://opendev.org/openstack/heat/src/branch/master/heat/common/wsgi.py
heat,openstack/heat,heat/common/wsgi.py,253,Wsgi,eventlet.wsgi.MAX_HEADER_LINE = self.conf.max_header_line,https://opendev.org/openstack/heat/src/branch/master/heat/common/wsgi.py
heat,openstack/heat,heat/common/wsgi.py,267,Pool,self.pool = eventlet.GreenPool(size=self.threads),https://opendev.org/openstack/heat/src/branch/master/heat/common/wsgi.py
heat,openstack/heat,heat/common/wsgi.py,280,"Other(""eventlet.greenio"")","self.readpipe = eventlet.greenio.GreenPipe(rfd, 'r')",https://opendev.org/openstack/heat/src/branch/master/heat/common/wsgi.py
heat,openstack/heat,heat/common/wsgi.py,302,"Other(""eventlet.greenio"")",eventlet.greenio.shutdown_safe(self.sock),https://opendev.org/openstack/heat/src/branch/master/heat/common/wsgi.py
heat,openstack/heat,heat/common/wsgi.py,456,Wsgi,eventlet.wsgi.is_accepting = False,https://opendev.org/openstack/heat/src/branch/master/heat/common/wsgi.py
heat,openstack/heat,heat/common/wsgi.py,496,Wsgi,eventlet.wsgi.is_accepting = False,https://opendev.org/openstack/heat/src/branch/master/heat/common/wsgi.py
heat,openstack/heat,heat/common/wsgi.py,502,Wsgi,"eventlet.wsgi.HttpProtocol.default_request_version = ""HTTP/1.0""",https://opendev.org/openstack/heat/src/branch/master/heat/common/wsgi.py
heat,openstack/heat,heat/common/wsgi.py,503,"Other(""eventlet.hubs"")",eventlet.hubs.use_hub('poll'),https://opendev.org/openstack/heat/src/branch/master/heat/common/wsgi.py
heat,openstack/heat,heat/common/wsgi.py,504,"Other(""eventlet.patcher"")","eventlet.patcher.monkey_patch(all=False, socket=True)",https://opendev.org/openstack/heat/src/branch/master/heat/common/wsgi.py
heat,openstack/heat,heat/common/wsgi.py,505,Pool,self.pool = eventlet.GreenPool(size=self.threads),https://opendev.org/openstack/heat/src/branch/master/heat/common/wsgi.py
heat,openstack/heat,heat/common/wsgi.py,506,"Other(""socket_timeout = cfg.CONF.eventlet_opts.client_soc"")",socket_timeout = cfg.CONF.eventlet_opts.client_socket_timeout or None,https://opendev.org/openstack/heat/src/branch/master/heat/common/wsgi.py
heat,openstack/heat,heat/common/wsgi.py,511,"Other(""eventlet.spawn_n"")",eventlet.spawn_n(self._pipe_watcher),https://opendev.org/openstack/heat/src/branch/master/heat/common/wsgi.py
heat,openstack/heat,heat/common/wsgi.py,514,Wsgi,eventlet.wsgi.server(,https://opendev.org/openstack/heat/src/branch/master/heat/common/wsgi.py
heat,openstack/heat,heat/common/wsgi.py,521,"Other(""keepalive=cfg.CONF.eventlet_opts.wsgi_keep_alive,"")","keepalive=cfg.CONF.eventlet_opts.wsgi_keep_alive,",https://opendev.org/openstack/heat/src/branch/master/heat/common/wsgi.py
heat,openstack/heat,heat/common/wsgi.py,531,Wsgi,"eventlet.wsgi.server(sock, application,",https://opendev.org/openstack/heat/src/branch/master/heat/common/wsgi.py
heat,openstack/heat,heat/engine/check_resource.py,16,Import,import eventlet.queue,https://opendev.org/openstack/heat/src/branch/master/heat/engine/check_resource.py
heat,openstack/heat,heat/engine/check_resource.py,370,"Other(""eventlet.queue"")",except eventlet.queue.Empty:,https://opendev.org/openstack/heat/src/branch/master/heat/engine/check_resource.py
heat,openstack/heat,heat/engine/constraint/common_constraints.py,15,Import,import eventlet,https://opendev.org/openstack/heat/src/branch/master/heat/engine/constraint/common_constraints.py
heat,openstack/heat,heat/engine/constraint/common_constraints.py,30,Sleep,eventlet.sleep(value),https://opendev.org/openstack/heat/src/branch/master/heat/engine/constraint/common_constraints.py
heat,openstack/heat,heat/engine/resources/openstack/nova/server_network_mixin.py,16,Import,import eventlet,https://opendev.org/openstack/heat/src/branch/master/heat/engine/resources/openstack/nova/server_network_mixin.py
heat,openstack/heat,heat/engine/resources/openstack/nova/server_network_mixin.py,622,Sleep,eventlet.sleep(1),https://opendev.org/openstack/heat/src/branch/master/heat/engine/resources/openstack/nova/server_network_mixin.py
heat,openstack/heat,heat/engine/scheduler.py,17,Import,import eventlet,https://opendev.org/openstack/heat/src/branch/master/heat/engine/scheduler.py
heat,openstack/heat,heat/engine/scheduler.py,147,Sleep,eventlet.sleep(wait_time),https://opendev.org/openstack/heat/src/branch/master/heat/engine/scheduler.py
heat,openstack/heat,heat/engine/service.py,25,Import,import eventlet,https://opendev.org/openstack/heat/src/branch/master/heat/engine/service.py
heat,openstack/heat,heat/engine/service.py,259,Sleep,eventlet.sleep(),https://opendev.org/openstack/heat/src/branch/master/heat/engine/service.py
heat,openstack/heat,heat/engine/service.py,268,"Other(""eventlet.queue"")",self._queue = eventlet.queue.LightQueue(1),https://opendev.org/openstack/heat/src/branch/master/heat/engine/service.py
heat,openstack/heat,heat/engine/service.py,286,Sleep,eventlet.sleep(0),https://opendev.org/openstack/heat/src/branch/master/heat/engine/service.py
heat,openstack/heat,heat/engine/service.py,294,"Other(""eventlet.queue"")",except eventlet.queue.Empty:,https://opendev.org/openstack/heat/src/branch/master/heat/engine/service.py
heat,openstack/heat,heat/engine/service.py,875,"Other(""eventlet.queue"")",msg_queue = eventlet.queue.LightQueue(),https://opendev.org/openstack/heat/src/branch/master/heat/engine/service.py
heat,openstack/heat,heat/engine/service.py,1061,"Other(""eventlet.queue"")",msg_queue = eventlet.queue.LightQueue(),https://opendev.org/openstack/heat/src/branch/master/heat/engine/service.py
heat,openstack/heat,heat/engine/service.py,1522,Sleep,eventlet.sleep(1.0),https://opendev.org/openstack/heat/src/branch/master/heat/engine/service.py
heat,openstack/heat,heat/engine/stack.py,17,Import,import eventlet,https://opendev.org/openstack/heat/src/branch/master/heat/engine/stack.py
heat,openstack/heat,heat/engine/stack.py,987,Sleep,eventlet.sleep(0),https://opendev.org/openstack/heat/src/branch/master/heat/engine/stack.py
heat,openstack/heat,heat/engine/stack.py,1513,Sleep,eventlet.sleep(1),https://opendev.org/openstack/heat/src/branch/master/heat/engine/stack.py
heat,openstack/heat,heat/engine/stack.py,1836,"Other(""eventlet.queue"")",except eventlet.queue.Empty:,https://opendev.org/openstack/heat/src/branch/master/heat/engine/stack.py
heat,openstack/heat,heat/engine/worker.py,16,Import,import eventlet.queue,https://opendev.org/openstack/heat/src/branch/master/heat/engine/worker.py
heat,openstack/heat,heat/engine/worker.py,185,"Other(""eventlet.queue"")",msg_queue = eventlet.queue.LightQueue(),https://opendev.org/openstack/heat/src/branch/master/heat/engine/worker.py
heat,openstack/heat,heat/engine/worker.py,254,Sleep,eventlet.sleep(wait),https://opendev.org/openstack/heat/src/branch/master/heat/engine/worker.py
heat,openstack/heat,requirements.txt,5,"Other(""eventlet>=0.27.0 # MIT"")",eventlet>=0.27.0 # MIT,https://opendev.org/openstack/heat/src/branch/master/requirements.txt
heat-specs,openstack/heat-specs,specs/liberty/heat-python34-support.rst,28,"Other(""was eventlet and now that eventlet fully supports "")","was eventlet and now that eventlet fully supports python3, it is possible",https://opendev.org/openstack/heat-specs/src/branch/master/specs/liberty/heat-python34-support.rst
heat-templates,openstack/heat-templates,.zuul.yaml,32,"Other(""eventlet_opts:"")",eventlet_opts:,https://opendev.org/openstack/heat-templates/src/branch/master/.zuul.yaml
ironic,openstack/ironic,doc/source/admin/gmr.rst,11,"Other(""and more. The eventlet backdoor facility provides "")",and more. The eventlet backdoor facility provides an interactive shell,https://opendev.org/openstack/ironic/src/branch/master/doc/source/admin/gmr.rst
ironic,openstack/ironic,doc/source/admin/gmr.rst,12,"Other(""interface for any eventlet based process, allowing"")","interface for any eventlet based process, allowing an administrator to",https://opendev.org/openstack/ironic/src/branch/master/doc/source/admin/gmr.rst
ironic,openstack/ironic,doc/source/admin/report.txt,20,"Other(""/usr/local/lib/python2.7/dist-packages/eventlet/hu"")",/usr/local/lib/python2.7/dist-packages/eventlet/hubs/hub.py:346 in run,https://opendev.org/openstack/ironic/src/branch/master/doc/source/admin/report.txt
ironic,openstack/ironic,doc/source/admin/report.txt,23,"Other(""/usr/local/lib/python2.7/dist-packages/eventlet/hu"")",/usr/local/lib/python2.7/dist-packages/eventlet/hubs/poll.py:82 in wait,https://opendev.org/openstack/ironic/src/branch/master/doc/source/admin/report.txt
ironic,openstack/ironic,doc/source/admin/report.txt,41,"Other(""eventlet.greenthread"")",`eventlet.greenthread.sleep(self.wait_interval)`,https://opendev.org/openstack/ironic/src/branch/master/doc/source/admin/report.txt
ironic,openstack/ironic,doc/source/admin/report.txt,43,"Other(""/usr/local/lib/python2.7/dist-packages/eventlet/gr"")",/usr/local/lib/python2.7/dist-packages/eventlet/greenthread.py:34 in sleep,https://opendev.org/openstack/ironic/src/branch/master/doc/source/admin/report.txt
ironic,openstack/ironic,doc/source/admin/report.txt,46,"Other(""/usr/local/lib/python2.7/dist-packages/eventlet/hu"")",/usr/local/lib/python2.7/dist-packages/eventlet/hubs/hub.py:294 in switch,https://opendev.org/openstack/ironic/src/branch/master/doc/source/admin/report.txt
ironic,openstack/ironic,doc/source/admin/report.txt,231,Wsgi,eventlet.wsgi.server=INFO,https://opendev.org/openstack/ironic/src/branch/master/doc/source/admin/report.txt
ironic,openstack/ironic,doc/source/admin/tuning.rst,159,"Other(""eventlet.net"")",.. _eventlet: https://eventlet.net/,https://opendev.org/openstack/ironic/src/branch/master/doc/source/admin/tuning.rst
ironic,openstack/ironic,doc/source/conf.py,17,Import,import eventlet,https://opendev.org/openstack/ironic/src/branch/master/doc/source/conf.py
ironic,openstack/ironic,doc/source/conf.py,22,"Other(""eventlet.monkey_patch"")",eventlet.monkey_patch(subprocess=True),https://opendev.org/openstack/ironic/src/branch/master/doc/source/conf.py
ironic,openstack/ironic,ironic/cmd/__init__.py,15,Import,import eventlet,https://opendev.org/openstack/ironic/src/branch/master/ironic/cmd/__init__.py
ironic,openstack/ironic,ironic/cmd/__init__.py,17,MonkeyPatch,eventlet.monkey_patch(),https://opendev.org/openstack/ironic/src/branch/master/ironic/cmd/__init__.py
ironic,openstack/ironic,ironic/common/rpc.py,137,Executor,"executor='eventlet',",https://opendev.org/openstack/ironic/src/branch/master/ironic/common/rpc.py
ironic,openstack/ironic,ironic/conductor/base_manager.py,19,Import,import eventlet,https://opendev.org/openstack/ironic/src/branch/master/ironic/conductor/base_manager.py
ironic,openstack/ironic,ironic/conductor/base_manager.py,665,Sleep,eventlet.sleep(0),https://opendev.org/openstack/ironic/src/branch/master/ironic/conductor/base_manager.py
ironic,openstack/ironic,ironic/conductor/manager.py,46,Import,import eventlet,https://opendev.org/openstack/ironic/src/branch/master/ironic/conductor/manager.py
ironic,openstack/ironic,ironic/conductor/manager.py,1564,Sleep,eventlet.sleep(0),https://opendev.org/openstack/ironic/src/branch/master/ironic/conductor/manager.py
ironic,openstack/ironic,ironic/conductor/manager.py,2708,Sleep,eventlet.sleep(0),https://opendev.org/openstack/ironic/src/branch/master/ironic/conductor/manager.py
ironic,openstack/ironic,ironic/conductor/manager.py,3699,Sleep,eventlet.sleep(0),https://opendev.org/openstack/ironic/src/branch/master/ironic/conductor/manager.py
ironic,openstack/ironic,ironic/conductor/periodics.py,19,Import,import eventlet,https://opendev.org/openstack/ironic/src/branch/master/ironic/conductor/periodics.py
ironic,openstack/ironic,ironic/conductor/periodics.py,162,Sleep,eventlet.sleep(0),https://opendev.org/openstack/ironic/src/branch/master/ironic/conductor/periodics.py
ironic,openstack/ironic,ironic/conf/opts.py,82,Wsgi,"'eventlet.wsgi.server=INFO',",https://opendev.org/openstack/ironic/src/branch/master/ironic/conf/opts.py
ironic,openstack/ironic,ironic/drivers/modules/inspector/interface.py,20,Import,import eventlet,https://opendev.org/openstack/ironic/src/branch/master/ironic/drivers/modules/inspector/interface.py
ironic,openstack/ironic,ironic/drivers/modules/inspector/interface.py,251,"Other(""eventlet.spawn_n"")","eventlet.spawn_n(_start_inspection, task.node.uuid, task.context)",https://opendev.org/openstack/ironic/src/branch/master/ironic/drivers/modules/inspector/interface.py
ironic,openstack/ironic,ironic/drivers/modules/ipmitool.py,39,Import,from eventlet.green import subprocess as green_subprocess,https://opendev.org/openstack/ironic/src/branch/master/ironic/drivers/modules/ipmitool.py
ironic,openstack/ironic,ironic/pxe_filter/service.py,16,Import,import eventlet,https://opendev.org/openstack/ironic/src/branch/master/ironic/pxe_filter/service.py
ironic,openstack/ironic,ironic/pxe_filter/service.py,17,Import,from eventlet import event,https://opendev.org/openstack/ironic/src/branch/master/ironic/pxe_filter/service.py
ironic,openstack/ironic,ironic/pxe_filter/service.py,56,"Other(""eventlet.spawn_after"")","self._thread = eventlet.spawn_after(_START_DELAY, self._periodic_sync)",https://opendev.org/openstack/ironic/src/branch/master/ironic/pxe_filter/service.py
ironic,openstack/ironic,ironic/pxe_filter/service.py,61,Sleep,eventlet.sleep(0),https://opendev.org/openstack/ironic/src/branch/master/ironic/pxe_filter/service.py
ironic,openstack/ironic,releasenotes/notes/agent-last-command-4ec6967c995ba84a.yaml,5,"Other(""sporadically happens before of the eventlet's TLS "")","sporadically happens before of the eventlet's TLS implementation), we",https://opendev.org/openstack/ironic/src/branch/master/releasenotes/notes/agent-last-command-4ec6967c995ba84a.yaml
ironic,openstack/ironic,releasenotes/notes/logging-keystoneauth-9db7e56c54c2473d.yaml,5,Wsgi,- Log eventlet.wsgi.server events with a proper logger name and ignore DEBUG,https://opendev.org/openstack/ironic/src/branch/master/releasenotes/notes/logging-keystoneauth-9db7e56c54c2473d.yaml
ironic,openstack/ironic,requirements.txt,9,"Other(""eventlet>=0.30.1 # MIT"")",eventlet>=0.30.1 # MIT,https://opendev.org/openstack/ironic/src/branch/master/requirements.txt
ironic-inspector,openstack/ironic-inspector,ironic_inspector/cmd/__init__.py,13,Import,import eventlet,https://opendev.org/openstack/ironic-inspector/src/branch/master/ironic_inspector/cmd/__init__.py
ironic-inspector,openstack/ironic-inspector,ironic_inspector/cmd/__init__.py,14,MonkeyPatch,eventlet.monkey_patch(),https://opendev.org/openstack/ironic-inspector/src/branch/master/ironic_inspector/cmd/__init__.py
ironic-inspector,openstack/ironic-inspector,ironic_inspector/common/rpc.py,53,Executor,"TRANSPORT, target, endpoints, executor='eventlet',",https://opendev.org/openstack/ironic-inspector/src/branch/master/ironic_inspector/common/rpc.py
ironic-inspector,openstack/ironic-inspector,ironic_inspector/conductor/manager.py,17,Import,from eventlet import semaphore,https://opendev.org/openstack/ironic-inspector/src/branch/master/ironic_inspector/conductor/manager.py
ironic-inspector,openstack/ironic-inspector,ironic_inspector/introspect.py,18,Import,from eventlet import semaphore,https://opendev.org/openstack/ironic-inspector/src/branch/master/ironic_inspector/introspect.py
ironic-inspector,openstack/ironic-inspector,ironic_inspector/pxe_filter/base.py,23,Import,from eventlet import semaphore,https://opendev.org/openstack/ironic-inspector/src/branch/master/ironic_inspector/pxe_filter/base.py
ironic-inspector,openstack/ironic-inspector,ironic_inspector/pxe_filter/iptables.py,105,"Other(""function. This function is using ``eventlet`` sema"")",function. This function is using ``eventlet`` semaphore to serialize,https://opendev.org/openstack/ironic-inspector/src/branch/master/ironic_inspector/pxe_filter/iptables.py
ironic-inspector,openstack/ironic-inspector,releasenotes/notes/fix-CalledProcessError-on-startup-28d9dbed85a81542.yaml,5,"Other(""The issue is caused by eventlet bug, see:"")","The issue is caused by eventlet bug, see:",https://opendev.org/openstack/ironic-inspector/src/branch/master/releasenotes/notes/fix-CalledProcessError-on-startup-28d9dbed85a81542.yaml
ironic-inspector,openstack/ironic-inspector,releasenotes/notes/fix-CalledProcessError-on-startup-28d9dbed85a81542.yaml,6,"Other(""https://github.com/eventlet/eventlet/issues/357"")",https://github.com/eventlet/eventlet/issues/357,https://opendev.org/openstack/ironic-inspector/src/branch/master/releasenotes/notes/fix-CalledProcessError-on-startup-28d9dbed85a81542.yaml
ironic-inspector,openstack/ironic-inspector,releasenotes/notes/handle_eventlet_wsgi_evil_override-3905c6eef0ad7fa3.yaml,9,"Other(""`eventlet <https://github.com/eventlet/eventlet/is"")",`eventlet <https://github.com/eventlet/eventlet/issues/746>`_ is resolved.,https://opendev.org/openstack/ironic-inspector/src/branch/master/releasenotes/notes/handle_eventlet_wsgi_evil_override-3905c6eef0ad7fa3.yaml
ironic-inspector,openstack/ironic-inspector,releasenotes/source/locale/en_GB/LC_MESSAGES/releasenotes.po,998,"Other(""\""up. The issue is caused by eventlet bug, see: htt"")","""up. The issue is caused by eventlet bug, see: https://github.com/eventlet/""",https://opendev.org/openstack/ironic-inspector/src/branch/master/releasenotes/source/locale/en_GB/LC_MESSAGES/releasenotes.po
ironic-inspector,openstack/ironic-inspector,releasenotes/source/locale/en_GB/LC_MESSAGES/releasenotes.po,999,"Other(""\""eventlet/issues/357 The issue affects *ironic-ins"")","""eventlet/issues/357 The issue affects *ironic-inspector* only if it manages """,https://opendev.org/openstack/ironic-inspector/src/branch/master/releasenotes/source/locale/en_GB/LC_MESSAGES/releasenotes.po
ironic-inspector,openstack/ironic-inspector,releasenotes/source/locale/en_GB/LC_MESSAGES/releasenotes.po,1003,"Other(""\""up. The issue is caused by eventlet bug, see: htt"")","""up. The issue is caused by eventlet bug, see: https://github.com/eventlet/""",https://opendev.org/openstack/ironic-inspector/src/branch/master/releasenotes/source/locale/en_GB/LC_MESSAGES/releasenotes.po
ironic-inspector,openstack/ironic-inspector,releasenotes/source/locale/en_GB/LC_MESSAGES/releasenotes.po,1004,"Other(""\""eventlet/issues/357 The issue affects *ironic-ins"")","""eventlet/issues/357 The issue affects *ironic-inspector* only if it manages """,https://opendev.org/openstack/ironic-inspector/src/branch/master/releasenotes/source/locale/en_GB/LC_MESSAGES/releasenotes.po
ironic-inspector,openstack/ironic-inspector,releasenotes/source/locale/en_GB/LC_MESSAGES/releasenotes.po,2647,"Other(""\""in `eventlet <https://github.com/eventlet/eventle"")","""in `eventlet <https://github.com/eventlet/eventlet/issues/746>`_ is resolved.""",https://opendev.org/openstack/ironic-inspector/src/branch/master/releasenotes/source/locale/en_GB/LC_MESSAGES/releasenotes.po
ironic-inspector,openstack/ironic-inspector,releasenotes/source/locale/en_GB/LC_MESSAGES/releasenotes.po,2653,"Other(""\""in `eventlet <https://github.com/eventlet/eventle"")","""in `eventlet <https://github.com/eventlet/eventlet/issues/746>`_ is resolved.""",https://opendev.org/openstack/ironic-inspector/src/branch/master/releasenotes/source/locale/en_GB/LC_MESSAGES/releasenotes.po
ironic-inspector,openstack/ironic-inspector,requirements.txt,8,"Other(""eventlet>=0.27.0 # MIT"")",eventlet>=0.27.0 # MIT,https://opendev.org/openstack/ironic-inspector/src/branch/master/requirements.txt
ironic-python-agent,openstack/ironic-python-agent,ironic_python_agent/__init__.py,13,Import,import eventlet,https://opendev.org/openstack/ironic-python-agent/src/branch/master/ironic_python_agent/__init__.py
ironic-python-agent,openstack/ironic-python-agent,ironic_python_agent/__init__.py,19,"Other(""eventlet.monkey_patch"")","eventlet.monkey_patch(all=False, socket=True)",https://opendev.org/openstack/ironic-python-agent/src/branch/master/ironic_python_agent/__init__.py
ironic-python-agent,openstack/ironic-python-agent,ironic_python_agent/agent.py,23,Import,import eventlet,https://opendev.org/openstack/ironic-python-agent/src/branch/master/ironic_python_agent/agent.py
ironic-python-agent,openstack/ironic-python-agent,ironic_python_agent/agent.py,111,Sleep,eventlet.sleep(0),https://opendev.org/openstack/ironic-python-agent/src/branch/master/ironic_python_agent/agent.py
ironic-python-agent,openstack/ironic-python-agent,ironic_python_agent/agent.py,450,Sleep,eventlet.sleep(0.1),https://opendev.org/openstack/ironic-python-agent/src/branch/master/ironic_python_agent/agent.py
ironic-python-agent,openstack/ironic-python-agent,releasenotes/notes/fix-high-cpu-usage-eventlet-1dccf3b81dd42c47.yaml,7,Sleep,Using eventlet.sleep(0.1) instead of eventlet.sleep(0) gives other processes,https://opendev.org/openstack/ironic-python-agent/src/branch/master/releasenotes/notes/fix-high-cpu-usage-eventlet-1dccf3b81dd42c47.yaml
ironic-python-agent,openstack/ironic-python-agent,requirements.txt,2,"Other(""eventlet>=0.18.2 # MIT"")",eventlet>=0.18.2 # MIT,https://opendev.org/openstack/ironic-python-agent/src/branch/master/requirements.txt
ironic-specs,openstack/ironic-specs,specs/kilo-implemented/driver-periodic-tasks.rst,46,"Other(""eventlet.greenthread"")",``eventlet.greenthread.spawn_n`` to make it run in a new thread. It will,https://opendev.org/openstack/ironic-specs/src/branch/master/specs/kilo-implemented/driver-periodic-tasks.rst
keystone,openstack/keystone,releasenotes/notes/deprecated-as-of-stein-0166965502cb3be2.yaml,5,"Other(""`pydev-debug-port` are only used by Keystone event"")",`pydev-debug-port` are only used by Keystone eventlet model in Newton,https://opendev.org/openstack/keystone/src/branch/master/releasenotes/notes/deprecated-as-of-stein-0166965502cb3be2.yaml
keystone,openstack/keystone,releasenotes/notes/eventlet-cleanup-f35fc5f83c16ea1c.yaml,6,"Other(""- ``[eventlet_server] public_bind_host``"")",- ``[eventlet_server] public_bind_host``,https://opendev.org/openstack/keystone/src/branch/master/releasenotes/notes/eventlet-cleanup-f35fc5f83c16ea1c.yaml
keystone,openstack/keystone,releasenotes/notes/eventlet-cleanup-f35fc5f83c16ea1c.yaml,7,"Other(""- ``[eventlet_server] public_bind_port``"")",- ``[eventlet_server] public_bind_port``,https://opendev.org/openstack/keystone/src/branch/master/releasenotes/notes/eventlet-cleanup-f35fc5f83c16ea1c.yaml
keystone,openstack/keystone,releasenotes/notes/eventlet-cleanup-f35fc5f83c16ea1c.yaml,8,"Other(""- ``[eventlet_server] public_admin_host``"")",- ``[eventlet_server] public_admin_host``,https://opendev.org/openstack/keystone/src/branch/master/releasenotes/notes/eventlet-cleanup-f35fc5f83c16ea1c.yaml
keystone,openstack/keystone,releasenotes/notes/eventlet-cleanup-f35fc5f83c16ea1c.yaml,9,"Other(""- ``[eventlet_server] public_admin_port``"")",- ``[eventlet_server] public_admin_port``,https://opendev.org/openstack/keystone/src/branch/master/releasenotes/notes/eventlet-cleanup-f35fc5f83c16ea1c.yaml
keystone,openstack/keystone,releasenotes/notes/eventlet-cleanup-f35fc5f83c16ea1c.yaml,13,"Other(""used by Keystone eventlet model which was removed "")",used by Keystone eventlet model which was removed in Newton release.,https://opendev.org/openstack/keystone/src/branch/master/releasenotes/notes/eventlet-cleanup-f35fc5f83c16ea1c.yaml
keystone,openstack/keystone,releasenotes/notes/removed-as-of-newton-721c06b5dcb1b34a.yaml,10,"Other(""Removed ``[eventlet_server]`` and ``[eventlet_serv"")",Removed ``[eventlet_server]`` and ``[eventlet_server_ssl]`` sections from,https://opendev.org/openstack/keystone/src/branch/master/releasenotes/notes/removed-as-of-newton-721c06b5dcb1b34a.yaml
keystone,openstack/keystone,releasenotes/notes/removed-as-of-newton-721c06b5dcb1b34a.yaml,14,"Other(""Removed support for running keystone under eventle"")",Removed support for running keystone under eventlet. It is recommended to,https://opendev.org/openstack/keystone/src/branch/master/releasenotes/notes/removed-as-of-newton-721c06b5dcb1b34a.yaml
keystone,openstack/keystone,releasenotes/source/locale/en_GB/LC_MESSAGES/releasenotes.po,977,"Other(""\""Running keystone in eventlet remains deprecated a"")","""Running keystone in eventlet remains deprecated and will be removed in the """,https://opendev.org/openstack/keystone/src/branch/master/releasenotes/source/locale/en_GB/LC_MESSAGES/releasenotes.po
keystone,openstack/keystone,releasenotes/source/locale/en_GB/LC_MESSAGES/releasenotes.po,980,"Other(""\""Running Keystone in eventlet remains deprecated a"")","""Running Keystone in eventlet remains deprecated and will be removed in the """,https://opendev.org/openstack/keystone/src/branch/master/releasenotes/source/locale/en_GB/LC_MESSAGES/releasenotes.po
keystone,openstack/keystone,releasenotes/source/locale/en_GB/LC_MESSAGES/releasenotes.po,2007,"Other(""msgid \""``[eventlet_server] public_bind_host``\"""")","msgid ""``[eventlet_server] public_bind_host``""",https://opendev.org/openstack/keystone/src/branch/master/releasenotes/source/locale/en_GB/LC_MESSAGES/releasenotes.po
keystone,openstack/keystone,releasenotes/source/locale/en_GB/LC_MESSAGES/releasenotes.po,2008,"Other(""msgstr \""``[eventlet_server] public_bind_host``\"""")","msgstr ""``[eventlet_server] public_bind_host``""",https://opendev.org/openstack/keystone/src/branch/master/releasenotes/source/locale/en_GB/LC_MESSAGES/releasenotes.po
keystone,openstack/keystone,releasenotes/source/locale/en_GB/LC_MESSAGES/releasenotes.po,2010,"Other(""msgid \""``[eventlet_server] public_bind_port``\"""")","msgid ""``[eventlet_server] public_bind_port``""",https://opendev.org/openstack/keystone/src/branch/master/releasenotes/source/locale/en_GB/LC_MESSAGES/releasenotes.po
keystone,openstack/keystone,releasenotes/source/locale/en_GB/LC_MESSAGES/releasenotes.po,2011,"Other(""msgstr \""``[eventlet_server] public_bind_port``\"""")","msgstr ""``[eventlet_server] public_bind_port``""",https://opendev.org/openstack/keystone/src/branch/master/releasenotes/source/locale/en_GB/LC_MESSAGES/releasenotes.po
keystone,openstack/keystone,releasenotes/source/locale/ja/LC_MESSAGES/releasenotes.po,521,"Other(""\""Running keystone in eventlet remains deprecated a"")","""Running keystone in eventlet remains deprecated and will be removed in the """,https://opendev.org/openstack/keystone/src/branch/master/releasenotes/source/locale/ja/LC_MESSAGES/releasenotes.po
keystone,openstack/keystone,releasenotes/source/locale/ja/LC_MESSAGES/releasenotes.po,1857,"Other(""\""+spec/removed-as-of-newton>`_] Removed ``[eventle"")","""+spec/removed-as-of-newton>`_] Removed ``[eventlet_server]`` and """,https://opendev.org/openstack/keystone/src/branch/master/releasenotes/source/locale/ja/LC_MESSAGES/releasenotes.po
keystone,openstack/keystone,releasenotes/source/locale/ja/LC_MESSAGES/releasenotes.po,1858,"Other(""\""``[eventlet_server_ssl]`` sections from the `keys"")","""``[eventlet_server_ssl]`` sections from the `keystone.conf`.""",https://opendev.org/openstack/keystone/src/branch/master/releasenotes/source/locale/ja/LC_MESSAGES/releasenotes.po
keystone,openstack/keystone,releasenotes/source/locale/ja/LC_MESSAGES/releasenotes.po,1861,"Other(""\""+spec/removed-as-of-newton>`_] ``[eventlet_server"")","""+spec/removed-as-of-newton>`_] ``[eventlet_server]`` と """,https://opendev.org/openstack/keystone/src/branch/master/releasenotes/source/locale/ja/LC_MESSAGES/releasenotes.po
keystone,openstack/keystone,releasenotes/source/locale/ja/LC_MESSAGES/releasenotes.po,1862,"Other(""\""``[eventlet_server_ssl]`` セクションが `keystone.conf` "")","""``[eventlet_server_ssl]`` セクションが `keystone.conf` から削除されました。""",https://opendev.org/openstack/keystone/src/branch/master/releasenotes/source/locale/ja/LC_MESSAGES/releasenotes.po
keystone,openstack/keystone,releasenotes/source/locale/ja/LC_MESSAGES/releasenotes.po,1875,"Other(""\""eventlet. It is recommended to run keystone in an"")","""eventlet. It is recommended to run keystone in an HTTP server.""",https://opendev.org/openstack/keystone/src/branch/master/releasenotes/source/locale/ja/LC_MESSAGES/releasenotes.po
keystone-specs,openstack/keystone-specs,specs/keystone/liberty/keystone-tokenless-authz-with-x509-ssl-client-cert.rst,157,"Other(""standalone eventlet-based Keystone does not parse "")",standalone eventlet-based Keystone does not parse or convey X.509 client,https://opendev.org/openstack/keystone-specs/src/branch/master/specs/keystone/liberty/keystone-tokenless-authz-with-x509-ssl-client-cert.rst
keystone-specs,openstack/keystone-specs,superseded/functional-testing-setup.rst,69,"Other(""type of deployment (eventlet, Apache, federation, "")","type of deployment (eventlet, Apache, federation, etc)",https://opendev.org/openstack/keystone-specs/src/branch/master/superseded/functional-testing-setup.rst
keystone-specs,openstack/keystone-specs,superseded/functional-testing-setup.rst,99,"Other(""* eventlet - deploy on eventlet"")",* eventlet - deploy on eventlet,https://opendev.org/openstack/keystone-specs/src/branch/master/superseded/functional-testing-setup.rst
keystonemiddleware,openstack/keystonemiddleware,keystonemiddleware/auth_token/_cache.py,88,"Other(""\""\""\""An advanced memcached client pool that is event"")","""""""An advanced memcached client pool that is eventlet safe.""""""",https://opendev.org/openstack/keystonemiddleware/src/branch/master/keystonemiddleware/auth_token/_cache.py
keystonemiddleware,openstack/keystonemiddleware,keystonemiddleware/auth_token/_cache.py,154,"Other(""\""Using the eventlet-unsafe cache pool is deprecate"")","""Using the eventlet-unsafe cache pool is deprecated.""",https://opendev.org/openstack/keystonemiddleware/src/branch/master/keystonemiddleware/auth_token/_cache.py
keystonemiddleware,openstack/keystonemiddleware,keystonemiddleware/auth_token/_cache.py,155,"Other(""\""It is recommended to use eventlet-safe cache pool"")","""It is recommended to use eventlet-safe cache pool""",https://opendev.org/openstack/keystonemiddleware/src/branch/master/keystonemiddleware/auth_token/_cache.py
keystonemiddleware,openstack/keystonemiddleware,keystonemiddleware/auth_token/_opts.py,149,"Other(""help='(Optional) Use the advanced (eventlet safe) "")",help='(Optional) Use the advanced (eventlet safe) memcached ',https://opendev.org/openstack/keystonemiddleware/src/branch/master/keystonemiddleware/auth_token/_opts.py
keystonemiddleware,openstack/keystonemiddleware,keystonemiddleware/external_oauth2_token.py,182,"Other(""help='(Optional) Use the advanced (eventlet safe) "")",help='(Optional) Use the advanced (eventlet safe) memcached ',https://opendev.org/openstack/keystonemiddleware/src/branch/master/keystonemiddleware/external_oauth2_token.py
keystonemiddleware,openstack/keystonemiddleware,releasenotes/notes/deprecate-eventlet-unsafe-memcacheclientpool-f8b4a6733513d73e.yaml,4,"Other(""We no longer recommend using the eventlet unsafe k"")",We no longer recommend using the eventlet unsafe keystonemiddleware's,https://opendev.org/openstack/keystonemiddleware/src/branch/master/releasenotes/notes/deprecate-eventlet-unsafe-memcacheclientpool-f8b4a6733513d73e.yaml
keystonemiddleware,openstack/keystonemiddleware,releasenotes/notes/deprecate-eventlet-unsafe-memcacheclientpool-f8b4a6733513d73e.yaml,17,"Other(""Keystonemiddleware now using eventlet-safe impleme"")",Keystonemiddleware now using eventlet-safe implementation of,https://opendev.org/openstack/keystonemiddleware/src/branch/master/releasenotes/notes/deprecate-eventlet-unsafe-memcacheclientpool-f8b4a6733513d73e.yaml
keystonemiddleware,openstack/keystonemiddleware,releasenotes/source/locale/en_GB/LC_MESSAGES/releasenotes.po,342,"Other(""\""We no longer recommend using the eventlet unsafe "")","""We no longer recommend using the eventlet unsafe keystonemiddleware's """,https://opendev.org/openstack/keystonemiddleware/src/branch/master/releasenotes/source/locale/en_GB/LC_MESSAGES/releasenotes.po
keystonemiddleware,openstack/keystonemiddleware,releasenotes/source/locale/en_GB/LC_MESSAGES/releasenotes.po,346,"Other(""\""We no longer recommend using the eventlet unsafe "")","""We no longer recommend using the eventlet unsafe keystonemiddleware's """,https://opendev.org/openstack/keystonemiddleware/src/branch/master/releasenotes/source/locale/en_GB/LC_MESSAGES/releasenotes.po
keystonemiddleware,openstack/keystonemiddleware,releasenotes/source/locale/en_GB/LC_MESSAGES/releasenotes.po,866,"Other(""\""keystonemiddleware/+bug/1883659>`_] Keystonemiddl"")","""keystonemiddleware/+bug/1883659>`_] Keystonemiddleware now using eventlet-""",https://opendev.org/openstack/keystonemiddleware/src/branch/master/releasenotes/source/locale/en_GB/LC_MESSAGES/releasenotes.po
keystonemiddleware,openstack/keystonemiddleware,releasenotes/source/locale/en_GB/LC_MESSAGES/releasenotes.po,877,"Other(""\""keystonemiddleware/+bug/1883659>`_] Keystonemiddl"")","""keystonemiddleware/+bug/1883659>`_] Keystonemiddleware now using eventlet-""",https://opendev.org/openstack/keystonemiddleware/src/branch/master/releasenotes/source/locale/en_GB/LC_MESSAGES/releasenotes.po
kolla,openstack/kolla,docker/openstack-base/Dockerfile.j2,89,"Other(""'eventlet',"")","'eventlet',",https://opendev.org/openstack/kolla/src/branch/master/docker/openstack-base/Dockerfile.j2
kolla-ansible,openstack/kolla-ansible,releasenotes/notes/coordination-backend-etcd3gw-8a58a2f5eddd1f57.yaml,8,"Other(""stability. ``etcd3`` does not handle well eventlet"")","stability. ``etcd3`` does not handle well eventlet-based services,",https://opendev.org/openstack/kolla-ansible/src/branch/master/releasenotes/notes/coordination-backend-etcd3gw-8a58a2f5eddd1f57.yaml
magnum,openstack/magnum,magnum/cmd/__init__.py,18,Import,import eventlet,https://opendev.org/openstack/magnum/src/branch/master/magnum/cmd/__init__.py
magnum,openstack/magnum,magnum/cmd/__init__.py,20,MonkeyPatch,eventlet.monkey_patch(),https://opendev.org/openstack/magnum/src/branch/master/magnum/cmd/__init__.py
magnum,openstack/magnum,magnum/common/context.py,13,Import,from eventlet.green import threading,https://opendev.org/openstack/magnum/src/branch/master/magnum/common/context.py
magnum,openstack/magnum,magnum/common/rpc.py,164,Executor,"executor='eventlet',",https://opendev.org/openstack/magnum/src/branch/master/magnum/common/rpc.py
magnum,openstack/magnum,releasenotes/notes/broken-kuberenetes-client-d2d1da6029825208.yaml,7,"Other(""https://github.com/eventlet/eventlet/issues/147"")",https://github.com/eventlet/eventlet/issues/147,https://opendev.org/openstack/magnum/src/branch/master/releasenotes/notes/broken-kuberenetes-client-d2d1da6029825208.yaml
magnum,openstack/magnum,releasenotes/source/locale/en_GB/LC_MESSAGES/releasenotes.po,1358,"Other(""\""https://github.com/eventlet/eventlet/issues/147 M"")","""https://github.com/eventlet/eventlet/issues/147 Magnum has three periodic """,https://opendev.org/openstack/magnum/src/branch/master/releasenotes/source/locale/en_GB/LC_MESSAGES/releasenotes.po
magnum,openstack/magnum,releasenotes/source/locale/en_GB/LC_MESSAGES/releasenotes.po,1369,"Other(""\""https://github.com/eventlet/eventlet/issues/147 M"")","""https://github.com/eventlet/eventlet/issues/147 Magnum has three periodic """,https://opendev.org/openstack/magnum/src/branch/master/releasenotes/source/locale/en_GB/LC_MESSAGES/releasenotes.po
magnum,openstack/magnum,requirements.txt,12,"Other(""eventlet>=0.28.0 # MIT"")",eventlet>=0.28.0 # MIT,https://opendev.org/openstack/magnum/src/branch/master/requirements.txt
manila,openstack/manila,.coveragerc,5,"Other(""concurrency = eventlet"")",concurrency = eventlet,https://opendev.org/openstack/manila/src/branch/master/.coveragerc
manila,openstack/manila,doc/source/conf.py,25,Import,import eventlet,https://opendev.org/openstack/manila/src/branch/master/doc/source/conf.py
manila,openstack/manila,doc/source/conf.py,32,"Other(""eventlet.monkey_patch"")",eventlet.monkey_patch(subprocess=True),https://opendev.org/openstack/manila/src/branch/master/doc/source/conf.py
manila,openstack/manila,doc/source/contributor/threading.rst,5,"Other(""eventlet.net"")",through using the Python `eventlet <http://eventlet.net/>`_ and,https://opendev.org/openstack/manila/src/branch/master/doc/source/contributor/threading.rst
manila,openstack/manila,doc/source/contributor/threading.rst,9,"Other(""switches can only occur when specific eventlet or "")",switches can only occur when specific eventlet or greenlet library calls are,https://opendev.org/openstack/manila/src/branch/master/doc/source/contributor/threading.rst
manila,openstack/manila,doc/source/contributor/threading.rst,23,"Other(""that trigger an eventlet context switch, the long-"")","that trigger an eventlet context switch, the long-running thread will block",https://opendev.org/openstack/manila/src/branch/master/doc/source/contributor/threading.rst
manila,openstack/manila,doc/source/contributor/threading.rst,26,"Other(""This scenario can be avoided by adding calls to th"")",This scenario can be avoided by adding calls to the eventlet sleep method,https://opendev.org/openstack/manila/src/branch/master/doc/source/contributor/threading.rst
manila,openstack/manila,doc/source/contributor/threading.rst,31,Import,from eventlet import greenthread,https://opendev.org/openstack/manila/src/branch/master/doc/source/contributor/threading.rst
manila,openstack/manila,doc/source/contributor/threading.rst,36,MonkeyPatch,"if time module is patched through eventlet.monkey_patch(). To be explicit,",https://opendev.org/openstack/manila/src/branch/master/doc/source/contributor/threading.rst
manila,openstack/manila,doc/source/contributor/threading.rst,40,"Other(""MySQL access and eventlet"")",MySQL access and eventlet,https://opendev.org/openstack/manila/src/branch/master/doc/source/contributor/threading.rst
manila,openstack/manila,doc/source/contributor/threading.rst,44,"Other(""with eventlet. MySQL-python uses an external C lib"")",with eventlet. MySQL-python uses an external C library for accessing the MySQL,https://opendev.org/openstack/manila/src/branch/master/doc/source/contributor/threading.rst
manila,openstack/manila,doc/source/contributor/threading.rst,45,"Other(""database. Since eventlet cannot use monkey-patchin"")",database. Since eventlet cannot use monkey-patching to intercept blocking calls,https://opendev.org/openstack/manila/src/branch/master/doc/source/contributor/threading.rst
manila,openstack/manila,etc/manila/logging_sample.conf,42,"Other(""[logger_eventletwsgi]"")",[logger_eventletwsgi],https://opendev.org/openstack/manila/src/branch/master/etc/manila/logging_sample.conf
manila,openstack/manila,etc/manila/logging_sample.conf,45,Wsgi,qualname = eventlet.wsgi.server,https://opendev.org/openstack/manila/src/branch/master/etc/manila/logging_sample.conf
manila,openstack/manila,manila/cmd/api.py,21,Import,import eventlet,https://opendev.org/openstack/manila/src/branch/master/manila/cmd/api.py
manila,openstack/manila,manila/cmd/api.py,22,MonkeyPatch,eventlet.monkey_patch(),https://opendev.org/openstack/manila/src/branch/master/manila/cmd/api.py
manila,openstack/manila,manila/cmd/data.py,19,Import,import eventlet,https://opendev.org/openstack/manila/src/branch/master/manila/cmd/data.py
manila,openstack/manila,manila/cmd/data.py,20,MonkeyPatch,eventlet.monkey_patch(),https://opendev.org/openstack/manila/src/branch/master/manila/cmd/data.py
manila,openstack/manila,manila/cmd/scheduler.py,21,Import,import eventlet,https://opendev.org/openstack/manila/src/branch/master/manila/cmd/scheduler.py
manila,openstack/manila,manila/cmd/scheduler.py,22,MonkeyPatch,eventlet.monkey_patch(),https://opendev.org/openstack/manila/src/branch/master/manila/cmd/scheduler.py
manila,openstack/manila,manila/cmd/share.py,20,Import,import eventlet,https://opendev.org/openstack/manila/src/branch/master/manila/cmd/share.py
manila,openstack/manila,manila/cmd/share.py,21,MonkeyPatch,eventlet.monkey_patch(),https://opendev.org/openstack/manila/src/branch/master/manila/cmd/share.py
manila,openstack/manila,manila/manager.py,55,Import,from eventlet import greenpool,https://opendev.org/openstack/manila/src/branch/master/manila/manager.py
manila,openstack/manila,manila/opts.py,96,"Other(""import manila.wsgi.eventlet_server"")",import manila.wsgi.eventlet_server,https://opendev.org/openstack/manila/src/branch/master/manila/opts.py
manila,openstack/manila,manila/opts.py,199,"Other(""manila.wsgi.eventlet_server.socket_opts,"")","manila.wsgi.eventlet_server.socket_opts,",https://opendev.org/openstack/manila/src/branch/master/manila/opts.py
manila,openstack/manila,manila/rpc.py,160,Executor,"executor='eventlet',",https://opendev.org/openstack/manila/src/branch/master/manila/rpc.py
manila,openstack/manila,manila/share/drivers/inspur/as13000/as13000_nas.py,20,Import,import eventlet,https://opendev.org/openstack/manila/src/branch/master/manila/share/drivers/inspur/as13000/as13000_nas.py
manila,openstack/manila,manila/share/drivers/inspur/as13000/as13000_nas.py,148,Sleep,eventlet.sleep(1),https://opendev.org/openstack/manila/src/branch/master/manila/share/drivers/inspur/as13000/as13000_nas.py
manila,openstack/manila,manila/share/drivers/inspur/instorage/cli_helper.py,23,Import,from eventlet import greenthread,https://opendev.org/openstack/manila/src/branch/master/manila/share/drivers/inspur/instorage/cli_helper.py
manila,openstack/manila,manila/share/drivers/nexenta/ns5/jsonrpc.py,21,Import,from eventlet import greenthread,https://opendev.org/openstack/manila/src/branch/master/manila/share/drivers/nexenta/ns5/jsonrpc.py
manila,openstack/manila,manila/ssh_utils.py,19,Import,from eventlet import pools,https://opendev.org/openstack/manila/src/branch/master/manila/ssh_utils.py
manila,openstack/manila,manila/ssh_utils.py,57,"Other(""\""\""\""A simple eventlet pool to hold ssh connections."")","""""""A simple eventlet pool to hold ssh connections.""""""",https://opendev.org/openstack/manila/src/branch/master/manila/ssh_utils.py
manila,openstack/manila,requirements.txt,10,"Other(""eventlet>=0.26.1 # MIT"")",eventlet>=0.26.1 # MIT,https://opendev.org/openstack/manila/src/branch/master/requirements.txt
masakari,openstack/masakari,HACKING.rst,36,Spawn,- [M322] Check masakari.utils.spawn() is used instead of greenthread.spawn() and eventlet.spawn(),https://opendev.org/openstack/masakari/src/branch/master/HACKING.rst
masakari,openstack/masakari,masakari/__init__.py,34,Import,import eventlet  # noqa,https://opendev.org/openstack/masakari/src/branch/master/masakari/__init__.py
masakari,openstack/masakari,masakari/cmd/__init__.py,16,Import,import eventlet,https://opendev.org/openstack/masakari/src/branch/master/masakari/cmd/__init__.py
masakari,openstack/masakari,masakari/cmd/__init__.py,18,MonkeyPatch,eventlet.monkey_patch(),https://opendev.org/openstack/masakari/src/branch/master/masakari/cmd/__init__.py
masakari,openstack/masakari,masakari/engine/drivers/taskflow/host_failure.py,16,Import,import eventlet,https://opendev.org/openstack/masakari/src/branch/master/masakari/engine/drivers/taskflow/host_failure.py
masakari,openstack/masakari,masakari/engine/drivers/taskflow/host_failure.py,17,Import,from eventlet import greenpool,https://opendev.org/openstack/masakari/src/branch/master/masakari/engine/drivers/taskflow/host_failure.py
masakari,openstack/masakari,masakari/engine/drivers/taskflow/host_failure.py,59,Sleep,eventlet.sleep(CONF.wait_period_after_service_update),https://opendev.org/openstack/masakari/src/branch/master/masakari/engine/drivers/taskflow/host_failure.py
masakari,openstack/masakari,masakari/hacking/checks.py,87,"Other(""r\"".*(eventlet|greenthread)\\.(?P<spawn_part>spawn(_"")","r"".*(eventlet|greenthread)\.(?P<spawn_part>spawn(_n)?)\(.*\)"")",https://opendev.org/openstack/masakari/src/branch/master/masakari/hacking/checks.py
masakari,openstack/masakari,masakari/hacking/checks.py,304,Spawn,"eventlet.spawn(), and eventlet.spawn_n()",https://opendev.org/openstack/masakari/src/branch/master/masakari/hacking/checks.py
masakari,openstack/masakari,masakari/hacking/checks.py,309,"Other(""\""greenthread.%(spawn)s() and eventlet.%(spawn)s()\"""")","""greenthread.%(spawn)s() and eventlet.%(spawn)s()"")",https://opendev.org/openstack/masakari/src/branch/master/masakari/hacking/checks.py
masakari,openstack/masakari,masakari/rpc.py,147,Executor,"executor='eventlet',",https://opendev.org/openstack/masakari/src/branch/master/masakari/rpc.py
masakari,openstack/masakari,masakari/utils.py,26,Import,import eventlet,https://opendev.org/openstack/masakari/src/branch/master/masakari/utils.py
masakari,openstack/masakari,masakari/utils.py,195,"Other(""eventlet.spawn"")","""""""Passthrough method for eventlet.spawn.",https://opendev.org/openstack/masakari/src/branch/master/masakari/utils.py
masakari,openstack/masakari,masakari/utils.py,214,Spawn,"return eventlet.spawn(context_wrapper, *args, **kwargs)",https://opendev.org/openstack/masakari/src/branch/master/masakari/utils.py
masakari,openstack/masakari,masakari/utils.py,218,"Other(""eventlet.spawn_n"")","""""""Passthrough method for eventlet.spawn_n.",https://opendev.org/openstack/masakari/src/branch/master/masakari/utils.py
masakari,openstack/masakari,masakari/utils.py,237,"Other(""eventlet.spawn_n"")","eventlet.spawn_n(context_wrapper, *args, **kwargs)",https://opendev.org/openstack/masakari/src/branch/master/masakari/utils.py
masakari,openstack/masakari,masakari/wsgi.py,22,Import,import eventlet,https://opendev.org/openstack/masakari/src/branch/master/masakari/wsgi.py
masakari,openstack/masakari,masakari/wsgi.py,23,Wsgi,import eventlet.wsgi,https://opendev.org/openstack/masakari/src/branch/master/masakari/wsgi.py
masakari,openstack/masakari,masakari/wsgi.py,49,Wsgi,"protocol=eventlet.wsgi.HttpProtocol, backlog=128,",https://opendev.org/openstack/masakari/src/branch/master/masakari/wsgi.py
masakari,openstack/masakari,masakari/wsgi.py,57,"Other("":param pool_size: Maximum number of eventlets to s"")",:param pool_size: Maximum number of eventlets to spawn concurrently.,https://opendev.org/openstack/masakari/src/branch/master/masakari/wsgi.py
masakari,openstack/masakari,masakari/wsgi.py,64,Wsgi,eventlet.wsgi.MAX_HEADER_LINE = CONF.wsgi.max_header_line,https://opendev.org/openstack/masakari/src/branch/master/masakari/wsgi.py
masakari,openstack/masakari,masakari/wsgi.py,70,Pool,self._pool = eventlet.GreenPool(self.pool_size),https://opendev.org/openstack/masakari/src/branch/master/masakari/wsgi.py
masakari,openstack/masakari,masakari/wsgi.py,93,Listen,"self._socket = eventlet.listen(bind_addr, family, backlog=backlog)",https://opendev.org/openstack/masakari/src/branch/master/masakari/wsgi.py
masakari,openstack/masakari,masakari/wsgi.py,160,"Other(""eventlet.wrap_ssl"")","dup_socket = eventlet.wrap_ssl(dup_socket,",https://opendev.org/openstack/masakari/src/branch/master/masakari/wsgi.py
masakari,openstack/masakari,masakari/wsgi.py,170,Wsgi,"'func': eventlet.wsgi.server,",https://opendev.org/openstack/masakari/src/branch/master/masakari/wsgi.py
masakari,openstack/masakari,masakari/wsgi.py,199,"Other(""server is stopped is by killing its eventlet."")",server is stopped is by killing its eventlet.,https://opendev.org/openstack/masakari/src/branch/master/masakari/wsgi.py
masakari,openstack/masakari,masakari/wsgi.py,214,"Other(""Waits on the server's eventlet to finish, then ret"")","Waits on the server's eventlet to finish, then returns.",https://opendev.org/openstack/masakari/src/branch/master/masakari/wsgi.py
masakari,openstack/masakari,releasenotes/notes/wsgi-applications-3ed7d6b89f1a5785.yaml,7,"Other(""The eventlet-based servers are still available, bu"")","The eventlet-based servers are still available, but the WSGI options will",https://opendev.org/openstack/masakari/src/branch/master/releasenotes/notes/wsgi-applications-3ed7d6b89f1a5785.yaml
masakari-monitors,openstack/masakari-monitors,masakarimonitors/ha/masakari.py,15,Import,import eventlet,https://opendev.org/openstack/masakari-monitors/src/branch/master/masakarimonitors/ha/masakari.py
masakari-monitors,openstack/masakari-monitors,masakarimonitors/ha/masakari.py,84,"Other(""eventlet.greenthread"")",eventlet.greenthread.sleep(api_retry_interval),https://opendev.org/openstack/masakari-monitors/src/branch/master/masakarimonitors/ha/masakari.py
masakari-monitors,openstack/masakari-monitors,masakarimonitors/hostmonitor/consul_check/manager.py,15,Import,import eventlet,https://opendev.org/openstack/masakari-monitors/src/branch/master/masakarimonitors/hostmonitor/consul_check/manager.py
masakari-monitors,openstack/masakari-monitors,masakarimonitors/hostmonitor/consul_check/manager.py,193,"Other(""eventlet.greenthread"")",eventlet.greenthread.sleep(self.monitoring_interval),https://opendev.org/openstack/masakari-monitors/src/branch/master/masakarimonitors/hostmonitor/consul_check/manager.py
masakari-monitors,openstack/masakari-monitors,masakarimonitors/hostmonitor/host_handler/handle_host.py,18,Import,import eventlet,https://opendev.org/openstack/masakari-monitors/src/branch/master/masakarimonitors/hostmonitor/host_handler/handle_host.py
masakari-monitors,openstack/masakari-monitors,masakarimonitors/hostmonitor/host_handler/handle_host.py,266,"Other(""eventlet.greenthread"")",eventlet.greenthread.sleep(CONF.host.ipmi_retry_interval),https://opendev.org/openstack/masakari-monitors/src/branch/master/masakarimonitors/hostmonitor/host_handler/handle_host.py
masakari-monitors,openstack/masakari-monitors,masakarimonitors/hostmonitor/host_handler/handle_host.py,443,"Other(""eventlet.greenthread"")",eventlet.greenthread.sleep(CONF.host.stonith_wait),https://opendev.org/openstack/masakari-monitors/src/branch/master/masakarimonitors/hostmonitor/host_handler/handle_host.py
masakari-monitors,openstack/masakari-monitors,masakarimonitors/hostmonitor/host_handler/handle_host.py,446,"Other(""eventlet.greenthread"")",eventlet.greenthread.sleep(CONF.host.monitoring_interval),https://opendev.org/openstack/masakari-monitors/src/branch/master/masakarimonitors/hostmonitor/host_handler/handle_host.py
masakari-monitors,openstack/masakari-monitors,masakarimonitors/hostmonitor/host_handler/handle_host.py,462,"Other(""eventlet.greenthread"")",eventlet.greenthread.sleep(,https://opendev.org/openstack/masakari-monitors/src/branch/master/masakarimonitors/hostmonitor/host_handler/handle_host.py
masakari-monitors,openstack/masakari-monitors,masakarimonitors/hostmonitor/host_handler/handle_host.py,478,"Other(""eventlet.greenthread"")",eventlet.greenthread.sleep(CONF.host.monitoring_interval),https://opendev.org/openstack/masakari-monitors/src/branch/master/masakarimonitors/hostmonitor/host_handler/handle_host.py
masakari-monitors,openstack/masakari-monitors,masakarimonitors/instancemonitor/instance.py,18,Import,import eventlet,https://opendev.org/openstack/masakari-monitors/src/branch/master/masakarimonitors/instancemonitor/instance.py
masakari-monitors,openstack/masakari-monitors,masakarimonitors/instancemonitor/instance.py,157,"Other(""eventlet.greenthread"")",eventlet.greenthread.sleep(1),https://opendev.org/openstack/masakari-monitors/src/branch/master/masakarimonitors/instancemonitor/instance.py
masakari-monitors,openstack/masakari-monitors,masakarimonitors/introspectiveinstancemonitor/instance.py,15,Import,import eventlet,https://opendev.org/openstack/masakari-monitors/src/branch/master/masakarimonitors/introspectiveinstancemonitor/instance.py
masakari-monitors,openstack/masakari-monitors,masakarimonitors/introspectiveinstancemonitor/instance.py,148,"Other(""eventlet.greenthread"")",eventlet.greenthread.sleep(1),https://opendev.org/openstack/masakari-monitors/src/branch/master/masakarimonitors/introspectiveinstancemonitor/instance.py
masakari-monitors,openstack/masakari-monitors,masakarimonitors/introspectiveinstancemonitor/qemu_utils.py,32,Import,import eventlet,https://opendev.org/openstack/masakari-monitors/src/branch/master/masakarimonitors/introspectiveinstancemonitor/qemu_utils.py
masakari-monitors,openstack/masakari-monitors,masakarimonitors/introspectiveinstancemonitor/qemu_utils.py,420,Sleep,eventlet.sleep(sleep_time),https://opendev.org/openstack/masakari-monitors/src/branch/master/masakarimonitors/introspectiveinstancemonitor/qemu_utils.py
masakari-monitors,openstack/masakari-monitors,masakarimonitors/introspectiveinstancemonitor/qemu_utils.py,426,Sleep,eventlet.sleep(sleep_time),https://opendev.org/openstack/masakari-monitors/src/branch/master/masakarimonitors/introspectiveinstancemonitor/qemu_utils.py
masakari-monitors,openstack/masakari-monitors,masakarimonitors/introspectiveinstancemonitor/scheduler.py,15,Import,import eventlet,https://opendev.org/openstack/masakari-monitors/src/branch/master/masakarimonitors/introspectiveinstancemonitor/scheduler.py
masakari-monitors,openstack/masakari-monitors,masakarimonitors/introspectiveinstancemonitor/scheduler.py,89,Sleep,eventlet.sleep(),https://opendev.org/openstack/masakari-monitors/src/branch/master/masakarimonitors/introspectiveinstancemonitor/scheduler.py
masakari-monitors,openstack/masakari-monitors,masakarimonitors/introspectiveinstancemonitor/scheduler.py,102,Sleep,eventlet.sleep(sleep_time),https://opendev.org/openstack/masakari-monitors/src/branch/master/masakarimonitors/introspectiveinstancemonitor/scheduler.py
masakari-monitors,openstack/masakari-monitors,masakarimonitors/introspectiveinstancemonitor/scheduler.py,110,Sleep,eventlet.sleep(sleep_time),https://opendev.org/openstack/masakari-monitors/src/branch/master/masakarimonitors/introspectiveinstancemonitor/scheduler.py
masakari-monitors,openstack/masakari-monitors,masakarimonitors/processmonitor/process.py,17,Import,import eventlet,https://opendev.org/openstack/masakari-monitors/src/branch/master/masakarimonitors/processmonitor/process.py
masakari-monitors,openstack/masakari-monitors,masakarimonitors/processmonitor/process.py,87,"Other(""eventlet.greenthread"")",eventlet.greenthread.sleep(CONF.process.check_interval),https://opendev.org/openstack/masakari-monitors/src/branch/master/masakarimonitors/processmonitor/process.py
masakari-monitors,openstack/masakari-monitors,masakarimonitors/processmonitor/process_handler/handle_process.py,17,Import,import eventlet,https://opendev.org/openstack/masakari-monitors/src/branch/master/masakarimonitors/processmonitor/process_handler/handle_process.py
masakari-monitors,openstack/masakari-monitors,masakarimonitors/processmonitor/process_handler/handle_process.py,173,"Other(""eventlet.greenthread"")",eventlet.greenthread.sleep(,https://opendev.org/openstack/masakari-monitors/src/branch/master/masakarimonitors/processmonitor/process_handler/handle_process.py
masakari-monitors,openstack/masakari-monitors,masakarimonitors/processmonitor/process_handler/handle_process.py,181,"Other(""eventlet.greenthread"")",eventlet.greenthread.sleep(CONF.process.restart_interval),https://opendev.org/openstack/masakari-monitors/src/branch/master/masakarimonitors/processmonitor/process_handler/handle_process.py
masakari-monitors,openstack/masakari-monitors,masakarimonitors/processmonitor/process_handler/handle_process.py,190,"Other(""eventlet.greenthread"")",eventlet.greenthread.sleep(,https://opendev.org/openstack/masakari-monitors/src/branch/master/masakarimonitors/processmonitor/process_handler/handle_process.py
mistral,openstack/mistral,mistral/cmd/launch.py,19,Import,import eventlet,https://opendev.org/openstack/mistral/src/branch/master/mistral/cmd/launch.py
mistral,openstack/mistral,mistral/cmd/launch.py,22,"Other(""eventlet.monkey_patch"")",eventlet.monkey_patch(,https://opendev.org/openstack/mistral/src/branch/master/mistral/cmd/launch.py
mistral,openstack/mistral,mistral/config.py,57,"Other(""'eventlet library is used to support async IO. Thi"")",'eventlet library is used to support async IO. This could result ',https://opendev.org/openstack/mistral/src/branch/master/mistral/config.py
mistral,openstack/mistral,mistral/config.py,173,"Other(""default='eventlet',"")","default='eventlet',",https://opendev.org/openstack/mistral/src/branch/master/mistral/config.py
mistral,openstack/mistral,mistral/config.py,174,"Other(""choices=['eventlet', 'blocking', 'threading'],"")","choices=['eventlet', 'blocking', 'threading'],",https://opendev.org/openstack/mistral/src/branch/master/mistral/config.py
mistral,openstack/mistral,mistral/config.py,840,Wsgi,"'eventlet.wsgi.server=WARN',",https://opendev.org/openstack/mistral/src/branch/master/mistral/config.py
mistral,openstack/mistral,mistral/db/sqlalchemy/sqlite_lock.py,15,Import,from eventlet import semaphore,https://opendev.org/openstack/mistral/src/branch/master/mistral/db/sqlalchemy/sqlite_lock.py
mistral,openstack/mistral,mistral/engine/post_tx_queue.py,16,Import,import eventlet,https://opendev.org/openstack/mistral/src/branch/master/mistral/engine/post_tx_queue.py
mistral,openstack/mistral,mistral/engine/post_tx_queue.py,110,Spawn,eventlet.spawn(_within_new_thread),https://opendev.org/openstack/mistral/src/branch/master/mistral/engine/post_tx_queue.py
mistral,openstack/mistral,mistral/executors/default_executor.py,16,Import,from eventlet import timeout as ev_timeout,https://opendev.org/openstack/mistral/src/branch/master/mistral/executors/default_executor.py
mistral,openstack/mistral,mistral/rpc/base.py,180,Executor,"def run(self, executor='eventlet'):",https://opendev.org/openstack/mistral/src/branch/master/mistral/rpc/base.py
mistral,openstack/mistral,mistral/rpc/kombu/kombu_listener.py,22,Import,from oslo_utils import eventletutils,https://opendev.org/openstack/mistral/src/branch/master/mistral/rpc/kombu/kombu_listener.py
mistral,openstack/mistral,mistral/rpc/kombu/kombu_listener.py,38,"Other(""self.ready = eventletutils.Event()"")",self.ready = eventletutils.Event(),https://opendev.org/openstack/mistral/src/branch/master/mistral/rpc/kombu/kombu_listener.py
mistral,openstack/mistral,mistral/rpc/kombu/kombu_server.py,23,Import,from oslo_utils import eventletutils,https://opendev.org/openstack/mistral/src/branch/master/mistral/rpc/kombu/kombu_server.py
mistral,openstack/mistral,mistral/rpc/kombu/kombu_server.py,43,"Other(""' executor is threading or eventlet.'"")",' executor is threading or eventlet.',https://opendev.org/openstack/mistral/src/branch/master/mistral/rpc/kombu/kombu_server.py
mistral,openstack/mistral,mistral/rpc/kombu/kombu_server.py,72,"Other(""self._running = eventletutils.Event()"")",self._running = eventletutils.Event(),https://opendev.org/openstack/mistral/src/branch/master/mistral/rpc/kombu/kombu_server.py
mistral,openstack/mistral,mistral/rpc/kombu/kombu_server.py,73,"Other(""self._stopped = eventletutils.Event()"")",self._stopped = eventletutils.Event(),https://opendev.org/openstack/mistral/src/branch/master/mistral/rpc/kombu/kombu_server.py
mistral,openstack/mistral,mistral/rpc/kombu/kombu_server.py,87,Executor,"def run(self, executor='eventlet'):",https://opendev.org/openstack/mistral/src/branch/master/mistral/rpc/kombu/kombu_server.py
mistral,openstack/mistral,mistral/rpc/oslo/oslo_server.py,38,Executor,"def run(self, executor='eventlet'):",https://opendev.org/openstack/mistral/src/branch/master/mistral/rpc/oslo/oslo_server.py
mistral,openstack/mistral,mistral/scheduler/default_scheduler.py,17,Import,import eventlet,https://opendev.org/openstack/mistral/src/branch/master/mistral/scheduler/default_scheduler.py
mistral,openstack/mistral,mistral/scheduler/default_scheduler.py,86,Sleep,eventlet.sleep(,https://opendev.org/openstack/mistral/src/branch/master/mistral/scheduler/default_scheduler.py
mistral,openstack/mistral,mistral/scheduler/default_scheduler.py,190,"Other(""eventlet.spawn_after"")",green_thread = eventlet.spawn_after(,https://opendev.org/openstack/mistral/src/branch/master/mistral/scheduler/default_scheduler.py
mistral,openstack/mistral,mistral/scheduler/default_scheduler.py,220,"Other(""eventlet.getcurrent"")",del self.in_memory_jobs[eventlet.getcurrent()],https://opendev.org/openstack/mistral/src/branch/master/mistral/scheduler/default_scheduler.py
mistral,openstack/mistral,mistral/service/base.py,15,Import,from eventlet import event,https://opendev.org/openstack/mistral/src/branch/master/mistral/service/base.py
mistral,openstack/mistral,mistral/services/action_heartbeat_checker.py,16,Import,import eventlet,https://opendev.org/openstack/mistral/src/branch/master/mistral/services/action_heartbeat_checker.py
mistral,openstack/mistral,mistral/services/action_heartbeat_checker.py,113,Sleep,eventlet.sleep(CONF.action_heartbeat.check_interval),https://opendev.org/openstack/mistral/src/branch/master/mistral/services/action_heartbeat_checker.py
mistral,openstack/mistral,mistral/services/action_heartbeat_checker.py,139,"Other(""eventlet.spawn_after"")","eventlet.spawn_after(wait_time, _loop)",https://opendev.org/openstack/mistral/src/branch/master/mistral/services/action_heartbeat_checker.py
mistral,openstack/mistral,mistral/services/action_heartbeat_sender.py,15,Import,import eventlet,https://opendev.org/openstack/mistral/src/branch/master/mistral/services/action_heartbeat_sender.py
mistral,openstack/mistral,mistral/services/action_heartbeat_sender.py,85,Sleep,eventlet.sleep(CONF.action_heartbeat.check_interval),https://opendev.org/openstack/mistral/src/branch/master/mistral/services/action_heartbeat_sender.py
mistral,openstack/mistral,mistral/services/action_heartbeat_sender.py,103,Spawn,eventlet.spawn(_loop),https://opendev.org/openstack/mistral/src/branch/master/mistral/services/action_heartbeat_sender.py
mistral,openstack/mistral,mistral/services/legacy_scheduler.py,19,Import,import eventlet,https://opendev.org/openstack/mistral/src/branch/master/mistral/services/legacy_scheduler.py
mistral,openstack/mistral,mistral/services/legacy_scheduler.py,150,Sleep,eventlet.sleep(,https://opendev.org/openstack/mistral/src/branch/master/mistral/services/legacy_scheduler.py
mistral,openstack/mistral,mistral/services/maintenance.py,13,Import,import eventlet,https://opendev.org/openstack/mistral/src/branch/master/mistral/services/maintenance.py
mistral,openstack/mistral,mistral/services/maintenance.py,114,Sleep,eventlet.sleep(1),https://opendev.org/openstack/mistral/src/branch/master/mistral/services/maintenance.py
mistral,openstack/mistral,releasenotes/notes/add_config_option_for_oslo_rpc_executor-44afe1f728afdcb2.yaml,6,"Other(""processes incoming calls. Allowed values: \""eventle"")","processes incoming calls. Allowed values: ""eventlet"", ""threading"" and",https://opendev.org/openstack/mistral/src/branch/master/releasenotes/notes/add_config_option_for_oslo_rpc_executor-44afe1f728afdcb2.yaml
mistral,openstack/mistral,releasenotes/notes/add_config_option_for_oslo_rpc_executor-44afe1f728afdcb2.yaml,10,"Other(""MySQLDb database driver and \""eventlet\"" RPC executo"")","MySQLDb database driver and ""eventlet"" RPC executor. Once in a while,",https://opendev.org/openstack/mistral/src/branch/master/releasenotes/notes/add_config_option_for_oslo_rpc_executor-44afe1f728afdcb2.yaml
mistral,openstack/mistral,releasenotes/notes/add_config_option_for_oslo_rpc_executor-44afe1f728afdcb2.yaml,12,"Other(""driver wasn't eventlet-friendly and dispatching of"")",driver wasn't eventlet-friendly and dispatching of green threads didn't,https://opendev.org/openstack/mistral/src/branch/master/releasenotes/notes/add_config_option_for_oslo_rpc_executor-44afe1f728afdcb2.yaml
mistral,openstack/mistral,releasenotes/notes/add_config_option_for_oslo_rpc_executor-44afe1f728afdcb2.yaml,14,"Other(""a combination of \""eventlet\"" executor and PyMysql d"")","a combination of ""eventlet"" executor and PyMysql driver works well. The",https://opendev.org/openstack/mistral/src/branch/master/releasenotes/notes/add_config_option_for_oslo_rpc_executor-44afe1f728afdcb2.yaml
mistral,openstack/mistral,requirements.txt,5,"Other(""eventlet>=0.26.0 # MIT"")",eventlet>=0.26.0 # MIT,https://opendev.org/openstack/mistral/src/branch/master/requirements.txt
mistral,openstack/mistral,setup.cfg,113,"Other(""eventlet = futurist:GreenThreadPoolExecutor"")",eventlet = futurist:GreenThreadPoolExecutor,https://opendev.org/openstack/mistral/src/branch/master/setup.cfg
mistral-extra,openstack/mistral-extra,examples/v2/calculator/requirements.txt,6,"Other(""eventlet!=0.18.3,>=0.18.2 # MIT"")","eventlet!=0.18.3,>=0.18.2 # MIT",https://opendev.org/openstack/mistral-extra/src/branch/master/examples/v2/calculator/requirements.txt
mistral-extra,openstack/mistral-extra,mistral_extra/monitoring/base.py,18,Import,import eventlet,https://opendev.org/openstack/mistral-extra/src/branch/master/mistral_extra/monitoring/base.py
mistral-extra,openstack/mistral-extra,mistral_extra/monitoring/base.py,78,Sleep,eventlet.sleep(self._interval),https://opendev.org/openstack/mistral-extra/src/branch/master/mistral_extra/monitoring/base.py
mistral-lib,openstack/mistral-lib,mistral_lib/utils/__init__.py,29,Import,import eventlet,https://opendev.org/openstack/mistral-lib/src/branch/master/mistral_lib/utils/__init__.py
mistral-lib,openstack/mistral-lib,mistral_lib/utils/__init__.py,30,Import,from eventlet import corolocal,https://opendev.org/openstack/mistral-lib/src/branch/master/mistral_lib/utils/__init__.py
mistral-lib,openstack/mistral-lib,mistral_lib/utils/__init__.py,364,Sleep,eventlet.sleep(seconds),https://opendev.org/openstack/mistral-lib/src/branch/master/mistral_lib/utils/__init__.py
mistral-lib,openstack/mistral-lib,requirements.txt,5,"Other(""eventlet!=0.20.1,>=0.20.0 # MIT"")","eventlet!=0.20.1,>=0.20.0 # MIT",https://opendev.org/openstack/mistral-lib/src/branch/master/requirements.txt
monasca-agent,openstack/monasca-agent,monasca_agent/collector/checks/services_checks.py,18,Import,import eventlet,https://opendev.org/openstack/monasca-agent/src/branch/master/monasca_agent/collector/checks/services_checks.py
monasca-agent,openstack/monasca-agent,monasca_agent/collector/checks/services_checks.py,112,"Other(""eventlet.timeout"")",with eventlet.timeout.Timeout(self.timeout):,https://opendev.org/openstack/monasca-agent/src/branch/master/monasca_agent/collector/checks/services_checks.py
monasca-agent,openstack/monasca-agent,monasca_agent/collector/checks/services_checks.py,118,"Other(""eventlet.Timeout"")",except eventlet.Timeout:,https://opendev.org/openstack/monasca-agent/src/branch/master/monasca_agent/collector/checks/services_checks.py
monasca-agent,openstack/monasca-agent,monasca_agent/collector/virt/xenapi/inspector.py,17,Import,from eventlet import timeout,https://opendev.org/openstack/monasca-agent/src/branch/master/monasca_agent/collector/virt/xenapi/inspector.py
monasca-agent,openstack/monasca-agent,requirements.txt,25,"Other(""eventlet!=0.18.3,!=0.20.1,>=0.18.2 # MIT"")","eventlet!=0.18.3,!=0.20.1,>=0.18.2 # MIT",https://opendev.org/openstack/monasca-agent/src/branch/master/requirements.txt
monasca-api,openstack/monasca-api,README.rst,48,"Other(""$ gunicorn -k eventlet --worker-connections=2000 -"")",$ gunicorn -k eventlet --worker-connections=2000 --backlog=1000 --paste /etc/monasca/api-config.ini,https://opendev.org/openstack/monasca-api/src/branch/master/README.rst
monasca-api,openstack/monasca-api,README.rst,51,"Other(""$ gunicorn -k eventlet --worker-connections=2000 -"")",$ gunicorn -k eventlet --worker-connections=2000 --backlog=1000 --paste /etc/monasca/api-config.ini -D,https://opendev.org/openstack/monasca-api/src/branch/master/README.rst
monasca-api,openstack/monasca-api,docker/api-config.ini.j2,22,"Other(""worker-class = eventlet"")",worker-class = eventlet,https://opendev.org/openstack/monasca-api/src/branch/master/docker/api-config.ini.j2
monasca-api,openstack/monasca-api,etc/api-config.ini,22,"Other(""worker-class = eventlet"")",worker-class = eventlet,https://opendev.org/openstack/monasca-api/src/branch/master/etc/api-config.ini
monasca-api,openstack/monasca-api,requirements.txt,28,"Other(""eventlet!=0.18.3,!=0.20.1,!=0.21.0,!=0.23.0,!=0.25"")","eventlet!=0.18.3,!=0.20.1,!=0.21.0,!=0.23.0,!=0.25.0,>=0.18.2 # MIT",https://opendev.org/openstack/monasca-api/src/branch/master/requirements.txt
monasca-events-api,openstack/monasca-events-api,etc/monasca/events-api-paste.ini,60,"Other(""worker-class = eventlet"")",worker-class = eventlet,https://opendev.org/openstack/monasca-events-api/src/branch/master/etc/monasca/events-api-paste.ini
monasca-events-api,openstack/monasca-events-api,lower-constraints.txt,4,"Other(""eventlet==0.18.2"")",eventlet==0.18.2,https://opendev.org/openstack/monasca-events-api/src/branch/master/lower-constraints.txt
monasca-events-api,openstack/monasca-events-api,requirements.txt,17,"Other(""eventlet!=0.18.3,!=0.20.1,>=0.18.2 # MIT"")","eventlet!=0.18.3,!=0.20.1,>=0.18.2 # MIT",https://opendev.org/openstack/monasca-events-api/src/branch/master/requirements.txt
networking-baremetal,openstack/networking-baremetal,networking_baremetal/agent/ironic_neutron_agent.py,20,Import,import eventlet,https://opendev.org/openstack/networking-baremetal/src/branch/master/networking_baremetal/agent/ironic_neutron_agent.py
networking-baremetal,openstack/networking-baremetal,networking_baremetal/agent/ironic_neutron_agent.py,22,MonkeyPatch,eventlet.monkey_patch(),https://opendev.org/openstack/networking-baremetal/src/branch/master/networking_baremetal/agent/ironic_neutron_agent.py
networking-baremetal,openstack/networking-baremetal,networking_baremetal/agent/ironic_neutron_agent.py,76,Executor,"transport, targets, endpoints, executor='eventlet', pool=agent_id)",https://opendev.org/openstack/networking-baremetal/src/branch/master/networking_baremetal/agent/ironic_neutron_agent.py
networking-generic-switch,openstack/networking-generic-switch,networking_generic_switch/batching.py,23,Import,import eventlet,https://opendev.org/openstack/networking-generic-switch/src/branch/master/networking_generic_switch/batching.py
networking-generic-switch,openstack/networking-generic-switch,networking_generic_switch/batching.py,35,"Other(""eventlet.greenpool"")",THREAD_POOL = eventlet.greenpool.GreenPool(),https://opendev.org/openstack/networking-generic-switch/src/branch/master/networking_generic_switch/batching.py
networking-generic-switch,openstack/networking-generic-switch,networking_generic_switch/batching.py,54,"Other(""eventlet.Timeout"")","with eventlet.Timeout(SHUTDOWN_TIMEOUT, ShutdownTimeout):",https://opendev.org/openstack/networking-generic-switch/src/branch/master/networking_generic_switch/batching.py
networking-generic-switch,openstack/networking-generic-switch,networking_generic_switch/batching.py,371,Sleep,eventlet.sleep(0),https://opendev.org/openstack/networking-generic-switch/src/branch/master/networking_generic_switch/batching.py
networking-generic-switch,openstack/networking-generic-switch,requirements.txt,5,"Other(""eventlet>=0.18.2 # Apache-2.0"")",eventlet>=0.18.2 # Apache-2.0,https://opendev.org/openstack/networking-generic-switch/src/branch/master/requirements.txt
networking-generic-switch,openstack/networking-generic-switch,tools/ngs-stress/ngs_stress.py,21,Import,import eventlet,https://opendev.org/openstack/networking-generic-switch/src/branch/master/tools/ngs-stress/ngs_stress.py
networking-generic-switch,openstack/networking-generic-switch,tools/ngs-stress/ngs_stress.py,28,MonkeyPatch,eventlet.monkey_patch(),https://opendev.org/openstack/networking-generic-switch/src/branch/master/tools/ngs-stress/ngs_stress.py
networking-sfc,openstack/networking-sfc,networking_sfc/services/sfc/agent/__init__.py,1,Import,from neutron.common import eventlet_utils,https://opendev.org/openstack/networking-sfc/src/branch/master/networking_sfc/services/sfc/agent/__init__.py
networking-sfc,openstack/networking-sfc,networking_sfc/services/sfc/agent/__init__.py,2,"Other(""eventlet_utils.monkey_patch()"")",eventlet_utils.monkey_patch(),https://opendev.org/openstack/networking-sfc/src/branch/master/networking_sfc/services/sfc/agent/__init__.py
networking-sfc,openstack/networking-sfc,requirements.txt,7,"Other(""eventlet>=0.27.0 # MIT"")",eventlet>=0.27.0 # MIT,https://opendev.org/openstack/networking-sfc/src/branch/master/requirements.txt
neutron,openstack/neutron,.coveragerc,6,"Other(""neutron/cmd/eventlet/agents/dhcp.py"")",neutron/cmd/eventlet/agents/dhcp.py,https://opendev.org/openstack/neutron/src/branch/master/.coveragerc
neutron,openstack/neutron,.coveragerc,7,"Other(""neutron/cmd/eventlet/agents/l3.py"")",neutron/cmd/eventlet/agents/l3.py,https://opendev.org/openstack/neutron/src/branch/master/.coveragerc
neutron,openstack/neutron,.coveragerc,8,"Other(""neutron/cmd/eventlet/agents/metadata.py"")",neutron/cmd/eventlet/agents/metadata.py,https://opendev.org/openstack/neutron/src/branch/master/.coveragerc
neutron,openstack/neutron,.coveragerc,9,"Other(""neutron/cmd/eventlet/agents/ovn_metadata.py"")",neutron/cmd/eventlet/agents/ovn_metadata.py,https://opendev.org/openstack/neutron/src/branch/master/.coveragerc
neutron,openstack/neutron,.coveragerc,10,"Other(""neutron/cmd/eventlet/agents/ovn_neutron_agent.py"")",neutron/cmd/eventlet/agents/ovn_neutron_agent.py,https://opendev.org/openstack/neutron/src/branch/master/.coveragerc
neutron,openstack/neutron,.coveragerc,11,"Other(""neutron/cmd/eventlet/plugins/linuxbridge_neutron_a"")",neutron/cmd/eventlet/plugins/linuxbridge_neutron_agent.py,https://opendev.org/openstack/neutron/src/branch/master/.coveragerc
neutron,openstack/neutron,.coveragerc,12,"Other(""neutron/cmd/eventlet/plugins/macvtap_neutron_agent"")",neutron/cmd/eventlet/plugins/macvtap_neutron_agent.py,https://opendev.org/openstack/neutron/src/branch/master/.coveragerc
neutron,openstack/neutron,.coveragerc,13,"Other(""neutron/cmd/eventlet/plugins/ovs_neutron_agent.py"")",neutron/cmd/eventlet/plugins/ovs_neutron_agent.py,https://opendev.org/openstack/neutron/src/branch/master/.coveragerc
neutron,openstack/neutron,.coveragerc,14,"Other(""neutron/cmd/eventlet/plugins/sriov_nic_neutron_age"")",neutron/cmd/eventlet/plugins/sriov_nic_neutron_agent.py,https://opendev.org/openstack/neutron/src/branch/master/.coveragerc
neutron,openstack/neutron,doc/source/contributor/contribute.rst,479,"Other(""eventlet.agents"")",neutron-foo-agent = networking_foo.cmd.eventlet.agents.foo:main,https://opendev.org/openstack/neutron/src/branch/master/doc/source/contributor/contribute.rst
neutron,openstack/neutron,doc/source/contributor/effective_neutron.rst,197,"Other(""Document common pitfalls as well as good practices"")",Document common pitfalls as well as good practices done when using eventlet,https://opendev.org/openstack/neutron/src/branch/master/doc/source/contributor/effective_neutron.rst
neutron,openstack/neutron,doc/source/contributor/effective_neutron.rst,205,"Other(""https://wiki.openstack.org/wiki/OpenStack_and_SQLA"")",https://wiki.openstack.org/wiki/OpenStack_and_SQLAlchemy#MySQLdb_.2B_eventlet_.3D_sad,https://opendev.org/openstack/neutron/src/branch/master/doc/source/contributor/effective_neutron.rst
neutron,openstack/neutron,doc/source/contributor/internals/api_layer.rst,45,"Other(""eventlet.net"")",.. _Eventlet: http://eventlet.net/,https://opendev.org/openstack/neutron/src/branch/master/doc/source/contributor/internals/api_layer.rst
neutron,openstack/neutron,doc/source/contributor/internals/api_layer.rst,47,"Other(""eventlet.net"")",.. _GreenPool: http://eventlet.net/doc/modules/greenpool.html,https://opendev.org/openstack/neutron/src/branch/master/doc/source/contributor/internals/api_layer.rst
neutron,openstack/neutron,doc/source/contributor/internals/services_and_agents.rst,61,"Other(""Neutron extensively utilizes the eventlet library "")",Neutron extensively utilizes the eventlet library to provide asynchronous,https://opendev.org/openstack/neutron/src/branch/master/doc/source/contributor/internals/services_and_agents.rst
neutron,openstack/neutron,doc/source/contributor/internals/services_and_agents.rst,65,"Other(""If a service utilizes the eventlet library, then i"")","If a service utilizes the eventlet library, then it should not call",https://opendev.org/openstack/neutron/src/branch/master/doc/source/contributor/internals/services_and_agents.rst
neutron,openstack/neutron,doc/source/contributor/internals/services_and_agents.rst,66,MonkeyPatch,eventlet.monkey_patch() directly but instead maintain its entry point main(),https://opendev.org/openstack/neutron/src/branch/master/doc/source/contributor/internals/services_and_agents.rst
neutron,openstack/neutron,doc/source/contributor/internals/services_and_agents.rst,67,"Other(""function under neutron/cmd/eventlet/... If that is"")","function under neutron/cmd/eventlet/... If that is the case, the standard",https://opendev.org/openstack/neutron/src/branch/master/doc/source/contributor/internals/services_and_agents.rst
neutron,openstack/neutron,doc/source/contributor/internals/services_and_agents.rst,70,"Other(""<http://opendev.org/openstack/neutron/src/neutron/"")",<http://opendev.org/openstack/neutron/src/neutron/cmd/eventlet/__init__.py>`_).,https://opendev.org/openstack/neutron/src/branch/master/doc/source/contributor/internals/services_and_agents.rst
neutron,openstack/neutron,neutron/agent/common/async_process.py,17,Import,import eventlet,https://opendev.org/openstack/neutron/src/branch/master/neutron/agent/common/async_process.py
neutron,openstack/neutron,neutron/agent/common/async_process.py,18,Import,import eventlet.event,https://opendev.org/openstack/neutron/src/branch/master/neutron/agent/common/async_process.py
neutron,openstack/neutron,neutron/agent/common/async_process.py,19,Import,from eventlet.green import subprocess,https://opendev.org/openstack/neutron/src/branch/master/neutron/agent/common/async_process.py
neutron,openstack/neutron,neutron/agent/common/async_process.py,20,Import,import eventlet.queue,https://opendev.org/openstack/neutron/src/branch/master/neutron/agent/common/async_process.py
neutron,openstack/neutron,neutron/agent/common/async_process.py,115,"Other(""eventlet.queue"")",self._stdout_lines = eventlet.queue.LightQueue(),https://opendev.org/openstack/neutron/src/branch/master/neutron/agent/common/async_process.py
neutron,openstack/neutron,neutron/agent/common/async_process.py,116,"Other(""eventlet.queue"")",self._stderr_lines = eventlet.queue.LightQueue(),https://opendev.org/openstack/neutron/src/branch/master/neutron/agent/common/async_process.py
neutron,openstack/neutron,neutron/agent/common/async_process.py,169,"Other(""eventlet.event"")",self._kill_event = eventlet.event.Event(),https://opendev.org/openstack/neutron/src/branch/master/neutron/agent/common/async_process.py
neutron,openstack/neutron,neutron/agent/common/async_process.py,178,Spawn,"watcher = eventlet.spawn(self._watch_process,",https://opendev.org/openstack/neutron/src/branch/master/neutron/agent/common/async_process.py
neutron,openstack/neutron,neutron/agent/common/async_process.py,244,Sleep,eventlet.sleep(self.respawn_interval),https://opendev.org/openstack/neutron/src/branch/master/neutron/agent/common/async_process.py
neutron,openstack/neutron,neutron/agent/common/async_process.py,267,Sleep,eventlet.sleep(),https://opendev.org/openstack/neutron/src/branch/master/neutron/agent/common/async_process.py
neutron,openstack/neutron,neutron/agent/common/async_process.py,310,"Other(""eventlet.queue"")",except eventlet.queue.Empty:,https://opendev.org/openstack/neutron/src/branch/master/neutron/agent/common/async_process.py
neutron,openstack/neutron,neutron/agent/common/polling.py,18,Import,import eventlet,https://opendev.org/openstack/neutron/src/branch/master/neutron/agent/common/polling.py
neutron,openstack/neutron,neutron/agent/common/polling.py,75,Sleep,eventlet.sleep(),https://opendev.org/openstack/neutron/src/branch/master/neutron/agent/common/polling.py
neutron,openstack/neutron,neutron/agent/common/utils.py,18,Import,from eventlet import patcher,https://opendev.org/openstack/neutron/src/branch/master/neutron/agent/common/utils.py
neutron,openstack/neutron,neutron/agent/common/utils.py,22,Import,from oslo_utils import eventletutils,https://opendev.org/openstack/neutron/src/branch/master/neutron/agent/common/utils.py
neutron,openstack/neutron,neutron/agent/common/utils.py,70,"Other(""\""\""\""Determines if socket module is patched by event"")","""""""Determines if socket module is patched by eventlet",https://opendev.org/openstack/neutron/src/branch/master/neutron/agent/common/utils.py
neutron,openstack/neutron,neutron/agent/common/utils.py,75,"Other(""class is to workaround eventlet bug"")",class is to workaround eventlet bug,https://opendev.org/openstack/neutron/src/branch/master/neutron/agent/common/utils.py
neutron,openstack/neutron,neutron/agent/common/utils.py,76,"Other(""https://github.com/eventlet/eventlet/issues/764 an"")",https://github.com/eventlet/eventlet/issues/764 and for the,https://opendev.org/openstack/neutron/src/branch/master/neutron/agent/common/utils.py
neutron,openstack/neutron,neutron/agent/common/utils.py,78,"Other(""with socket mocks as it abstracts eventlet under t"")",with socket mocks as it abstracts eventlet under the hood module,https://opendev.org/openstack/neutron/src/branch/master/neutron/agent/common/utils.py
neutron,openstack/neutron,neutron/agent/common/utils.py,80,"Other(""TODO(mtomaska): This class(workaround) can be remo"")",TODO(mtomaska): This class(workaround) can be removed once eventlet,https://opendev.org/openstack/neutron/src/branch/master/neutron/agent/common/utils.py
neutron,openstack/neutron,neutron/agent/common/utils.py,84,"Other(""if eventletutils.is_monkey_patched(socket.__name__"")",if eventletutils.is_monkey_patched(socket.__name__):,https://opendev.org/openstack/neutron/src/branch/master/neutron/agent/common/utils.py
neutron,openstack/neutron,neutron/agent/common/utils.py,85,"Other(""LOG.debug(\""Std library socket module is patched by"")","LOG.debug(""Std library socket module is patched by eventlet. """,https://opendev.org/openstack/neutron/src/branch/master/neutron/agent/common/utils.py
neutron,openstack/neutron,neutron/agent/common/utils.py,86,Import,"""Requesting std library socket module from eventlet."")",https://opendev.org/openstack/neutron/src/branch/master/neutron/agent/common/utils.py
neutron,openstack/neutron,neutron/agent/common/utils.py,89,"Other(""LOG.debug(\""Std library socket module is not patche"")","LOG.debug(""Std library socket module is not patched by eventlet. """,https://opendev.org/openstack/neutron/src/branch/master/neutron/agent/common/utils.py
neutron,openstack/neutron,neutron/agent/dhcp/agent.py,21,Import,import eventlet,https://opendev.org/openstack/neutron/src/branch/master/neutron/agent/dhcp/agent.py
neutron,openstack/neutron,neutron/agent/dhcp/agent.py,136,Pool,self._pool = eventlet.GreenPool(1),https://opendev.org/openstack/neutron/src/branch/master/neutron/agent/dhcp/agent.py
neutron,openstack/neutron,neutron/agent/dhcp/agent.py,180,"Other(""eventlet.spawn_n"")",eventlet.spawn_n(self._process_loop),https://opendev.org/openstack/neutron/src/branch/master/neutron/agent/dhcp/agent.py
neutron,openstack/neutron,neutron/agent/dhcp/agent.py,182,"Other(""eventlet.spawn_n"")",eventlet.spawn_n(self._reload_bulk_allocations),https://opendev.org/openstack/neutron/src/branch/master/neutron/agent/dhcp/agent.py
neutron,openstack/neutron,neutron/agent/dhcp/agent.py,195,"Other(""eventlet.greenthread"")",eventlet.greenthread.sleep(self.conf.bulk_reload_interval),https://opendev.org/openstack/neutron/src/branch/master/neutron/agent/dhcp/agent.py
neutron,openstack/neutron,neutron/agent/dhcp/agent.py,293,"Other(""eventlet.greenthread"")",eventlet.greenthread.sleep(0),https://opendev.org/openstack/neutron/src/branch/master/neutron/agent/dhcp/agent.py
neutron,openstack/neutron,neutron/agent/dhcp/agent.py,302,Pool,pool = eventlet.GreenPool(self.conf.num_sync_threads),https://opendev.org/openstack/neutron/src/branch/master/neutron/agent/dhcp/agent.py
neutron,openstack/neutron,neutron/agent/dhcp/agent.py,369,Sleep,eventlet.sleep(0.2),https://opendev.org/openstack/neutron/src/branch/master/neutron/agent/dhcp/agent.py
neutron,openstack/neutron,neutron/agent/dhcp/agent.py,374,Spawn,eventlet.spawn(self._dhcp_ready_ports_loop),https://opendev.org/openstack/neutron/src/branch/master/neutron/agent/dhcp/agent.py
neutron,openstack/neutron,neutron/agent/dhcp/agent.py,406,Spawn,eventlet.spawn(self._periodic_resync_helper),https://opendev.org/openstack/neutron/src/branch/master/neutron/agent/dhcp/agent.py
neutron,openstack/neutron,neutron/agent/l3/agent.py,18,Import,import eventlet,https://opendev.org/openstack/neutron/src/branch/master/neutron/agent/l3/agent.py
neutron,openstack/neutron,neutron/agent/l3/agent.py,331,Pool,self._pool = eventlet.GreenPool(size=self._pool_size),https://opendev.org/openstack/neutron/src/branch/master/neutron/agent/l3/agent.py
neutron,openstack/neutron,neutron/agent/l3/agent.py,980,"Other(""eventlet.spawn_n"")",eventlet.spawn_n(self._process_routers_loop),https://opendev.org/openstack/neutron/src/branch/master/neutron/agent/l3/agent.py
neutron,openstack/neutron,neutron/agent/l3/agent.py,1068,"Other(""eventlet.spawn_n"")",eventlet.spawn_n(self._process_routers_loop),https://opendev.org/openstack/neutron/src/branch/master/neutron/agent/l3/agent.py
neutron,openstack/neutron,neutron/agent/l3/ha.py,19,Import,import eventlet,https://opendev.org/openstack/neutron/src/branch/master/neutron/agent/l3/ha.py
neutron,openstack/neutron,neutron/agent/l3/ha.py,91,Spawn,eventlet.spawn(self._start_keepalived_notifications_server),https://opendev.org/openstack/neutron/src/branch/master/neutron/agent/l3/ha.py
neutron,openstack/neutron,neutron/agent/l3/ha.py,164,"Other(""eventlet.spawn_n"")","eventlet.spawn_n(self._enqueue_state_change, router_id, state)",https://opendev.org/openstack/neutron/src/branch/master/neutron/agent/l3/ha.py
neutron,openstack/neutron,neutron/agent/l3/ha.py,165,Sleep,eventlet.sleep(0),https://opendev.org/openstack/neutron/src/branch/master/neutron/agent/l3/ha.py
neutron,openstack/neutron,neutron/agent/l3/ha.py,170,Sleep,eventlet.sleep(self.conf.ha_vrrp_advert_int),https://opendev.org/openstack/neutron/src/branch/master/neutron/agent/l3/ha.py
neutron,openstack/neutron,neutron/agent/linux/external_process.py,19,Import,import eventlet,https://opendev.org/openstack/neutron/src/branch/master/neutron/agent/linux/external_process.py
neutron,openstack/neutron,neutron/agent/linux/external_process.py,257,Spawn,eventlet.spawn(self._periodic_checking_thread),https://opendev.org/openstack/neutron/src/branch/master/neutron/agent/linux/external_process.py
neutron,openstack/neutron,neutron/agent/linux/external_process.py,278,Sleep,eventlet.sleep(self._config.AGENT.check_child_processes_interval),https://opendev.org/openstack/neutron/src/branch/master/neutron/agent/linux/external_process.py
neutron,openstack/neutron,neutron/agent/linux/external_process.py,279,Spawn,eventlet.spawn(self._check_child_processes),https://opendev.org/openstack/neutron/src/branch/master/neutron/agent/linux/external_process.py
neutron,openstack/neutron,neutron/agent/linux/ip_conntrack.py,16,Import,import eventlet,https://opendev.org/openstack/neutron/src/branch/master/neutron/agent/linux/ip_conntrack.py
neutron,openstack/neutron,neutron/agent/linux/ip_conntrack.py,74,"Other(""eventlet.queue"")",self._queue = eventlet.queue.LightQueue(),https://opendev.org/openstack/neutron/src/branch/master/neutron/agent/linux/ip_conntrack.py
neutron,openstack/neutron,neutron/agent/linux/ip_conntrack.py,76,"Other(""eventlet.spawn_n"")",eventlet.spawn_n(self._process_queue_worker),https://opendev.org/openstack/neutron/src/branch/master/neutron/agent/linux/ip_conntrack.py
neutron,openstack/neutron,neutron/agent/linux/ip_lib.py,22,Import,import eventlet,https://opendev.org/openstack/neutron/src/branch/master/neutron/agent/linux/ip_lib.py
neutron,openstack/neutron,neutron/agent/linux/ip_lib.py,1122,"Other(""use_eventlet=True):"")",use_eventlet=True):,https://opendev.org/openstack/neutron/src/branch/master/neutron/agent/linux/ip_lib.py
neutron,openstack/neutron,neutron/agent/linux/ip_lib.py,1140,"Other("":param use_eventlet: (Optional) True if the arping"")",:param use_eventlet: (Optional) True if the arping command will be spawned,https://opendev.org/openstack/neutron/src/branch/master/neutron/agent/linux/ip_lib.py
neutron,openstack/neutron,neutron/agent/linux/ip_lib.py,1141,"Other(""using eventlet, False to use Python threads"")","using eventlet, False to use Python threads",https://opendev.org/openstack/neutron/src/branch/master/neutron/agent/linux/ip_lib.py
neutron,openstack/neutron,neutron/agent/linux/ip_lib.py,1148,"Other(""if use_eventlet:"")",if use_eventlet:,https://opendev.org/openstack/neutron/src/branch/master/neutron/agent/linux/ip_lib.py
neutron,openstack/neutron,neutron/agent/linux/ip_lib.py,1149,"Other(""eventlet.spawn_n"")",eventlet.spawn_n(arping),https://opendev.org/openstack/neutron/src/branch/master/neutron/agent/linux/ip_lib.py
neutron,openstack/neutron,neutron/agent/linux/ip_lib.py,1543,"Other(""eventlet.Queue"")",_queue = eventlet.Queue(),https://opendev.org/openstack/neutron/src/branch/master/neutron/agent/linux/ip_lib.py
neutron,openstack/neutron,neutron/agent/linux/ip_lib.py,1560,"Other(""eventlet.queue"")",except eventlet.queue.Empty:,https://opendev.org/openstack/neutron/src/branch/master/neutron/agent/linux/ip_lib.py
neutron,openstack/neutron,neutron/agent/linux/of_monitor.py,18,Import,import eventlet,https://opendev.org/openstack/neutron/src/branch/master/neutron/agent/linux/of_monitor.py
neutron,openstack/neutron,neutron/agent/linux/of_monitor.py,55,"Other(""eventlet.queue"")",self._queue = eventlet.queue.Queue(),https://opendev.org/openstack/neutron/src/branch/master/neutron/agent/linux/of_monitor.py
neutron,openstack/neutron,neutron/agent/linux/of_monitor.py,56,Spawn,"eventlet.spawn(self._read_and_enqueue, self.iter_stdout)",https://opendev.org/openstack/neutron/src/branch/master/neutron/agent/linux/of_monitor.py
neutron,openstack/neutron,neutron/agent/linux/of_monitor.py,57,Spawn,"eventlet.spawn(self._read_and_enqueue, self.iter_stderr)",https://opendev.org/openstack/neutron/src/branch/master/neutron/agent/linux/of_monitor.py
neutron,openstack/neutron,neutron/agent/linux/openvswitch_firewall/firewall.py,22,Import,import eventlet,https://opendev.org/openstack/neutron/src/branch/master/neutron/agent/linux/openvswitch_firewall/firewall.py
neutron,openstack/neutron,neutron/agent/linux/openvswitch_firewall/firewall.py,885,Sleep,eventlet.sleep(0),https://opendev.org/openstack/neutron/src/branch/master/neutron/agent/linux/openvswitch_firewall/firewall.py
neutron,openstack/neutron,neutron/agent/linux/pd.py,19,Import,import eventlet,https://opendev.org/openstack/neutron/src/branch/master/neutron/agent/linux/pd.py
neutron,openstack/neutron,neutron/agent/linux/pd.py,228,"Other(""eventlet.spawn_n"")","eventlet.spawn_n(self._ensure_lla_task,",https://opendev.org/openstack/neutron/src/branch/master/neutron/agent/linux/pd.py
neutron,openstack/neutron,neutron/agent/linux/utils.py,26,Import,import eventlet,https://opendev.org/openstack/neutron/src/branch/master/neutron/agent/linux/utils.py
neutron,openstack/neutron,neutron/agent/linux/utils.py,27,Import,from eventlet.green import subprocess,https://opendev.org/openstack/neutron/src/branch/master/neutron/agent/linux/utils.py
neutron,openstack/neutron,neutron/agent/linux/utils.py,417,Wsgi,class UnixDomainHttpProtocol(eventlet.wsgi.HttpProtocol):,https://opendev.org/openstack/neutron/src/branch/master/neutron/agent/linux/utils.py
neutron,openstack/neutron,neutron/agent/linux/utils.py,433,Wsgi,"eventlet.wsgi.HttpProtocol.__init__(self, conn_state, server)",https://opendev.org/openstack/neutron/src/branch/master/neutron/agent/linux/utils.py
neutron,openstack/neutron,neutron/agent/linux/utils.py,444,Wsgi,eventlet.wsgi.HttpProtocol.__init__(,https://opendev.org/openstack/neutron/src/branch/master/neutron/agent/linux/utils.py
neutron,openstack/neutron,neutron/agent/linux/utils.py,447,Wsgi,"eventlet.wsgi.HttpProtocol.__init__(self, *args)",https://opendev.org/openstack/neutron/src/branch/master/neutron/agent/linux/utils.py
neutron,openstack/neutron,neutron/agent/linux/utils.py,459,Listen,"self._socket = eventlet.listen(file_socket,",https://opendev.org/openstack/neutron/src/branch/master/neutron/agent/linux/utils.py
neutron,openstack/neutron,neutron/agent/linux/utils.py,469,Wsgi,logger = logging.getLogger('eventlet.wsgi.server'),https://opendev.org/openstack/neutron/src/branch/master/neutron/agent/linux/utils.py
neutron,openstack/neutron,neutron/agent/linux/utils.py,470,Wsgi,"eventlet.wsgi.server(socket,",https://opendev.org/openstack/neutron/src/branch/master/neutron/agent/linux/utils.py
neutron,openstack/neutron,neutron/api/wsgi.py,24,Wsgi,import eventlet.wsgi,https://opendev.org/openstack/neutron/src/branch/master/neutron/api/wsgi.py
neutron,openstack/neutron,neutron/api/wsgi.py,89,"Other(""eventlet.greenthread"")","if isinstance(self._server, eventlet.greenthread.GreenThread):",https://opendev.org/openstack/neutron/src/branch/master/neutron/api/wsgi.py
neutron,openstack/neutron,neutron/api/wsgi.py,93,"Other(""eventlet.greenthread"")","if isinstance(self._server, eventlet.greenthread.GreenThread):",https://opendev.org/openstack/neutron/src/branch/master/neutron/api/wsgi.py
neutron,openstack/neutron,neutron/api/wsgi.py,107,Wsgi,eventlet.wsgi.MAX_HEADER_LINE = CONF.max_header_line,https://opendev.org/openstack/neutron/src/branch/master/neutron/api/wsgi.py
neutron,openstack/neutron,neutron/api/wsgi.py,111,Pool,self.pool = eventlet.GreenPool(1),https://opendev.org/openstack/neutron/src/branch/master/neutron/api/wsgi.py
neutron,openstack/neutron,neutron/api/wsgi.py,141,Listen,"sock = eventlet.listen(bind_addr,",https://opendev.org/openstack/neutron/src/branch/master/neutron/api/wsgi.py
neutron,openstack/neutron,neutron/api/wsgi.py,148,Sleep,eventlet.sleep(0.1),https://opendev.org/openstack/neutron/src/branch/master/neutron/api/wsgi.py
neutron,openstack/neutron,neutron/api/wsgi.py,223,Wsgi,"eventlet.wsgi.server(socket, application,",https://opendev.org/openstack/neutron/src/branch/master/neutron/api/wsgi.py
neutron,openstack/neutron,neutron/cmd/eventlet/__init__.py,13,Import,from neutron.common import eventlet_utils,https://opendev.org/openstack/neutron/src/branch/master/neutron/cmd/eventlet/__init__.py
neutron,openstack/neutron,neutron/cmd/eventlet/__init__.py,15,"Other(""eventlet_utils.monkey_patch()"")",eventlet_utils.monkey_patch(),https://opendev.org/openstack/neutron/src/branch/master/neutron/cmd/eventlet/__init__.py
neutron,openstack/neutron,neutron/cmd/eventlet/server/__init__.py,14,"Other(""from neutron.server import api_eventlet"")",from neutron.server import api_eventlet,https://opendev.org/openstack/neutron/src/branch/master/neutron/cmd/eventlet/server/__init__.py
neutron,openstack/neutron,neutron/cmd/eventlet/server/__init__.py,16,"Other(""from neutron.server import periodic_eventlet"")",from neutron.server import periodic_eventlet,https://opendev.org/openstack/neutron/src/branch/master/neutron/cmd/eventlet/server/__init__.py
neutron,openstack/neutron,neutron/cmd/eventlet/server/__init__.py,17,"Other(""from neutron.server import rpc_eventlet"")",from neutron.server import rpc_eventlet,https://opendev.org/openstack/neutron/src/branch/master/neutron/cmd/eventlet/server/__init__.py
neutron,openstack/neutron,neutron/cmd/eventlet/server/__init__.py,18,"Other(""from neutron.server import wsgi_eventlet"")",from neutron.server import wsgi_eventlet,https://opendev.org/openstack/neutron/src/branch/master/neutron/cmd/eventlet/server/__init__.py
neutron,openstack/neutron,neutron/cmd/eventlet/server/__init__.py,22,"Other(""eventlet.eventlet_wsgi_server"")",server.boot_server(wsgi_eventlet.eventlet_wsgi_server),https://opendev.org/openstack/neutron/src/branch/master/neutron/cmd/eventlet/server/__init__.py
neutron,openstack/neutron,neutron/cmd/eventlet/server/__init__.py,25,"Other(""def main_rpc_eventlet():"")",def main_rpc_eventlet():,https://opendev.org/openstack/neutron/src/branch/master/neutron/cmd/eventlet/server/__init__.py
neutron,openstack/neutron,neutron/cmd/eventlet/server/__init__.py,26,"Other(""eventlet.eventlet_rpc_server"")",server.boot_server(rpc_eventlet.eventlet_rpc_server),https://opendev.org/openstack/neutron/src/branch/master/neutron/cmd/eventlet/server/__init__.py
neutron,openstack/neutron,neutron/cmd/eventlet/server/__init__.py,29,"Other(""def main_api_eventlet():"")",def main_api_eventlet():,https://opendev.org/openstack/neutron/src/branch/master/neutron/cmd/eventlet/server/__init__.py
neutron,openstack/neutron,neutron/cmd/eventlet/server/__init__.py,30,"Other(""eventlet.eventlet_api_server"")",return server.boot_server(api_eventlet.eventlet_api_server),https://opendev.org/openstack/neutron/src/branch/master/neutron/cmd/eventlet/server/__init__.py
neutron,openstack/neutron,neutron/cmd/eventlet/server/__init__.py,33,"Other(""def main_periodic_eventlet():"")",def main_periodic_eventlet():,https://opendev.org/openstack/neutron/src/branch/master/neutron/cmd/eventlet/server/__init__.py
neutron,openstack/neutron,neutron/cmd/eventlet/server/__init__.py,34,"Other(""eventlet.eventlet_periodic_workers"")",server.boot_server(periodic_eventlet.eventlet_periodic_workers),https://opendev.org/openstack/neutron/src/branch/master/neutron/cmd/eventlet/server/__init__.py
neutron,openstack/neutron,neutron/cmd/eventlet/server/__init__.py,37,"Other(""def main_ovn_maintenance_eventlet():"")",def main_ovn_maintenance_eventlet():,https://opendev.org/openstack/neutron/src/branch/master/neutron/cmd/eventlet/server/__init__.py
neutron,openstack/neutron,neutron/cmd/eventlet/server/__init__.py,38,"Other(""return server.boot_server(ovn_maintenance.eventlet"")",return server.boot_server(ovn_maintenance.eventlet_ovn_maintenance_worker),https://opendev.org/openstack/neutron/src/branch/master/neutron/cmd/eventlet/server/__init__.py
neutron,openstack/neutron,neutron/cmd/ovn/neutron_ovn_db_sync_util.py,173,"Other(""logging.setup(conf, 'neutron_ovn_db_sync_util', fi"")","logging.setup(conf, 'neutron_ovn_db_sync_util', fix_eventlet=False)",https://opendev.org/openstack/neutron/src/branch/master/neutron/cmd/ovn/neutron_ovn_db_sync_util.py
neutron,openstack/neutron,neutron/common/config.py,118,"Other(""logging.setup(cfg.CONF, product_name, fix_eventlet"")","logging.setup(cfg.CONF, product_name, fix_eventlet=False)",https://opendev.org/openstack/neutron/src/branch/master/neutron/common/config.py
neutron,openstack/neutron,neutron/common/eventlet_utils.py,16,Import,import eventlet,https://opendev.org/openstack/neutron/src/branch/master/neutron/common/eventlet_utils.py
neutron,openstack/neutron,neutron/common/eventlet_utils.py,21,MonkeyPatch,eventlet.monkey_patch(),https://opendev.org/openstack/neutron/src/branch/master/neutron/common/eventlet_utils.py
neutron,openstack/neutron,neutron/common/utils.py,36,Import,import eventlet,https://opendev.org/openstack/neutron/src/branch/master/neutron/common/utils.py
neutron,openstack/neutron,neutron/common/utils.py,37,Import,from eventlet.green import subprocess,https://opendev.org/openstack/neutron/src/branch/master/neutron/common/utils.py
neutron,openstack/neutron,neutron/common/utils.py,113,Sleep,eventlet.sleep(time_to_wait),https://opendev.org/openstack/neutron/src/branch/master/neutron/common/utils.py
neutron,openstack/neutron,neutron/common/utils.py,738,"Other(""eventlet.Timeout"")",with eventlet.Timeout(timeout):,https://opendev.org/openstack/neutron/src/branch/master/neutron/common/utils.py
neutron,openstack/neutron,neutron/common/utils.py,740,Sleep,eventlet.sleep(sleep),https://opendev.org/openstack/neutron/src/branch/master/neutron/common/utils.py
neutron,openstack/neutron,neutron/common/utils.py,741,"Other(""eventlet.Timeout"")",except eventlet.Timeout:,https://opendev.org/openstack/neutron/src/branch/master/neutron/common/utils.py
neutron,openstack/neutron,neutron/common/utils.py,920,Spawn,"""""""As eventlet.spawn() but with osprofiler initialized in the new threads",https://opendev.org/openstack/neutron/src/branch/master/neutron/common/utils.py
neutron,openstack/neutron,neutron/common/utils.py,923,"Other(""in new threads (including eventlet threads) osprof"")",in new threads (including eventlet threads) osprofiler comes uninitialized,https://opendev.org/openstack/neutron/src/branch/master/neutron/common/utils.py
neutron,openstack/neutron,neutron/common/utils.py,924,Spawn,by default. This spawn() is a stand-in replacement for eventlet.spawn(),https://opendev.org/openstack/neutron/src/branch/master/neutron/common/utils.py
neutron,openstack/neutron,neutron/common/utils.py,936,Spawn,"return eventlet.spawn(wrapper, *args, **kwargs)",https://opendev.org/openstack/neutron/src/branch/master/neutron/common/utils.py
neutron,openstack/neutron,neutron/common/utils.py,950,"Other(""eventlet.spawn_n"")","return eventlet.spawn_n(wrapper, *args, **kwargs)",https://opendev.org/openstack/neutron/src/branch/master/neutron/common/utils.py
neutron,openstack/neutron,neutron/db/agents_db.py,19,Import,from eventlet import greenthread,https://opendev.org/openstack/neutron/src/branch/master/neutron/db/agents_db.py
neutron,openstack/neutron,neutron/notifiers/batch_notifier.py,15,Import,import eventlet,https://opendev.org/openstack/neutron/src/branch/master/neutron/notifiers/batch_notifier.py
neutron,openstack/neutron,neutron/notifiers/batch_notifier.py,22,"Other(""eventlet.Queue"")",self._pending_events = eventlet.Queue(),https://opendev.org/openstack/neutron/src/branch/master/neutron/notifiers/batch_notifier.py
neutron,openstack/neutron,neutron/notifiers/batch_notifier.py,61,Sleep,eventlet.sleep(self.batch_interval),https://opendev.org/openstack/neutron/src/branch/master/neutron/notifiers/batch_notifier.py
neutron,openstack/neutron,neutron/notifiers/nova.py,18,Import,from eventlet.green import threading,https://opendev.org/openstack/neutron/src/branch/master/neutron/notifiers/nova.py
neutron,openstack/neutron,neutron/plugins/ml2/drivers/openvswitch/agent/openflow/native/ofswitch.py,20,Import,import eventlet,https://opendev.org/openstack/neutron/src/branch/master/neutron/plugins/ml2/drivers/openvswitch/agent/openflow/native/ofswitch.py
neutron,openstack/neutron,neutron/plugins/ml2/drivers/openvswitch/agent/openflow/native/ofswitch.py,93,"Other(""eventlet.Timeout"")",timeout = eventlet.Timeout(seconds=timeout_sec),https://opendev.org/openstack/neutron/src/branch/master/neutron/plugins/ml2/drivers/openvswitch/agent/openflow/native/ofswitch.py
neutron,openstack/neutron,neutron/plugins/ml2/drivers/openvswitch/agent/openflow/native/ofswitch.py,109,"Other(""eventlet.Timeout"")",except eventlet.Timeout as e:,https://opendev.org/openstack/neutron/src/branch/master/neutron/plugins/ml2/drivers/openvswitch/agent/openflow/native/ofswitch.py
neutron,openstack/neutron,neutron/plugins/ml2/drivers/ovn/mech_driver/ovsdb/ovn_db_sync.py,17,Import,from eventlet import greenthread,https://opendev.org/openstack/neutron/src/branch/master/neutron/plugins/ml2/drivers/ovn/mech_driver/ovsdb/ovn_db_sync.py
neutron,openstack/neutron,neutron/plugins/ml2/plugin.py,18,Import,from eventlet import greenthread,https://opendev.org/openstack/neutron/src/branch/master/neutron/plugins/ml2/plugin.py
neutron,openstack/neutron,neutron/privileged/agent/linux/utils.py,19,Import,from eventlet.green import subprocess,https://opendev.org/openstack/neutron/src/branch/master/neutron/privileged/agent/linux/utils.py
neutron,openstack/neutron,neutron/server/api_eventlet.py,27,"Other(""def eventlet_api_server():"")",def eventlet_api_server():,https://opendev.org/openstack/neutron/src/branch/master/neutron/server/api_eventlet.py
neutron,openstack/neutron,neutron/server/ovn_maintenance.py,27,"Other(""def eventlet_ovn_maintenance_worker():"")",def eventlet_ovn_maintenance_worker():,https://opendev.org/openstack/neutron/src/branch/master/neutron/server/ovn_maintenance.py
neutron,openstack/neutron,neutron/server/periodic_eventlet.py,26,"Other(""def eventlet_periodic_workers():"")",def eventlet_periodic_workers():,https://opendev.org/openstack/neutron/src/branch/master/neutron/server/periodic_eventlet.py
neutron,openstack/neutron,neutron/server/rpc_eventlet.py,30,"Other(""def eventlet_rpc_server():"")",def eventlet_rpc_server():,https://opendev.org/openstack/neutron/src/branch/master/neutron/server/rpc_eventlet.py
neutron,openstack/neutron,neutron/server/wsgi_eventlet.py,14,Import,import eventlet,https://opendev.org/openstack/neutron/src/branch/master/neutron/server/wsgi_eventlet.py
neutron,openstack/neutron,neutron/server/wsgi_eventlet.py,23,"Other(""def eventlet_wsgi_server():"")",def eventlet_wsgi_server():,https://opendev.org/openstack/neutron/src/branch/master/neutron/server/wsgi_eventlet.py
neutron,openstack/neutron,neutron/server/wsgi_eventlet.py,32,Pool,pool = eventlet.GreenPool(),https://opendev.org/openstack/neutron/src/branch/master/neutron/server/wsgi_eventlet.py
neutron,openstack/neutron,neutron/services/trunk/drivers/openvswitch/agent/ovsdb_handler.py,18,Import,import eventlet,https://opendev.org/openstack/neutron/src/branch/master/neutron/services/trunk/drivers/openvswitch/agent/ovsdb_handler.py
neutron,openstack/neutron,neutron/services/trunk/drivers/openvswitch/agent/ovsdb_handler.py,144,"Other(""eventlet.spawn_n"")","eventlet.spawn_n(self.handle_trunk_add, port_name)",https://opendev.org/openstack/neutron/src/branch/master/neutron/services/trunk/drivers/openvswitch/agent/ovsdb_handler.py
neutron,openstack/neutron,neutron/services/trunk/drivers/openvswitch/agent/ovsdb_handler.py,149,"Other(""eventlet.spawn_n"")",eventlet.spawn_n(,https://opendev.org/openstack/neutron/src/branch/master/neutron/services/trunk/drivers/openvswitch/agent/ovsdb_handler.py
neutron,openstack/neutron,neutron/wsgi/api.py,19,Import,from neutron.common import eventlet_utils,https://opendev.org/openstack/neutron/src/branch/master/neutron/wsgi/api.py
neutron,openstack/neutron,neutron/wsgi/api.py,20,"Other(""eventlet_utils.monkey_patch()"")",eventlet_utils.monkey_patch(),https://opendev.org/openstack/neutron/src/branch/master/neutron/wsgi/api.py
neutron,openstack/neutron,neutron/wsgi/api.py,25,"Other(""from neutron.server import api_eventlet  # noqa:E4"")",from neutron.server import api_eventlet  # noqa:E402,https://opendev.org/openstack/neutron/src/branch/master/neutron/wsgi/api.py
neutron,openstack/neutron,neutron/wsgi/api.py,31,"Other(""eventlet.eventlet_api_server"")",application = server.boot_server(api_eventlet.eventlet_api_server),https://opendev.org/openstack/neutron/src/branch/master/neutron/wsgi/api.py
neutron,openstack/neutron,requirements.txt,11,"Other(""eventlet>=0.36.1 # MIT"")",eventlet>=0.36.1 # MIT,https://opendev.org/openstack/neutron/src/branch/master/requirements.txt
neutron,openstack/neutron,setup.cfg,34,"Other(""eventlet.server"")",neutron-api = neutron.cmd.eventlet.server:main_api_eventlet,https://opendev.org/openstack/neutron/src/branch/master/setup.cfg
neutron,openstack/neutron,setup.cfg,37,"Other(""eventlet.agents"")",neutron-dhcp-agent = neutron.cmd.eventlet.agents.dhcp:main,https://opendev.org/openstack/neutron/src/branch/master/setup.cfg
neutron,openstack/neutron,setup.cfg,40,"Other(""eventlet.agents"")",neutron-l3-agent = neutron.cmd.eventlet.agents.l3:main,https://opendev.org/openstack/neutron/src/branch/master/setup.cfg
neutron,openstack/neutron,setup.cfg,41,"Other(""eventlet.plugins"")",neutron-linuxbridge-agent = neutron.cmd.eventlet.plugins.linuxbridge_neutron_agent:main,https://opendev.org/openstack/neutron/src/branch/master/setup.cfg
neutron,openstack/neutron,setup.cfg,43,"Other(""eventlet.plugins"")",neutron-macvtap-agent = neutron.cmd.eventlet.plugins.macvtap_neutron_agent:main,https://opendev.org/openstack/neutron/src/branch/master/setup.cfg
neutron,openstack/neutron,setup.cfg,44,"Other(""eventlet.agents"")",neutron-metadata-agent = neutron.cmd.eventlet.agents.metadata:main,https://opendev.org/openstack/neutron/src/branch/master/setup.cfg
neutron,openstack/neutron,setup.cfg,46,"Other(""eventlet.plugins"")",neutron-openvswitch-agent = neutron.cmd.eventlet.plugins.ovs_neutron_agent:main,https://opendev.org/openstack/neutron/src/branch/master/setup.cfg
neutron,openstack/neutron,setup.cfg,49,"Other(""eventlet.server"")",neutron-server = neutron.cmd.eventlet.server:main,https://opendev.org/openstack/neutron/src/branch/master/setup.cfg
neutron,openstack/neutron,setup.cfg,50,"Other(""eventlet.server"")",neutron-rpc-server = neutron.cmd.eventlet.server:main_rpc_eventlet,https://opendev.org/openstack/neutron/src/branch/master/setup.cfg
neutron,openstack/neutron,setup.cfg,53,"Other(""eventlet.usage_audit"")",neutron-usage-audit = neutron.cmd.eventlet.usage_audit:main,https://opendev.org/openstack/neutron/src/branch/master/setup.cfg
neutron,openstack/neutron,setup.cfg,54,"Other(""eventlet.services"")",neutron-metering-agent = neutron.cmd.eventlet.services.metering_agent:main,https://opendev.org/openstack/neutron/src/branch/master/setup.cfg
neutron,openstack/neutron,setup.cfg,55,"Other(""eventlet.plugins"")",neutron-sriov-nic-agent = neutron.cmd.eventlet.plugins.sriov_nic_neutron_agent:main,https://opendev.org/openstack/neutron/src/branch/master/setup.cfg
neutron,openstack/neutron,setup.cfg,57,"Other(""eventlet.server"")",neutron-periodic-workers = neutron.cmd.eventlet.server:main_periodic_eventlet,https://opendev.org/openstack/neutron/src/branch/master/setup.cfg
neutron,openstack/neutron,setup.cfg,59,"Other(""eventlet.agents"")",neutron-ovn-agent = neutron.cmd.eventlet.agents.ovn_neutron_agent:main,https://opendev.org/openstack/neutron/src/branch/master/setup.cfg
neutron,openstack/neutron,setup.cfg,60,"Other(""eventlet.server"")",neutron-ovn-maintenance-worker = neutron.cmd.eventlet.server:main_ovn_maintenance_eventlet,https://opendev.org/openstack/neutron/src/branch/master/setup.cfg
neutron,openstack/neutron,setup.cfg,61,"Other(""eventlet.agents"")",neutron-ovn-metadata-agent = neutron.cmd.eventlet.agents.ovn_metadata:main,https://opendev.org/openstack/neutron/src/branch/master/setup.cfg
neutron-dynamic-routing,openstack/neutron-dynamic-routing,neutron_dynamic_routing/cmd/eventlet/__init__.py,13,Import,import eventlet,https://opendev.org/openstack/neutron-dynamic-routing/src/branch/master/neutron_dynamic_routing/cmd/eventlet/__init__.py
neutron-dynamic-routing,openstack/neutron-dynamic-routing,neutron_dynamic_routing/cmd/eventlet/__init__.py,16,MonkeyPatch,eventlet.monkey_patch(),https://opendev.org/openstack/neutron-dynamic-routing/src/branch/master/neutron_dynamic_routing/cmd/eventlet/__init__.py
neutron-dynamic-routing,openstack/neutron-dynamic-routing,requirements.txt,6,"Other(""eventlet>=0.27.0 # MIT"")",eventlet>=0.27.0 # MIT,https://opendev.org/openstack/neutron-dynamic-routing/src/branch/master/requirements.txt
neutron-dynamic-routing,openstack/neutron-dynamic-routing,setup.cfg,31,"Other(""eventlet.agents"")",neutron-bgp-dragent = neutron_dynamic_routing.cmd.eventlet.agents.bgp_dragent:main,https://opendev.org/openstack/neutron-dynamic-routing/src/branch/master/setup.cfg
neutron-fwaas,openstack/neutron-fwaas,neutron_fwaas/privileged/netfilter_log/libnetfilter_log.py,22,Import,import eventlet,https://opendev.org/openstack/neutron-fwaas/src/branch/master/neutron_fwaas/privileged/netfilter_log/libnetfilter_log.py
neutron-fwaas,openstack/neutron-fwaas,neutron_fwaas/privileged/netfilter_log/libnetfilter_log.py,23,Import,from eventlet.green import zmq,https://opendev.org/openstack/neutron-fwaas/src/branch/master/neutron_fwaas/privileged/netfilter_log/libnetfilter_log.py
neutron-fwaas,openstack/neutron-fwaas,neutron_fwaas/privileged/netfilter_log/libnetfilter_log.py,331,"Other(""eventlet.spawn_n"")",eventlet.spawn_n(loop),https://opendev.org/openstack/neutron-fwaas/src/branch/master/neutron_fwaas/privileged/netfilter_log/libnetfilter_log.py
neutron-fwaas,openstack/neutron-fwaas,requirements.txt,1,"Other(""eventlet!=0.18.3,!=0.20.1,>=0.18.2 # MIT"")","eventlet!=0.18.3,!=0.20.1,>=0.18.2 # MIT",https://opendev.org/openstack/neutron-fwaas/src/branch/master/requirements.txt
neutron-lib,openstack/neutron-lib,HACKING.rst,20,"Other(""- [N535] Usage of Python eventlet module not allow"")",- [N535] Usage of Python eventlet module not allowed,https://opendev.org/openstack/neutron-lib/src/branch/master/HACKING.rst
neutron-lib,openstack/neutron-lib,doc/source/contributor/review-guidelines.rst,69,"Other(""- eventlet"")",- eventlet,https://opendev.org/openstack/neutron-lib/src/branch/master/doc/source/contributor/review-guidelines.rst
neutron-lib,openstack/neutron-lib,neutron_lib/hacking/checks.py,164,"Other(""def check_no_eventlet_imports(logical_line):"")",def check_no_eventlet_imports(logical_line):,https://opendev.org/openstack/neutron-lib/src/branch/master/neutron_lib/hacking/checks.py
neutron-lib,openstack/neutron-lib,neutron_lib/hacking/checks.py,165,"Other(""\""\""\""N535 - Usage of Python eventlet module not allo"")","""""""N535 - Usage of Python eventlet module not allowed.",https://opendev.org/openstack/neutron-lib/src/branch/master/neutron_lib/hacking/checks.py
neutron-lib,openstack/neutron-lib,neutron_lib/hacking/checks.py,172,"Other(""if re.match(r'(import|from)\\s+[(]?eventlet', logic"")","if re.match(r'(import|from)\s+[(]?eventlet', logical_line):",https://opendev.org/openstack/neutron-lib/src/branch/master/neutron_lib/hacking/checks.py
neutron-lib,openstack/neutron-lib,neutron_lib/hacking/checks.py,173,"Other(""msg = 'N535: Usage of Python eventlet module not a"")",msg = 'N535: Usage of Python eventlet module not allowed',https://opendev.org/openstack/neutron-lib/src/branch/master/neutron_lib/hacking/checks.py
neutron-lib,openstack/neutron-lib,neutron_lib/hacking/checks.py,174,"Other(""yield logical_line.index('eventlet'), msg"")","yield logical_line.index('eventlet'), msg",https://opendev.org/openstack/neutron-lib/src/branch/master/neutron_lib/hacking/checks.py
neutron-lib,openstack/neutron-lib,tox.ini,119,"Other(""N535 = neutron_lib.hacking.checks:check_no_eventle"")",N535 = neutron_lib.hacking.checks:check_no_eventlet_imports,https://opendev.org/openstack/neutron-lib/src/branch/master/tox.ini
neutron-specs,openstack/neutron-specs,specs/archive/kilo/pydev-debugger-support.rst,48,"Other(""Minor modifications are required to deal with the "")",Minor modifications are required to deal with the multiple calls to the eventlet,https://opendev.org/openstack/neutron-specs/src/branch/master/specs/archive/kilo/pydev-debugger-support.rst
neutron-specs,openstack/neutron-specs,specs/archive/kilo/pydev-debugger-support.rst,53,"Other(""Calls to eventlet monkey patcher have to be change"")",Calls to eventlet monkey patcher have to be changed to leverage this new module,https://opendev.org/openstack/neutron-specs/src/branch/master/specs/archive/kilo/pydev-debugger-support.rst
neutron-specs,openstack/neutron-specs,specs/archive/kilo/pydev-debugger-support.rst,128,"Other(""3rd party Neutron code should re-use the common `e"")",3rd party Neutron code should re-use the common `eventlet_patcher.py` lib to get,https://opendev.org/openstack/neutron-specs/src/branch/master/specs/archive/kilo/pydev-debugger-support.rst
neutron-specs,openstack/neutron-specs,specs/kilo/hyper-v-ovs-agent.rst,27,"Other(""agent.linux.ovs_lib. It is also used by eventlet t"")",agent.linux.ovs_lib. It is also used by eventlet to set non blocking I/O.,https://opendev.org/openstack/neutron-specs/src/branch/master/specs/kilo/hyper-v-ovs-agent.rst
neutron-specs,openstack/neutron-specs,specs/liberty/better-quotas.rst,145,"Other(""eventlet, which with the default MySql setting blo"")","eventlet, which with the default MySql setting block threads for about 50",https://opendev.org/openstack/neutron-specs/src/branch/master/specs/liberty/better-quotas.rst
neutron-specs,openstack/neutron-specs,specs/liberty/ovs-ofctl-to-python.rst,238,"Other(""[#ryu_req]_.  A few exceptions like eventlet are a"")",[#ryu_req]_.  A few exceptions like eventlet are already covered by,https://opendev.org/openstack/neutron-specs/src/branch/master/specs/liberty/ovs-ofctl-to-python.rst
neutron-specs,openstack/neutron-specs,specs/liberty/reference-ipam-driver.rst,175,"Other(""a DB transaction, thus creating the conditions for"")","a DB transaction, thus creating the conditions for eventlet yields leading",https://opendev.org/openstack/neutron-specs/src/branch/master/specs/liberty/reference-ipam-driver.rst
neutron-tempest-plugin,openstack/neutron-tempest-plugin,neutron_tempest_plugin/common/utils.py,28,Import,import eventlet,https://opendev.org/openstack/neutron-tempest-plugin/src/branch/master/neutron_tempest_plugin/common/utils.py
neutron-tempest-plugin,openstack/neutron-tempest-plugin,neutron_tempest_plugin/common/utils.py,83,"Other(""eventlet.Timeout"")",with eventlet.Timeout(timeout):,https://opendev.org/openstack/neutron-tempest-plugin/src/branch/master/neutron_tempest_plugin/common/utils.py
neutron-tempest-plugin,openstack/neutron-tempest-plugin,neutron_tempest_plugin/common/utils.py,85,Sleep,eventlet.sleep(sleep),https://opendev.org/openstack/neutron-tempest-plugin/src/branch/master/neutron_tempest_plugin/common/utils.py
neutron-tempest-plugin,openstack/neutron-tempest-plugin,neutron_tempest_plugin/common/utils.py,86,"Other(""eventlet.Timeout"")",except eventlet.Timeout:,https://opendev.org/openstack/neutron-tempest-plugin/src/branch/master/neutron_tempest_plugin/common/utils.py
neutron-tempest-plugin,openstack/neutron-tempest-plugin,requirements.txt,15,"Other(""eventlet>=0.21.0 # MIT"")",eventlet>=0.21.0 # MIT,https://opendev.org/openstack/neutron-tempest-plugin/src/branch/master/requirements.txt
neutron-vpnaas,openstack/neutron-vpnaas,neutron_vpnaas/cmd/eventlet/__init__.py,1,Import,from neutron.common import eventlet_utils,https://opendev.org/openstack/neutron-vpnaas/src/branch/master/neutron_vpnaas/cmd/eventlet/__init__.py
neutron-vpnaas,openstack/neutron-vpnaas,neutron_vpnaas/cmd/eventlet/__init__.py,3,"Other(""eventlet_utils.monkey_patch()"")",eventlet_utils.monkey_patch(),https://opendev.org/openstack/neutron-vpnaas/src/branch/master/neutron_vpnaas/cmd/eventlet/__init__.py
neutron-vpnaas,openstack/neutron-vpnaas,neutron_vpnaas/services/vpn/common/netns_wrapper.py,21,Import,from eventlet.green import subprocess,https://opendev.org/openstack/neutron-vpnaas/src/branch/master/neutron_vpnaas/services/vpn/common/netns_wrapper.py
neutron-vpnaas,openstack/neutron-vpnaas,neutron_vpnaas/services/vpn/device_drivers/ipsec.py,26,Import,import eventlet,https://opendev.org/openstack/neutron-vpnaas/src/branch/master/neutron_vpnaas/services/vpn/device_drivers/ipsec.py
neutron-vpnaas,openstack/neutron-vpnaas,neutron_vpnaas/services/vpn/device_drivers/ipsec.py,593,Sleep,eventlet.sleep(wait_interval),https://opendev.org/openstack/neutron-vpnaas/src/branch/master/neutron_vpnaas/services/vpn/device_drivers/ipsec.py
neutron-vpnaas,openstack/neutron-vpnaas,setup.cfg,35,"Other(""eventlet.ovn_agent"")",neutron-ovn-vpn-agent = neutron_vpnaas.cmd.eventlet.ovn_agent:main,https://opendev.org/openstack/neutron-vpnaas/src/branch/master/setup.cfg
nova,openstack/nova,.coveragerc,5,"Other(""concurrency = eventlet"")",concurrency = eventlet,https://opendev.org/openstack/nova/src/branch/master/.coveragerc
nova,openstack/nova,HACKING.rst,45,Spawn,- [N340] Check nova.utils.spawn() is used instead of greenthread.spawn() and eventlet.spawn(),https://opendev.org/openstack/nova/src/branch/master/HACKING.rst
nova,openstack/nova,HACKING.rst,76,"Other(""with eventlet patched code. Use nova.utils.ReaderW"")",with eventlet patched code. Use nova.utils.ReaderWriterLock() instead.,https://opendev.org/openstack/nova/src/branch/master/HACKING.rst
nova,openstack/nova,doc/source/admin/index.rst,110,"Other(""WSGI container instead of the baked-in eventlet we"")",WSGI container instead of the baked-in eventlet web server.,https://opendev.org/openstack/nova/src/branch/master/doc/source/admin/index.rst
nova,openstack/nova,doc/source/cli/opts/debugger.rst,6,"Other(""uses the eventlet library to support async IO. Thi"")",uses the eventlet library to support async IO. This could result in,https://opendev.org/openstack/nova/src/branch/master/doc/source/cli/opts/debugger.rst
nova,openstack/nova,doc/source/cli/opts/debugger.rst,14,"Other(""how Nova uses the eventlet library to support asyn"")",how Nova uses the eventlet library to support async IO. This could result,https://opendev.org/openstack/nova/src/branch/master/doc/source/cli/opts/debugger.rst
nova,openstack/nova,doc/source/contributor/index.rst,121,"Other(""* :doc:`/contributor/testing/eventlet-profiling`"")",* :doc:`/contributor/testing/eventlet-profiling`,https://opendev.org/openstack/nova/src/branch/master/doc/source/contributor/index.rst
nova,openstack/nova,doc/source/contributor/index.rst,133,"Other(""testing/eventlet-profiling"")",testing/eventlet-profiling,https://opendev.org/openstack/nova/src/branch/master/doc/source/contributor/index.rst
nova,openstack/nova,doc/source/index.rst,161,"Other(""WSGI container instead of the baked-in eventlet we"")",WSGI container instead of the baked-in eventlet web server.,https://opendev.org/openstack/nova/src/branch/master/doc/source/index.rst
nova,openstack/nova,doc/source/reference/index.rst,26,"Other(""based on eventlet, and may not be familiar to ever"")","based on eventlet, and may not be familiar to everyone.",https://opendev.org/openstack/nova/src/branch/master/doc/source/reference/index.rst
nova,openstack/nova,doc/source/reference/threading.rst,5,"Other(""eventlet.net"")",through using the Python `eventlet <http://eventlet.net/>`_ and,https://opendev.org/openstack/nova/src/branch/master/doc/source/reference/threading.rst
nova,openstack/nova,doc/source/reference/threading.rst,9,"Other(""switches can only occur when specific eventlet or "")",switches can only occur when specific eventlet or greenlet library calls are,https://opendev.org/openstack/nova/src/branch/master/doc/source/reference/threading.rst
nova,openstack/nova,doc/source/reference/threading.rst,23,"Other(""that trigger an eventlet context switch, the long-"")","that trigger an eventlet context switch, the long-running thread will block",https://opendev.org/openstack/nova/src/branch/master/doc/source/reference/threading.rst
nova,openstack/nova,doc/source/reference/threading.rst,26,"Other(""This scenario can be avoided by adding calls to th"")",This scenario can be avoided by adding calls to the eventlet sleep method,https://opendev.org/openstack/nova/src/branch/master/doc/source/reference/threading.rst
nova,openstack/nova,doc/source/reference/threading.rst,31,Import,from eventlet import greenthread,https://opendev.org/openstack/nova/src/branch/master/doc/source/reference/threading.rst
nova,openstack/nova,doc/source/reference/threading.rst,36,MonkeyPatch,"time module is patched through eventlet.monkey_patch(). To be explicit, we recommend",https://opendev.org/openstack/nova/src/branch/master/doc/source/reference/threading.rst
nova,openstack/nova,doc/source/reference/threading.rst,39,"Other(""MySQL access and eventlet"")",MySQL access and eventlet,https://opendev.org/openstack/nova/src/branch/master/doc/source/reference/threading.rst
nova,openstack/nova,doc/source/reference/threading.rst,43,"Other(""eventlet. MySQL-python uses an external C library "")",eventlet. MySQL-python uses an external C library for accessing the MySQL database.,https://opendev.org/openstack/nova/src/branch/master/doc/source/reference/threading.rst
nova,openstack/nova,doc/source/reference/threading.rst,44,"Other(""Since eventlet cannot use monkey-patching to inter"")","Since eventlet cannot use monkey-patching to intercept blocking calls in a C library,",https://opendev.org/openstack/nova/src/branch/master/doc/source/reference/threading.rst
nova,openstack/nova,doc/source/user/wsgi.rst,5,"Other(""provide eventlet-based HTTP servers, it is general"")","provide eventlet-based HTTP servers, it is generally considered more performant",https://opendev.org/openstack/nova/src/branch/master/doc/source/user/wsgi.rst
nova,openstack/nova,doc/source/user/wsgi.rst,28,"Other(""eventlet-based scripts)."")",eventlet-based scripts).,https://opendev.org/openstack/nova/src/branch/master/doc/source/user/wsgi.rst
nova,openstack/nova,etc/nova/logging_sample.conf,50,"Other(""[logger_eventletwsgi]"")",[logger_eventletwsgi],https://opendev.org/openstack/nova/src/branch/master/etc/nova/logging_sample.conf
nova,openstack/nova,etc/nova/logging_sample.conf,53,Wsgi,qualname = eventlet.wsgi.server,https://opendev.org/openstack/nova/src/branch/master/etc/nova/logging_sample.conf
nova,openstack/nova,nova/api/openstack/requestlog.py,55,"Other(""If we detect we are running under eventlet wsgi pr"")","If we detect we are running under eventlet wsgi processing, we",https://opendev.org/openstack/nova/src/branch/master/nova/api/openstack/requestlog.py
nova,openstack/nova,nova/api/openstack/requestlog.py,59,"Other(""eventlet.input"")","if req.environ.get('eventlet.input', None) is not None:",https://opendev.org/openstack/nova/src/branch/master/nova/api/openstack/requestlog.py
nova,openstack/nova,nova/compute/manager.py,42,Import,import eventlet.event,https://opendev.org/openstack/nova/src/branch/master/nova/compute/manager.py
nova,openstack/nova,nova/compute/manager.py,43,Import,from eventlet import greenthread,https://opendev.org/openstack/nova/src/branch/master/nova/compute/manager.py
nova,openstack/nova,nova/compute/manager.py,44,Import,import eventlet.semaphore,https://opendev.org/openstack/nova/src/branch/master/nova/compute/manager.py
nova,openstack/nova,nova/compute/manager.py,45,Import,import eventlet.timeout,https://opendev.org/openstack/nova/src/branch/master/nova/compute/manager.py
nova,openstack/nova,nova/compute/manager.py,243,"Other(""eventlet.event"")","_InstanceEvents = ty.Dict[ty.Tuple[str, str], eventlet.event.Event]",https://opendev.org/openstack/nova/src/branch/master/nova/compute/manager.py
nova,openstack/nova,nova/compute/manager.py,259,"Other(""eventlet.event"")",) -> eventlet.event.Event:,https://opendev.org/openstack/nova/src/branch/master/nova/compute/manager.py
nova,openstack/nova,nova/compute/manager.py,264,"Other(""eventlet.event"")",action will trigger the event. The resulting eventlet.event.Event,https://opendev.org/openstack/nova/src/branch/master/nova/compute/manager.py
nova,openstack/nova,nova/compute/manager.py,282,"Other(""eventlet.event"")",eventlet.event.Event()),https://opendev.org/openstack/nova/src/branch/master/nova/compute/manager.py
nova,openstack/nova,nova/compute/manager.py,296,"Other(""eventlet.event"")",:returns: the eventlet.event.Event object on which the waiters,https://opendev.org/openstack/nova/src/branch/master/nova/compute/manager.py
nova,openstack/nova,nova/compute/manager.py,346,"Other(""eventlet.event"")",:returns: a dictionary of {event_name: eventlet.event.Event},https://opendev.org/openstack/nova/src/branch/master/nova/compute/manager.py
nova,openstack/nova,nova/compute/manager.py,370,"Other(""for (name, tag), eventlet_event in events.items():"")","for (name, tag), eventlet_event in events.items():",https://opendev.org/openstack/nova/src/branch/master/nova/compute/manager.py
nova,openstack/nova,nova/compute/manager.py,380,"Other(""eventlet_event.send(event)"")",eventlet_event.send(event),https://opendev.org/openstack/nova/src/branch/master/nova/compute/manager.py
nova,openstack/nova,nova/compute/manager.py,416,"Other(""eventlet.event"")","def __init__(self, name: str, event: eventlet.event.Event) -> None:",https://opendev.org/openstack/nova/src/branch/master/nova/compute/manager.py
nova,openstack/nova,nova/compute/manager.py,437,"Other(""eventlet.timeout"")",except eventlet.timeout.Timeout:,https://opendev.org/openstack/nova/src/branch/master/nova/compute/manager.py
nova,openstack/nova,nova/compute/manager.py,490,"Other(""eventlet.timeout"")",Note that this uses an eventlet.timeout.Timeout to bound the,https://opendev.org/openstack/nova/src/branch/master/nova/compute/manager.py
nova,openstack/nova,nova/compute/manager.py,495,"Other(""eventlet.timeout"")",eventlet.timeout.Timeout is raised.,https://opendev.org/openstack/nova/src/branch/master/nova/compute/manager.py
nova,openstack/nova,nova/compute/manager.py,558,"Other(""eventlet.timeout"")",with eventlet.timeout.Timeout(deadline):,https://opendev.org/openstack/nova/src/branch/master/nova/compute/manager.py
nova,openstack/nova,nova/compute/manager.py,561,"Other(""eventlet.timeout"")",except eventlet.timeout.Timeout:,https://opendev.org/openstack/nova/src/branch/master/nova/compute/manager.py
nova,openstack/nova,nova/compute/manager.py,644,Pool,self._sync_power_pool = eventlet.GreenPool(,https://opendev.org/openstack/nova/src/branch/master/nova/compute/manager.py
nova,openstack/nova,nova/compute/manager.py,650,"Other(""eventlet.semaphore"")",self._build_semaphore = eventlet.semaphore.Semaphore(,https://opendev.org/openstack/nova/src/branch/master/nova/compute/manager.py
nova,openstack/nova,nova/compute/manager.py,655,"Other(""eventlet.semaphore"")",self._snapshot_semaphore = eventlet.semaphore.Semaphore(,https://opendev.org/openstack/nova/src/branch/master/nova/compute/manager.py
nova,openstack/nova,nova/compute/manager.py,1625,"Other(""eventlet.semaphore"")",eventlet.semaphore.BoundedSemaphore(,https://opendev.org/openstack/nova/src/branch/master/nova/compute/manager.py
nova,openstack/nova,nova/compute/manager.py,2817,"Other(""eventlet.timeout"")","except (Exception, eventlet.timeout.Timeout) as exc:",https://opendev.org/openstack/nova/src/branch/master/nova/compute/manager.py
nova,openstack/nova,nova/compute/manager.py,3675,"Other(""eventlet.timeout"")","except (Exception, eventlet.timeout.Timeout) as exc:",https://opendev.org/openstack/nova/src/branch/master/nova/compute/manager.py
nova,openstack/nova,nova/compute/manager.py,7157,"Other(""eventlet.timeout"")","except (Exception, eventlet.timeout.Timeout) as exc:",https://opendev.org/openstack/nova/src/branch/master/nova/compute/manager.py
nova,openstack/nova,nova/compute/manager.py,8916,"Other(""eventlet.timeout"")",except eventlet.timeout.Timeout:,https://opendev.org/openstack/nova/src/branch/master/nova/compute/manager.py
nova,openstack/nova,nova/compute/multi_cell_list.py,17,Import,import eventlet,https://opendev.org/openstack/nova/src/branch/master/nova/compute/multi_cell_list.py
nova,openstack/nova,nova/compute/multi_cell_list.py,98,"Other(""eventlet.timeout"")","with eventlet.timeout.Timeout(context.CELL_TIMEOUT, exception.CellTimeout):",https://opendev.org/openstack/nova/src/branch/master/nova/compute/multi_cell_list.py
nova,openstack/nova,nova/conductor/manager.py,20,Import,import eventlet,https://opendev.org/openstack/nova/src/branch/master/nova/conductor/manager.py
nova,openstack/nova,nova/conductor/manager.py,2075,Pool,fetch_pool = eventlet.GreenPool(size=threads),https://opendev.org/openstack/nova/src/branch/master/nova/conductor/manager.py
nova,openstack/nova,nova/conf/remote_debug.py,30,"Other(""Note that using the remote debug option changes ho"")",Note that using the remote debug option changes how nova uses the eventlet,https://opendev.org/openstack/nova/src/branch/master/nova/conf/remote_debug.py
nova,openstack/nova,nova/conf/remote_debug.py,49,"Other(""Note that using the remote debug option changes ho"")",Note that using the remote debug option changes how nova uses the eventlet,https://opendev.org/openstack/nova/src/branch/master/nova/conf/remote_debug.py
nova,openstack/nova,nova/conf/wsgi.py,51,"Other(""This option only works when running nova-api under"")","This option only works when running nova-api under eventlet, and",https://opendev.org/openstack/nova/src/branch/master/nova/conf/wsgi.py
nova,openstack/nova,nova/conf/wsgi.py,52,"Other(""encodes very eventlet specific pieces of informati"")",encodes very eventlet specific pieces of information. Starting in Pike,https://opendev.org/openstack/nova/src/branch/master/nova/conf/wsgi.py
nova,openstack/nova,nova/conf/wsgi.py,62,"Other(""nova-api under eventlet. If used under uwsgi or ap"")","nova-api under eventlet. If used under uwsgi or apache, this option",https://opendev.org/openstack/nova/src/branch/master/nova/conf/wsgi.py
nova,openstack/nova,nova/console/websocketproxy.py,171,Import,from eventlet import hubs,https://opendev.org/openstack/nova/src/branch/master/nova/console/websocketproxy.py
nova,openstack/nova,nova/context.py,23,Import,import eventlet.queue,https://opendev.org/openstack/nova/src/branch/master/nova/context.py
nova,openstack/nova,nova/context.py,24,Import,import eventlet.timeout,https://opendev.org/openstack/nova/src/branch/master/nova/context.py
nova,openstack/nova,nova/context.py,417,"Other(""eventlet.queue"")",queue = eventlet.queue.LightQueue(),https://opendev.org/openstack/nova/src/branch/master/nova/context.py
nova,openstack/nova,nova/context.py,437,"Other(""eventlet.timeout"")","with eventlet.timeout.Timeout(timeout, exception.CellTimeout):",https://opendev.org/openstack/nova/src/branch/master/nova/context.py
nova,openstack/nova,nova/debugger.py,58,"Other(""'Nova uses the eventlet library to support async I"")",'Nova uses the eventlet library to support async IO. This ',https://opendev.org/openstack/nova/src/branch/master/nova/debugger.py
nova,openstack/nova,nova/hacking/checks.py,91,"Other(""r\"".*(eventlet|greenthread)\\.(?P<spawn_part>spawn(_"")","r"".*(eventlet|greenthread)\.(?P<spawn_part>spawn(_n)?)\(.*\)"")",https://opendev.org/openstack/nova/src/branch/master/nova/hacking/checks.py
nova,openstack/nova,nova/hacking/checks.py,572,Spawn,"eventlet.spawn(), and eventlet.spawn_n()",https://opendev.org/openstack/nova/src/branch/master/nova/hacking/checks.py
nova,openstack/nova,nova/hacking/checks.py,577,"Other(""\""greenthread.%(spawn)s() and eventlet.%(spawn)s()\"""")","""greenthread.%(spawn)s() and eventlet.%(spawn)s()"")",https://opendev.org/openstack/nova/src/branch/master/nova/hacking/checks.py
nova,openstack/nova,nova/hacking/checks.py,1019,"Other(""and identify lock holders and waiters. The eventle"")",and identify lock holders and waiters. The eventlet implementation of,https://opendev.org/openstack/nova/src/branch/master/nova/hacking/checks.py
nova,openstack/nova,nova/hacking/checks.py,1023,"Other(""See https://github.com/eventlet/eventlet/issues/73"")",See https://github.com/eventlet/eventlet/issues/731 for details.,https://opendev.org/openstack/nova/src/branch/master/nova/hacking/checks.py
nova,openstack/nova,nova/hacking/checks.py,1028,"Other(""\""function correctly with eventlet patched code. \"""")","""function correctly with eventlet patched code. """,https://opendev.org/openstack/nova/src/branch/master/nova/hacking/checks.py
nova,openstack/nova,nova/monkey_patch.py,19,"Other(""\""\""\""Enable eventlet monkey patching.\""\""\"""")","""""""Enable eventlet monkey patching.""""""",https://opendev.org/openstack/nova/src/branch/master/nova/monkey_patch.py
nova,openstack/nova,nova/monkey_patch.py,30,Import,import eventlet,https://opendev.org/openstack/nova/src/branch/master/nova/monkey_patch.py
nova,openstack/nova,nova/monkey_patch.py,46,"Other(""eventlet.monkey_patch"")",eventlet.monkey_patch(thread=False),https://opendev.org/openstack/nova/src/branch/master/nova/monkey_patch.py
nova,openstack/nova,nova/monkey_patch.py,50,"Other(""eventlet.monkey_patch"")",eventlet.monkey_patch(os=False),https://opendev.org/openstack/nova/src/branch/master/nova/monkey_patch.py
nova,openstack/nova,nova/monkey_patch.py,52,MonkeyPatch,eventlet.monkey_patch(),https://opendev.org/openstack/nova/src/branch/master/nova/monkey_patch.py
nova,openstack/nova,nova/monkey_patch.py,76,"Other(""LOG.warning(\""Modules with known eventlet monkey pa"")","LOG.warning(""Modules with known eventlet monkey patching issues were """,https://opendev.org/openstack/nova/src/branch/master/nova/monkey_patch.py
nova,openstack/nova,nova/monkey_patch.py,77,"Other(""\""imported prior to eventlet monkey patching: %s. T"")","""imported prior to eventlet monkey patching: %s. This """,https://opendev.org/openstack/nova/src/branch/master/nova/monkey_patch.py
nova,openstack/nova,nova/rpc.py,223,Executor,"executor='eventlet',",https://opendev.org/openstack/nova/src/branch/master/nova/rpc.py
nova,openstack/nova,nova/service.py,27,Import,import eventlet,https://opendev.org/openstack/nova/src/branch/master/nova/service.py
nova,openstack/nova,nova/service.py,28,Wsgi,import eventlet.wsgi,https://opendev.org/openstack/nova/src/branch/master/nova/service.py
nova,openstack/nova,nova/service.py,336,Wsgi,"protocol=eventlet.wsgi.HttpProtocol, backlog=128,",https://opendev.org/openstack/nova/src/branch/master/nova/service.py
nova,openstack/nova,nova/service.py,344,"Other("":param pool_size: Maximum number of eventlets to s"")",:param pool_size: Maximum number of eventlets to spawn concurrently.,https://opendev.org/openstack/nova/src/branch/master/nova/service.py
nova,openstack/nova,nova/service.py,351,Wsgi,eventlet.wsgi.MAX_HEADER_LINE = CONF.wsgi.max_header_line,https://opendev.org/openstack/nova/src/branch/master/nova/service.py
nova,openstack/nova,nova/service.py,357,Pool,self._pool = eventlet.GreenPool(self.pool_size),https://opendev.org/openstack/nova/src/branch/master/nova/service.py
nova,openstack/nova,nova/service.py,382,Listen,"self._socket = eventlet.listen(bind_addr, family, backlog=backlog)",https://opendev.org/openstack/nova/src/branch/master/nova/service.py
nova,openstack/nova,nova/service.py,449,"Other(""eventlet.wrap_ssl"")","dup_socket = eventlet.wrap_ssl(dup_socket,",https://opendev.org/openstack/nova/src/branch/master/nova/service.py
nova,openstack/nova,nova/service.py,460,Wsgi,"'func': eventlet.wsgi.server,",https://opendev.org/openstack/nova/src/branch/master/nova/service.py
nova,openstack/nova,nova/service.py,489,"Other(""server is stopped is by killing its eventlet."")",server is stopped is by killing its eventlet.,https://opendev.org/openstack/nova/src/branch/master/nova/service.py
nova,openstack/nova,nova/service.py,504,"Other(""Waits on the server's eventlet to finish, then ret"")","Waits on the server's eventlet to finish, then returns.",https://opendev.org/openstack/nova/src/branch/master/nova/service.py
nova,openstack/nova,nova/service.py,533,"Other(""LOG.warning('Running %s using eventlet is deprecat"")",LOG.warning('Running %s using eventlet is deprecated. Deploy with ',https://opendev.org/openstack/nova/src/branch/master/nova/service.py
nova,openstack/nova,nova/storage/rbd_utils.py,19,Import,from eventlet import tpool,https://opendev.org/openstack/nova/src/branch/master/nova/storage/rbd_utils.py
nova,openstack/nova,nova/utils.py,31,Import,import eventlet,https://opendev.org/openstack/nova/src/branch/master/nova/utils.py
nova,openstack/nova,nova/utils.py,32,Import,from eventlet import tpool,https://opendev.org/openstack/nova/src/branch/master/nova/utils.py
nova,openstack/nova,nova/utils.py,89,"Other(""eventlet.greenpool"")",DEFAULT_GREEN_POOL = eventlet.greenpool.GreenPool(,https://opendev.org/openstack/nova/src/branch/master/nova/utils.py
nova,openstack/nova,nova/utils.py,670,"Other(""eventlet.spawn"")","""""""Passthrough method for eventlet.spawn.",https://opendev.org/openstack/nova/src/branch/master/nova/utils.py
nova,openstack/nova,nova/utils.py,684,"Other(""eventlet.greenpool"")","""""""Passthrough method for eventlet.greenpool.spawn_n.",https://opendev.org/openstack/nova/src/branch/master/nova/utils.py
nova,openstack/nova,nova/virt/disk/vfs/guestfs.py,17,Import,from eventlet import tpool,https://opendev.org/openstack/nova/src/branch/master/nova/virt/disk/vfs/guestfs.py
nova,openstack/nova,nova/virt/libvirt/driver.py,51,Import,import eventlet,https://opendev.org/openstack/nova/src/branch/master/nova/virt/libvirt/driver.py
nova,openstack/nova,nova/virt/libvirt/driver.py,52,Import,from eventlet import greenthread,https://opendev.org/openstack/nova/src/branch/master/nova/virt/libvirt/driver.py
nova,openstack/nova,nova/virt/libvirt/driver.py,53,Import,from eventlet import tpool,https://opendev.org/openstack/nova/src/branch/master/nova/virt/libvirt/driver.py
nova,openstack/nova,nova/virt/libvirt/driver.py,196,"Other(""eventlet.tpool"")","""""""eventlet.tpool.Proxy doesn't work with old-style class in __str__()",https://opendev.org/openstack/nova/src/branch/master/nova/virt/libvirt/driver.py
nova,openstack/nova,nova/virt/libvirt/driver.py,8135,"Other(""eventlet.timeout"")",except eventlet.timeout.Timeout:,https://opendev.org/openstack/nova/src/branch/master/nova/virt/libvirt/driver.py
nova,openstack/nova,nova/virt/libvirt/driver.py,11203,"Other(""eventlet.event"")",finish_event = eventlet.event.Event(),https://opendev.org/openstack/nova/src/branch/master/nova/virt/libvirt/driver.py
nova,openstack/nova,nova/virt/libvirt/host.py,42,Import,from eventlet import greenio,https://opendev.org/openstack/nova/src/branch/master/nova/virt/libvirt/host.py
nova,openstack/nova,nova/virt/libvirt/host.py,43,Import,from eventlet import greenthread,https://opendev.org/openstack/nova/src/branch/master/nova/virt/libvirt/host.py
nova,openstack/nova,nova/virt/libvirt/host.py,44,Import,from eventlet import patcher,https://opendev.org/openstack/nova/src/branch/master/nova/virt/libvirt/host.py
nova,openstack/nova,nova/virt/libvirt/host.py,45,Import,from eventlet import tpool,https://opendev.org/openstack/nova/src/branch/master/nova/virt/libvirt/host.py
nova,openstack/nova,nova/virt/libvirt/host.py,207,"Other(""eventlet's greenthread integration"")",eventlet's greenthread integration,https://opendev.org/openstack/nova/src/branch/master/nova/virt/libvirt/host.py
nova,openstack/nova,nova/virt/libvirt/host.py,249,"Other(""an eventlet coroutine. It can only invoke other li"")",an eventlet coroutine. It can only invoke other libvirt,https://opendev.org/openstack/nova/src/branch/master/nova/virt/libvirt/host.py
nova,openstack/nova,nova/virt/libvirt/host.py,262,"Other(""an eventlet coroutine. It can only invoke other li"")",an eventlet coroutine. It can only invoke other libvirt,https://opendev.org/openstack/nova/src/branch/master/nova/virt/libvirt/host.py
nova,openstack/nova,nova/virt/libvirt/host.py,275,"Other(""an eventlet coroutine. It can only invoke other li"")",an eventlet coroutine. It can only invoke other libvirt,https://opendev.org/openstack/nova/src/branch/master/nova/virt/libvirt/host.py
nova,openstack/nova,nova/virt/libvirt/host.py,462,"Other(""This code is taken from the eventlet tpool module,"")","This code is taken from the eventlet tpool module, under terms",https://opendev.org/openstack/nova/src/branch/master/nova/virt/libvirt/host.py
nova,openstack/nova,nova/virt/zvm/driver.py,15,Import,import eventlet,https://opendev.org/openstack/nova/src/branch/master/nova/virt/zvm/driver.py
nova,openstack/nova,nova/virt/zvm/driver.py,290,"Other(""eventlet.timeout"")",except eventlet.timeout.Timeout:,https://opendev.org/openstack/nova/src/branch/master/nova/virt/zvm/driver.py
nova,openstack/nova,releasenotes/notes/deprecate-api-eventlet-1a0279f1f2333082.yaml,4,"Other(""Running API services (nova-osapi_compute or nova-m"")",Running API services (nova-osapi_compute or nova-metadata) with eventlet,https://opendev.org/openstack/nova/src/branch/master/releasenotes/notes/deprecate-api-eventlet-1a0279f1f2333082.yaml
nova,openstack/nova,releasenotes/notes/deprecate_wsgi_log_format-43a10b7a608ea8f3.yaml,5,"Other(""applies when running nova-api under eventlet, whic"")","applies when running nova-api under eventlet, which is no longer",https://opendev.org/openstack/nova/src/branch/master/releasenotes/notes/deprecate_wsgi_log_format-43a10b7a608ea8f3.yaml
nova,openstack/nova,releasenotes/notes/dnspython-2.0.0-not-supported-by-eventlet-b8adf73ed9e14817.yaml,4,"Other(""The dnspython 2.0.0 package is incompatible with e"")",The dnspython 2.0.0 package is incompatible with even the latest eventlet,https://opendev.org/openstack/nova/src/branch/master/releasenotes/notes/dnspython-2.0.0-not-supported-by-eventlet-b8adf73ed9e14817.yaml
nova,openstack/nova,releasenotes/notes/dnspython-2.0.0-not-supported-by-eventlet-b8adf73ed9e14817.yaml,6,"Other(""of the dnspython package is equal or greater than "")",of the dnspython package is equal or greater than 2.0.0. See `eventlet,https://opendev.org/openstack/nova/src/branch/master/releasenotes/notes/dnspython-2.0.0-not-supported-by-eventlet-b8adf73ed9e14817.yaml
nova,openstack/nova,releasenotes/notes/dnspython-2.0.0-not-supported-by-eventlet-b8adf73ed9e14817.yaml,9,"Other("".. _eventlet issue 619: https://github.com/eventle"")",.. _eventlet issue 619: https://github.com/eventlet/eventlet/issues/619,https://opendev.org/openstack/nova/src/branch/master/releasenotes/notes/dnspython-2.0.0-not-supported-by-eventlet-b8adf73ed9e14817.yaml
nova,openstack/nova,releasenotes/notes/greendns-34df7f9fba952bcd.yaml,4,"Other(""During the havana cycle it was discovered that eve"")",During the havana cycle it was discovered that eventlet,https://opendev.org/openstack/nova/src/branch/master/releasenotes/notes/greendns-34df7f9fba952bcd.yaml
nova,openstack/nova,releasenotes/notes/greendns-34df7f9fba952bcd.yaml,7,"Other(""Since then nova has been disabling eventlet monkey"")",Since then nova has been disabling eventlet monkey patching,https://opendev.org/openstack/nova/src/branch/master/releasenotes/notes/greendns-34df7f9fba952bcd.yaml
nova,openstack/nova,releasenotes/notes/request_log-e7680b3276910743.yaml,5,Wsgi,even if Nova API is not running under eventlet.wsgi. Because this,https://opendev.org/openstack/nova/src/branch/master/releasenotes/notes/request_log-e7680b3276910743.yaml
nova,openstack/nova,releasenotes/notes/request_log-e7680b3276910743.yaml,9,"Other(""detected that nova-api is not running under eventl"")","detected that nova-api is not running under eventlet, and will",https://opendev.org/openstack/nova/src/branch/master/releasenotes/notes/request_log-e7680b3276910743.yaml
nova,openstack/nova,releasenotes/notes/wsgi-applications-8017c3192d2b143e.yaml,7,"Other(""or gunicorn). The eventlet-based servers are still"")","or gunicorn). The eventlet-based servers are still available, but the WSGI",https://opendev.org/openstack/nova/src/branch/master/releasenotes/notes/wsgi-applications-8017c3192d2b143e.yaml
nova,openstack/nova,releasenotes/notes/zookeeper-servicegroup-driver-removed-c3bcaa6f9fe976ed.yaml,9,"Other(""`incompatible with recent eventlet releases`_."")",`incompatible with recent eventlet releases`_.,https://opendev.org/openstack/nova/src/branch/master/releasenotes/notes/zookeeper-servicegroup-driver-removed-c3bcaa6f9fe976ed.yaml
nova,openstack/nova,releasenotes/notes/zookeeper-servicegroup-driver-removed-c3bcaa6f9fe976ed.yaml,14,"Other("".. _`incompatible with recent eventlet releases`: "")",.. _`incompatible with recent eventlet releases`: https://bugs.launchpad.net/nova/+bug/1443910,https://opendev.org/openstack/nova/src/branch/master/releasenotes/notes/zookeeper-servicegroup-driver-removed-c3bcaa6f9fe976ed.yaml
nova,openstack/nova,releasenotes/source/locale/ja/LC_MESSAGES/releasenotes.po,523,Wsgi,"""Nova API is not running under eventlet.wsgi. Because this is an api-paste.""",https://opendev.org/openstack/nova/src/branch/master/releasenotes/source/locale/ja/LC_MESSAGES/releasenotes.po
nova,openstack/nova,releasenotes/source/locale/ja/LC_MESSAGES/releasenotes.po,526,"Other(""\""emit when it is detected that nova-api is not run"")","""emit when it is detected that nova-api is not running under eventlet, and """,https://opendev.org/openstack/nova/src/branch/master/releasenotes/source/locale/ja/LC_MESSAGES/releasenotes.po
nova,openstack/nova,releasenotes/source/locale/ja/LC_MESSAGES/releasenotes.po,530,Wsgi,"""新しい request_log ミドルウェアが、たとえ Nova API が eventlet.wsgi 下で動作""",https://opendev.org/openstack/nova/src/branch/master/releasenotes/source/locale/ja/LC_MESSAGES/releasenotes.po
nova,openstack/nova,releasenotes/source/locale/ja/LC_MESSAGES/releasenotes.po,533,"Other(""\""があります。新しいリクエストログは nova-api が eventlet 下で動作していないこ\"""")","""があります。新しいリクエストログは nova-api が eventlet 下で動作していないこ""",https://opendev.org/openstack/nova/src/branch/master/releasenotes/source/locale/ja/LC_MESSAGES/releasenotes.po
nova,openstack/nova,releasenotes/source/locale/ja/LC_MESSAGES/releasenotes.po,1290,"Other(""\""when running nova-api under eventlet, which is no"")","""when running nova-api under eventlet, which is no longer the preferred """,https://opendev.org/openstack/nova/src/branch/master/releasenotes/source/locale/ja/LC_MESSAGES/releasenotes.po
nova,openstack/nova,releasenotes/source/locale/ja/LC_MESSAGES/releasenotes.po,1293,"Other(""\""``wsgi_log_format`` 設定オプションは非推奨となりました。これは eventle"")","""``wsgi_log_format`` 設定オプションは非推奨となりました。これは eventlet 配下""",https://opendev.org/openstack/nova/src/branch/master/releasenotes/source/locale/ja/LC_MESSAGES/releasenotes.po
nova,openstack/nova,releasenotes/source/locale/ja/LC_MESSAGES/releasenotes.po,3521,"Other(""\""`incompatible with recent eventlet releases`_.\"""")","""`incompatible with recent eventlet releases`_.""",https://opendev.org/openstack/nova/src/branch/master/releasenotes/source/locale/ja/LC_MESSAGES/releasenotes.po
nova,openstack/nova,releasenotes/source/locale/ja/LC_MESSAGES/releasenotes.po,3526,"Other(""\""`incompatible with recent eventlet releases`_ です。"")","""`incompatible with recent eventlet releases`_ です。""",https://opendev.org/openstack/nova/src/branch/master/releasenotes/source/locale/ja/LC_MESSAGES/releasenotes.po
nova,openstack/nova,releasenotes/source/mitaka.rst,644,"Other(""`incompatible with recent eventlet releases`_."")",`incompatible with recent eventlet releases`_.,https://opendev.org/openstack/nova/src/branch/master/releasenotes/source/mitaka.rst
nova,openstack/nova,releasenotes/source/mitaka.rst,649,"Other("".. _`incompatible with recent eventlet releases`: "")",.. _`incompatible with recent eventlet releases`: https://bugs.launchpad.net/nova/+bug/1443910,https://opendev.org/openstack/nova/src/branch/master/releasenotes/source/mitaka.rst
nova,openstack/nova,requirements.txt,8,"Other(""eventlet>=0.30.1 # MIT"")",eventlet>=0.30.1 # MIT,https://opendev.org/openstack/nova/src/branch/master/requirements.txt
nova-specs,openstack/nova-specs,specs/abandoned/parallel-scheduler.rst,48,"Other(""* The C based DB driver and eventlet means the sch"")",* The C based DB driver and eventlet means the scheduler performs best,https://opendev.org/openstack/nova-specs/src/branch/master/specs/abandoned/parallel-scheduler.rst
nova-specs,openstack/nova-specs,specs/abandoned/parallel-scheduler.rst,49,"Other(""when the eventlet thread pool is very small, ideal"")","when the eventlet thread pool is very small, ideally less than 5.",https://opendev.org/openstack/nova-specs/src/branch/master/specs/abandoned/parallel-scheduler.rst
nova-specs,openstack/nova-specs,specs/liberty/approved/service-group-using-tooz.rst,27,"Other(""maintained and doesn't work with eventlet >= 0.17."")",maintained and doesn't work with eventlet >= 0.17.1.,https://opendev.org/openstack/nova-specs/src/branch/master/specs/liberty/approved/service-group-using-tooz.rst
nova-specs,openstack/nova-specs,specs/rocky/implemented/abort-live-migration-in-queued-status.rst,67,"Other(""eventlet.spawn_n"")",the current ``eventlet.spawn_n()`` + python ``Semaphore`` implementation.,https://opendev.org/openstack/nova-specs/src/branch/master/specs/rocky/implemented/abort-live-migration-in-queued-status.rst
octavia,openstack/octavia,HACKING.rst,32,"Other(""- [O345] Usage of Python eventlet module not allow"")",- [O345] Usage of Python eventlet module not allowed,https://opendev.org/openstack/octavia/src/branch/master/HACKING.rst
octavia,openstack/octavia,octavia/hacking/checks.py,66,"Other(""no_eventlet_re = re.compile(r'(import|from)\\s+[(]?"")",no_eventlet_re = re.compile(r'(import|from)\s+[(]?eventlet'),https://opendev.org/openstack/octavia/src/branch/master/octavia/hacking/checks.py
octavia,openstack/octavia,octavia/hacking/checks.py,200,"Other(""def check_no_eventlet_imports(logical_line):"")",def check_no_eventlet_imports(logical_line):,https://opendev.org/openstack/octavia/src/branch/master/octavia/hacking/checks.py
octavia,openstack/octavia,octavia/hacking/checks.py,201,"Other(""\""\""\""O345 - Usage of Python eventlet module not allo"")","""""""O345 - Usage of Python eventlet module not allowed.",https://opendev.org/openstack/octavia/src/branch/master/octavia/hacking/checks.py
octavia,openstack/octavia,octavia/hacking/checks.py,208,"Other(""if no_eventlet_re.match(logical_line):"")",if no_eventlet_re.match(logical_line):,https://opendev.org/openstack/octavia/src/branch/master/octavia/hacking/checks.py
octavia,openstack/octavia,octavia/hacking/checks.py,209,"Other(""msg = 'O345 Usage of Python eventlet module not al"")",msg = 'O345 Usage of Python eventlet module not allowed',https://opendev.org/openstack/octavia/src/branch/master/octavia/hacking/checks.py
octavia,openstack/octavia,octavia/hacking/checks.py,210,"Other(""yield logical_line.index('eventlet'), msg"")","yield logical_line.index('eventlet'), msg",https://opendev.org/openstack/octavia/src/branch/master/octavia/hacking/checks.py
octavia,openstack/octavia,specs/version0.5/queue-consumer.rst,33,"Other(""The threading will be handled by Oslo messaging us"")",The threading will be handled by Oslo messaging using the 'eventlet' executor.,https://opendev.org/openstack/octavia/src/branch/master/specs/version0.5/queue-consumer.rst
octavia,openstack/octavia,specs/version0.5/queue-consumer.rst,34,"Other(""Using the 'eventlet' executor will allow for messa"")",Using the 'eventlet' executor will allow for message throttling and removes,https://opendev.org/openstack/octavia/src/branch/master/specs/version0.5/queue-consumer.rst
octavia,openstack/octavia,specs/version0.5/queue-consumer.rst,36,"Other(""'eventlet' executor is that the Queue Consumer wil"")",'eventlet' executor is that the Queue Consumer will not have to spawn threads,https://opendev.org/openstack/octavia/src/branch/master/specs/version0.5/queue-consumer.rst
octavia,openstack/octavia,tox.ini,194,"Other(""O345 = checks:check_no_eventlet_imports"")",O345 = checks:check_no_eventlet_imports,https://opendev.org/openstack/octavia/src/branch/master/tox.ini
octavia-lib,openstack/octavia-lib,HACKING.rst,33,"Other(""- [O345] Usage of Python eventlet module not allow"")",- [O345] Usage of Python eventlet module not allowed,https://opendev.org/openstack/octavia-lib/src/branch/master/HACKING.rst
octavia-lib,openstack/octavia-lib,octavia_lib/hacking/checks.py,67,"Other(""no_eventlet_re = re.compile(r'(import|from)\\s+[(]?"")",no_eventlet_re = re.compile(r'(import|from)\s+[(]?eventlet'),https://opendev.org/openstack/octavia-lib/src/branch/master/octavia_lib/hacking/checks.py
octavia-lib,openstack/octavia-lib,octavia_lib/hacking/checks.py,255,"Other(""def check_no_eventlet_imports(logical_line):"")",def check_no_eventlet_imports(logical_line):,https://opendev.org/openstack/octavia-lib/src/branch/master/octavia_lib/hacking/checks.py
octavia-lib,openstack/octavia-lib,octavia_lib/hacking/checks.py,256,"Other(""\""\""\""O345 - Usage of Python eventlet module not allo"")","""""""O345 - Usage of Python eventlet module not allowed.",https://opendev.org/openstack/octavia-lib/src/branch/master/octavia_lib/hacking/checks.py
octavia-lib,openstack/octavia-lib,octavia_lib/hacking/checks.py,263,"Other(""if no_eventlet_re.match(logical_line):"")",if no_eventlet_re.match(logical_line):,https://opendev.org/openstack/octavia-lib/src/branch/master/octavia_lib/hacking/checks.py
octavia-lib,openstack/octavia-lib,octavia_lib/hacking/checks.py,264,"Other(""msg = 'O345 Usage of Python eventlet module not al"")",msg = 'O345 Usage of Python eventlet module not allowed',https://opendev.org/openstack/octavia-lib/src/branch/master/octavia_lib/hacking/checks.py
octavia-lib,openstack/octavia-lib,octavia_lib/hacking/checks.py,265,"Other(""yield logical_line.index('eventlet'), msg"")","yield logical_line.index('eventlet'), msg",https://opendev.org/openstack/octavia-lib/src/branch/master/octavia_lib/hacking/checks.py
octavia-lib,openstack/octavia-lib,tox.ini,100,"Other(""O345 = checks:check_no_eventlet_imports"")",O345 = checks:check_no_eventlet_imports,https://opendev.org/openstack/octavia-lib/src/branch/master/tox.ini
octavia-tempest-plugin,openstack/octavia-tempest-plugin,octavia_tempest_plugin/hacking/checks.py,66,"Other(""no_eventlet_re = re.compile(r'(import|from)\\s+[(]?"")",no_eventlet_re = re.compile(r'(import|from)\s+[(]?eventlet'),https://opendev.org/openstack/octavia-tempest-plugin/src/branch/master/octavia_tempest_plugin/hacking/checks.py
octavia-tempest-plugin,openstack/octavia-tempest-plugin,octavia_tempest_plugin/hacking/checks.py,202,"Other(""def check_no_eventlet_imports(logical_line):"")",def check_no_eventlet_imports(logical_line):,https://opendev.org/openstack/octavia-tempest-plugin/src/branch/master/octavia_tempest_plugin/hacking/checks.py
octavia-tempest-plugin,openstack/octavia-tempest-plugin,octavia_tempest_plugin/hacking/checks.py,203,"Other(""\""\""\""O345 - Usage of Python eventlet module not allo"")","""""""O345 - Usage of Python eventlet module not allowed.",https://opendev.org/openstack/octavia-tempest-plugin/src/branch/master/octavia_tempest_plugin/hacking/checks.py
octavia-tempest-plugin,openstack/octavia-tempest-plugin,octavia_tempest_plugin/hacking/checks.py,210,"Other(""if no_eventlet_re.match(logical_line):"")",if no_eventlet_re.match(logical_line):,https://opendev.org/openstack/octavia-tempest-plugin/src/branch/master/octavia_tempest_plugin/hacking/checks.py
octavia-tempest-plugin,openstack/octavia-tempest-plugin,octavia_tempest_plugin/hacking/checks.py,211,"Other(""msg = 'O345 Usage of Python eventlet module not al"")",msg = 'O345 Usage of Python eventlet module not allowed',https://opendev.org/openstack/octavia-tempest-plugin/src/branch/master/octavia_tempest_plugin/hacking/checks.py
octavia-tempest-plugin,openstack/octavia-tempest-plugin,octavia_tempest_plugin/hacking/checks.py,212,"Other(""yield logical_line.index('eventlet'), msg"")","yield logical_line.index('eventlet'), msg",https://opendev.org/openstack/octavia-tempest-plugin/src/branch/master/octavia_tempest_plugin/hacking/checks.py
octavia-tempest-plugin,openstack/octavia-tempest-plugin,tox.ini,97,"Other(""O345 = checks:check_no_eventlet_imports"")",O345 = checks:check_no_eventlet_imports,https://opendev.org/openstack/octavia-tempest-plugin/src/branch/master/tox.ini
openstack-ansible-ops,openstack/openstack-ansible-ops,elk_metrics_6x/templates/logstash-pipelines.yml.j2,301,Wsgi,"if [module] == ""eventlet.wsgi.server"" {",https://opendev.org/openstack/openstack-ansible-ops/src/branch/master/elk_metrics_6x/templates/logstash-pipelines.yml.j2
openstack-ansible-ops,openstack/openstack-ansible-ops,elk_metrics_6x/templates/logstash-pipelines.yml.j2,314,Wsgi,"if [module] == ""cinder.eventlet.wsgi.server"" {",https://opendev.org/openstack/openstack-ansible-ops/src/branch/master/elk_metrics_6x/templates/logstash-pipelines.yml.j2
openstack-ansible-ops,openstack/openstack-ansible-ops,elk_metrics_6x/templates/logstash-pipelines.yml.j2,357,Wsgi,"if [module] == ""eventlet.wsgi.server"" {",https://opendev.org/openstack/openstack-ansible-ops/src/branch/master/elk_metrics_6x/templates/logstash-pipelines.yml.j2
openstack-ansible-ops,openstack/openstack-ansible-ops,elk_metrics_6x/templates/logstash-pipelines.yml.j2,428,Wsgi,"if [module] == ""eventlet.wsgi.server"" {",https://opendev.org/openstack/openstack-ansible-ops/src/branch/master/elk_metrics_6x/templates/logstash-pipelines.yml.j2
openstack-ansible-ops,openstack/openstack-ansible-ops,elk_metrics_6x/templates/logstash-pipelines.yml.j2,441,Wsgi,"if [module] == ""eventlet.wsgi.server"" {",https://opendev.org/openstack/openstack-ansible-ops/src/branch/master/elk_metrics_6x/templates/logstash-pipelines.yml.j2
openstack-ansible-ops,openstack/openstack-ansible-ops,elk_metrics_7x/templates/logstash-pipelines.yml.j2,301,Wsgi,"if [module] == ""eventlet.wsgi.server"" {",https://opendev.org/openstack/openstack-ansible-ops/src/branch/master/elk_metrics_7x/templates/logstash-pipelines.yml.j2
openstack-ansible-ops,openstack/openstack-ansible-ops,elk_metrics_7x/templates/logstash-pipelines.yml.j2,314,Wsgi,"if [module] == ""cinder.eventlet.wsgi.server"" {",https://opendev.org/openstack/openstack-ansible-ops/src/branch/master/elk_metrics_7x/templates/logstash-pipelines.yml.j2
openstack-ansible-ops,openstack/openstack-ansible-ops,elk_metrics_7x/templates/logstash-pipelines.yml.j2,357,Wsgi,"if [module] == ""eventlet.wsgi.server"" {",https://opendev.org/openstack/openstack-ansible-ops/src/branch/master/elk_metrics_7x/templates/logstash-pipelines.yml.j2
openstack-ansible-ops,openstack/openstack-ansible-ops,elk_metrics_7x/templates/logstash-pipelines.yml.j2,428,Wsgi,"if [module] == ""eventlet.wsgi.server"" {",https://opendev.org/openstack/openstack-ansible-ops/src/branch/master/elk_metrics_7x/templates/logstash-pipelines.yml.j2
openstack-ansible-ops,openstack/openstack-ansible-ops,elk_metrics_7x/templates/logstash-pipelines.yml.j2,441,Wsgi,"if [module] == ""eventlet.wsgi.server"" {",https://opendev.org/openstack/openstack-ansible-ops/src/branch/master/elk_metrics_7x/templates/logstash-pipelines.yml.j2
openstack-ansible-os_neutron,openstack/openstack-ansible-os_neutron,releasenotes/notes/disable_neutron_uwsgi_default-1763a0cbc17f23c8.yaml,5,"Other(""eventlet due to found compatability issues for the"")",eventlet due to found compatability issues for the current OpenStack,https://opendev.org/openstack/openstack-ansible-os_neutron/src/branch/master/releasenotes/notes/disable_neutron_uwsgi_default-1763a0cbc17f23c8.yaml
openstack-ansible-os_neutron,openstack/openstack-ansible-os_neutron,releasenotes/notes/disable_neutron_uwsgi_default-1763a0cbc17f23c8.yaml,12,"Other(""In case of switching Neutron from uWSGI to old eve"")","In case of switching Neutron from uWSGI to old eventlet,",https://opendev.org/openstack/openstack-ansible-os_neutron/src/branch/master/releasenotes/notes/disable_neutron_uwsgi_default-1763a0cbc17f23c8.yaml
openstack-helm,openstack/openstack-helm,aodh/values.yaml,506,"Other(""logger_eventletwsgi:"")",logger_eventletwsgi:,https://opendev.org/openstack/openstack-helm/src/branch/master/aodh/values.yaml
openstack-helm,openstack/openstack-helm,aodh/values.yaml,509,Wsgi,qualname: eventlet.wsgi.server,https://opendev.org/openstack/openstack-helm/src/branch/master/aodh/values.yaml
openstack-helm,openstack/openstack-helm,barbican/values.yaml,462,"Other(""logger_eventletwsgi:"")",logger_eventletwsgi:,https://opendev.org/openstack/openstack-helm/src/branch/master/barbican/values.yaml
openstack-helm,openstack/openstack-helm,barbican/values.yaml,465,Wsgi,qualname: eventlet.wsgi.server,https://opendev.org/openstack/openstack-helm/src/branch/master/barbican/values.yaml
openstack-helm,openstack/openstack-helm,cinder/values.yaml,884,"Other(""logger_eventletwsgi:"")",logger_eventletwsgi:,https://opendev.org/openstack/openstack-helm/src/branch/master/cinder/values.yaml
openstack-helm,openstack/openstack-helm,cinder/values.yaml,887,Wsgi,qualname: eventlet.wsgi.server,https://opendev.org/openstack/openstack-helm/src/branch/master/cinder/values.yaml
openstack-helm,openstack/openstack-helm,designate/values.yaml,501,"Other(""logger_eventletwsgi:"")",logger_eventletwsgi:,https://opendev.org/openstack/openstack-helm/src/branch/master/designate/values.yaml
openstack-helm,openstack/openstack-helm,designate/values.yaml,504,Wsgi,qualname: eventlet.wsgi.server,https://opendev.org/openstack/openstack-helm/src/branch/master/designate/values.yaml
openstack-helm,openstack/openstack-helm,doc/source/specs/nginx-sidecar.rst,16,"Other(""performance impact, for example, eventlet."")","performance impact, for example, eventlet.",https://opendev.org/openstack/openstack-helm/src/branch/master/doc/source/specs/nginx-sidecar.rst
openstack-helm,openstack/openstack-helm,glance/values.yaml,344,"Other(""logger_eventletwsgi:"")",logger_eventletwsgi:,https://opendev.org/openstack/openstack-helm/src/branch/master/glance/values.yaml
openstack-helm,openstack/openstack-helm,glance/values.yaml,347,Wsgi,qualname: eventlet.wsgi.server,https://opendev.org/openstack/openstack-helm/src/branch/master/glance/values.yaml
openstack-helm,openstack/openstack-helm,heat/values.yaml,448,"Other(""logger_eventletwsgi:"")",logger_eventletwsgi:,https://opendev.org/openstack/openstack-helm/src/branch/master/heat/values.yaml
openstack-helm,openstack/openstack-helm,heat/values.yaml,451,Wsgi,qualname: eventlet.wsgi.server,https://opendev.org/openstack/openstack-helm/src/branch/master/heat/values.yaml
openstack-helm,openstack/openstack-helm,ironic/values.yaml,178,"Other(""logger_eventletwsgi:"")",logger_eventletwsgi:,https://opendev.org/openstack/openstack-helm/src/branch/master/ironic/values.yaml
openstack-helm,openstack/openstack-helm,ironic/values.yaml,181,Wsgi,qualname: eventlet.wsgi.server,https://opendev.org/openstack/openstack-helm/src/branch/master/ironic/values.yaml
openstack-helm,openstack/openstack-helm,keystone/values.yaml,857,"Other(""logger_eventletwsgi:"")",logger_eventletwsgi:,https://opendev.org/openstack/openstack-helm/src/branch/master/keystone/values.yaml
openstack-helm,openstack/openstack-helm,keystone/values.yaml,860,Wsgi,qualname: eventlet.wsgi.server,https://opendev.org/openstack/openstack-helm/src/branch/master/keystone/values.yaml
openstack-helm,openstack/openstack-helm,magnum/values.yaml,130,"Other(""logger_eventletwsgi:"")",logger_eventletwsgi:,https://opendev.org/openstack/openstack-helm/src/branch/master/magnum/values.yaml
openstack-helm,openstack/openstack-helm,magnum/values.yaml,133,Wsgi,qualname: eventlet.wsgi.server,https://opendev.org/openstack/openstack-helm/src/branch/master/magnum/values.yaml
openstack-helm,openstack/openstack-helm,manila/values.yaml,795,"Other(""logger_eventletwsgi:"")",logger_eventletwsgi:,https://opendev.org/openstack/openstack-helm/src/branch/master/manila/values.yaml
openstack-helm,openstack/openstack-helm,manila/values.yaml,798,Wsgi,qualname: eventlet.wsgi.server,https://opendev.org/openstack/openstack-helm/src/branch/master/manila/values.yaml
openstack-helm,openstack/openstack-helm,mistral/values.yaml,469,"Other(""logger_eventletwsgi:"")",logger_eventletwsgi:,https://opendev.org/openstack/openstack-helm/src/branch/master/mistral/values.yaml
openstack-helm,openstack/openstack-helm,mistral/values.yaml,472,Wsgi,qualname: eventlet.wsgi.server,https://opendev.org/openstack/openstack-helm/src/branch/master/mistral/values.yaml
openstack-helm,openstack/openstack-helm,monasca/values.yaml,184,"Other(""worker-class: eventlet"")",worker-class: eventlet,https://opendev.org/openstack/openstack-helm/src/branch/master/monasca/values.yaml
openstack-helm,openstack/openstack-helm,neutron/values.yaml,2021,"Other(""logger_eventletwsgi:"")",logger_eventletwsgi:,https://opendev.org/openstack/openstack-helm/src/branch/master/neutron/values.yaml
openstack-helm,openstack/openstack-helm,neutron/values.yaml,2024,Wsgi,qualname: eventlet.wsgi.server,https://opendev.org/openstack/openstack-helm/src/branch/master/neutron/values.yaml
openstack-helm,openstack/openstack-helm,nova/values.yaml,1516,"Other(""logger_eventletwsgi:"")",logger_eventletwsgi:,https://opendev.org/openstack/openstack-helm/src/branch/master/nova/values.yaml
openstack-helm,openstack/openstack-helm,nova/values.yaml,1519,Wsgi,qualname: eventlet.wsgi.server,https://opendev.org/openstack/openstack-helm/src/branch/master/nova/values.yaml
openstack-helm,openstack/openstack-helm,octavia/values.yaml,292,"Other(""logger_eventletwsgi:"")",logger_eventletwsgi:,https://opendev.org/openstack/openstack-helm/src/branch/master/octavia/values.yaml
openstack-helm,openstack/openstack-helm,octavia/values.yaml,295,Wsgi,qualname: eventlet.wsgi.server,https://opendev.org/openstack/openstack-helm/src/branch/master/octavia/values.yaml
openstack-helm,openstack/openstack-helm,placement/values.yaml,109,"Other(""logger_eventletwsgi:"")",logger_eventletwsgi:,https://opendev.org/openstack/openstack-helm/src/branch/master/placement/values.yaml
openstack-helm,openstack/openstack-helm,placement/values.yaml,112,Wsgi,qualname: eventlet.wsgi.server,https://opendev.org/openstack/openstack-helm/src/branch/master/placement/values.yaml
openstack-helm,openstack/openstack-helm,senlin/values.yaml,177,"Other(""logger_eventletwsgi:"")",logger_eventletwsgi:,https://opendev.org/openstack/openstack-helm/src/branch/master/senlin/values.yaml
openstack-helm,openstack/openstack-helm,senlin/values.yaml,180,Wsgi,qualname: eventlet.wsgi.server,https://opendev.org/openstack/openstack-helm/src/branch/master/senlin/values.yaml
openstack-helm,openstack/openstack-helm,tacker/values.yaml,585,"Other(""logger_eventletwsgi:"")",logger_eventletwsgi:,https://opendev.org/openstack/openstack-helm/src/branch/master/tacker/values.yaml
openstack-helm,openstack/openstack-helm,tacker/values.yaml,588,Wsgi,qualname: eventlet.wsgi.server,https://opendev.org/openstack/openstack-helm/src/branch/master/tacker/values.yaml
openstack-manuals,openstack/openstack-manuals,www/static/sitemap.xml,2463,"Other(""<loc>https://docs.openstack.org/cinder/latest/cont"")",<loc>https://docs.openstack.org/cinder/latest/contributor/api/cinder.wsgi.eventlet_server.html</loc>,https://opendev.org/openstack/openstack-manuals/src/branch/master/www/static/sitemap.xml
openstack-manuals,openstack/openstack-manuals,www/static/sitemap.xml,56535,"Other(""<loc>https://docs.openstack.org/keystone/zed/api/k"")",<loc>https://docs.openstack.org/keystone/zed/api/keystone.conf.eventlet_server.html</loc>,https://opendev.org/openstack/openstack-manuals/src/branch/master/www/static/sitemap.xml
openstack-manuals,openstack/openstack-manuals,www/static/sitemap.xml,56943,"Other(""<loc>https://docs.openstack.org/keystone/zed/_modu"")",<loc>https://docs.openstack.org/keystone/zed/_modules/keystone/conf/eventlet_server.html</loc>,https://opendev.org/openstack/openstack-manuals/src/branch/master/www/static/sitemap.xml
openstack-manuals,openstack/openstack-manuals,www/static/sitemap.xml,74715,"Other(""<loc>https://docs.openstack.org/nova/latest/contri"")",<loc>https://docs.openstack.org/nova/latest/contributor/testing/eventlet-profiling.html</loc>,https://opendev.org/openstack/openstack-manuals/src/branch/master/www/static/sitemap.xml
openstack-manuals,openstack/openstack-manuals,www/static/sitemap.xml,90147,"Other(""<loc>https://docs.openstack.org/keystone/2023.2/ap"")",<loc>https://docs.openstack.org/keystone/2023.2/api/keystone.conf.eventlet_server.html</loc>,https://opendev.org/openstack/openstack-manuals/src/branch/master/www/static/sitemap.xml
openstack-manuals,openstack/openstack-manuals,www/static/sitemap.xml,90687,"Other(""<loc>https://docs.openstack.org/keystone/2023.2/_m"")",<loc>https://docs.openstack.org/keystone/2023.2/_modules/keystone/conf/eventlet_server.html</loc>,https://opendev.org/openstack/openstack-manuals/src/branch/master/www/static/sitemap.xml
openstack-manuals,openstack/openstack-manuals,www/static/sitemap.xml,103491,"Other(""<loc>https://docs.openstack.org/keystone/2023.1/ap"")",<loc>https://docs.openstack.org/keystone/2023.1/api/keystone.conf.eventlet_server.html</loc>,https://opendev.org/openstack/openstack-manuals/src/branch/master/www/static/sitemap.xml
openstack-manuals,openstack/openstack-manuals,www/static/sitemap.xml,103887,"Other(""<loc>https://docs.openstack.org/keystone/2023.1/_m"")",<loc>https://docs.openstack.org/keystone/2023.1/_modules/keystone/conf/eventlet_server.html</loc>,https://opendev.org/openstack/openstack-manuals/src/branch/master/www/static/sitemap.xml
openstack-manuals,openstack/openstack-manuals,www/static/sitemap.xml,112077,"Other(""<loc>https://docs.openstack.org/tacker/latest/cont"")",<loc>https://docs.openstack.org/tacker/latest/contributor/api/tacker.common.eventlet_utils.html</loc>,https://opendev.org/openstack/openstack-manuals/src/branch/master/www/static/sitemap.xml
openstack-manuals,openstack/openstack-manuals,www/static/sitemap.xml,115137,"Other(""eventlet.tacker_server"")",<loc>https://docs.openstack.org/tacker/latest/contributor/api/tacker.cmd.eventlet.tacker_server.html</loc>,https://opendev.org/openstack/openstack-manuals/src/branch/master/www/static/sitemap.xml
openstack-manuals,openstack/openstack-manuals,www/static/sitemap.xml,115143,"Other(""eventlet.conductor"")",<loc>https://docs.openstack.org/tacker/latest/contributor/api/tacker.cmd.eventlet.conductor.html</loc>,https://opendev.org/openstack/openstack-manuals/src/branch/master/www/static/sitemap.xml
openstack-manuals,openstack/openstack-manuals,www/static/sitemap.xml,115149,"Other(""eventlet.html"")",<loc>https://docs.openstack.org/tacker/latest/contributor/api/tacker.cmd.eventlet.html</loc>,https://opendev.org/openstack/openstack-manuals/src/branch/master/www/static/sitemap.xml
openstack-manuals,openstack/openstack-manuals,www/static/sitemap.xml,117573,"Other(""<loc>https://docs.openstack.org/taskflow/latest/_m"")",<loc>https://docs.openstack.org/taskflow/latest/_modules/taskflow/utils/eventlet_utils.html</loc>,https://opendev.org/openstack/openstack-manuals/src/branch/master/www/static/sitemap.xml
openstack-manuals,openstack/openstack-manuals,www/static/sitemap.xml,208653,"Other(""<loc>https://docs.openstack.org/oslo.service/2023."")",<loc>https://docs.openstack.org/oslo.service/2023.1/reference/eventlet_backdoor.html</loc>,https://opendev.org/openstack/openstack-manuals/src/branch/master/www/static/sitemap.xml
openstack-manuals,openstack/openstack-manuals,www/static/sitemap.xml,208881,"Other(""<loc>https://docs.openstack.org/oslo.service/lates"")",<loc>https://docs.openstack.org/oslo.service/latest/reference/eventlet_backdoor.html</loc>,https://opendev.org/openstack/openstack-manuals/src/branch/master/www/static/sitemap.xml
openstack-manuals,openstack/openstack-manuals,www/static/sitemap.xml,213447,"Other(""<loc>https://docs.openstack.org/oslo.service/zed/r"")",<loc>https://docs.openstack.org/oslo.service/zed/reference/eventlet_backdoor.html</loc>,https://opendev.org/openstack/openstack-manuals/src/branch/master/www/static/sitemap.xml
openstack-manuals,openstack/openstack-manuals,www/static/sitemap.xml,218763,"Other(""<loc>https://docs.openstack.org/taskflow/2023.2/_m"")",<loc>https://docs.openstack.org/taskflow/2023.2/_modules/taskflow/utils/eventlet_utils.html</loc>,https://opendev.org/openstack/openstack-manuals/src/branch/master/www/static/sitemap.xml
openstack-manuals,openstack/openstack-manuals,www/static/sitemap.xml,223533,"Other(""<loc>https://docs.openstack.org/oslo.service/2023."")",<loc>https://docs.openstack.org/oslo.service/2023.2/reference/eventlet_backdoor.html</loc>,https://opendev.org/openstack/openstack-manuals/src/branch/master/www/static/sitemap.xml
openstack-manuals,openstack/openstack-manuals,www/static/sitemap.xml,224055,"Other(""<loc>https://docs.openstack.org/oslo.utils/2023.2/"")",<loc>https://docs.openstack.org/oslo.utils/2023.2/reference/eventletutils.html</loc>,https://opendev.org/openstack/openstack-manuals/src/branch/master/www/static/sitemap.xml
openstack-manuals,openstack/openstack-manuals,www/static/sitemap.xml,226017,"Other(""<loc>https://docs.openstack.org/oslo.utils/latest/"")",<loc>https://docs.openstack.org/oslo.utils/latest/reference/eventletutils.html</loc>,https://opendev.org/openstack/openstack-manuals/src/branch/master/www/static/sitemap.xml
openstack-manuals,openstack/openstack-manuals,www/static/sitemap.xml,227517,"Other(""<loc>https://docs.openstack.org/oslo.utils/2023.1/"")",<loc>https://docs.openstack.org/oslo.utils/2023.1/reference/eventletutils.html</loc>,https://opendev.org/openstack/openstack-manuals/src/branch/master/www/static/sitemap.xml
openstack-manuals,openstack/openstack-manuals,www/static/sitemap.xml,233151,"Other(""<loc>https://docs.openstack.org/oslo.utils/zed/ref"")",<loc>https://docs.openstack.org/oslo.utils/zed/reference/eventletutils.html</loc>,https://opendev.org/openstack/openstack-manuals/src/branch/master/www/static/sitemap.xml
openstack-manuals,openstack/openstack-manuals,www/static/sitemap.xml,235035,"Other(""<loc>https://docs.openstack.org/taskflow/2023.1/_m"")",<loc>https://docs.openstack.org/taskflow/2023.1/_modules/taskflow/utils/eventlet_utils.html</loc>,https://opendev.org/openstack/openstack-manuals/src/branch/master/www/static/sitemap.xml
os-brick,openstack/os-brick,os_brick/initiator/connectors/iscsi.py,601,"Other(""too much about the GIL or how the eventlets will h"")",too much about the GIL or how the eventlets will handle the context,https://opendev.org/openstack/os-brick/src/branch/master/os_brick/initiator/connectors/iscsi.py
os-brick,openstack/os-brick,test-requirements.txt,20,"Other(""eventlet>=0.30.1,!=0.32.0 # MIT"")","eventlet>=0.30.1,!=0.32.0 # MIT",https://opendev.org/openstack/os-brick/src/branch/master/test-requirements.txt
os-ken,openstack/os-ken,doc/source/library_bgp_speaker.rst,22,Import,import eventlet,https://opendev.org/openstack/os-ken/src/branch/master/doc/source/library_bgp_speaker.rst
os-ken,openstack/os-ken,doc/source/library_bgp_speaker.rst,25,MonkeyPatch,eventlet.monkey_patch(),https://opendev.org/openstack/os-ken/src/branch/master/doc/source/library_bgp_speaker.rst
os-ken,openstack/os-ken,doc/source/library_bgp_speaker.rst,54,Sleep,eventlet.sleep(30),https://opendev.org/openstack/os-ken/src/branch/master/doc/source/library_bgp_speaker.rst
os-ken,openstack/os-ken,doc/source/os_ken_app_api.rst,38,"Other(""While threads and queues are currently implemented"")","While threads and queues are currently implemented with eventlet/greenlet,",https://opendev.org/openstack/os-ken/src/branch/master/doc/source/os_ken_app_api.rst
os-ken,openstack/os-ken,os_ken/lib/hub.py,25,"Other(""HUB_TYPE = os.getenv('OSKEN_HUB_TYPE', 'eventlet')"")","HUB_TYPE = os.getenv('OSKEN_HUB_TYPE', 'eventlet')",https://opendev.org/openstack/os-ken/src/branch/master/os_ken/lib/hub.py
os-ken,openstack/os-ken,os_ken/lib/hub.py,29,"Other(""if HUB_TYPE == 'eventlet':"")",if HUB_TYPE == 'eventlet':,https://opendev.org/openstack/os-ken/src/branch/master/os_ken/lib/hub.py
os-ken,openstack/os-ken,os_ken/lib/hub.py,30,Import,import eventlet,https://opendev.org/openstack/os-ken/src/branch/master/os_ken/lib/hub.py
os-ken,openstack/os-ken,os_ken/lib/hub.py,34,Sleep,eventlet.sleep(),https://opendev.org/openstack/os-ken/src/branch/master/os_ken/lib/hub.py
os-ken,openstack/os-ken,os_ken/lib/hub.py,35,Import,import eventlet.event,https://opendev.org/openstack/os-ken/src/branch/master/os_ken/lib/hub.py
os-ken,openstack/os-ken,os_ken/lib/hub.py,36,Import,import eventlet.queue,https://opendev.org/openstack/os-ken/src/branch/master/os_ken/lib/hub.py
os-ken,openstack/os-ken,os_ken/lib/hub.py,37,Import,import eventlet.semaphore,https://opendev.org/openstack/os-ken/src/branch/master/os_ken/lib/hub.py
os-ken,openstack/os-ken,os_ken/lib/hub.py,38,Import,import eventlet.timeout,https://opendev.org/openstack/os-ken/src/branch/master/os_ken/lib/hub.py
os-ken,openstack/os-ken,os_ken/lib/hub.py,39,Wsgi,import eventlet.wsgi,https://opendev.org/openstack/os-ken/src/branch/master/os_ken/lib/hub.py
os-ken,openstack/os-ken,os_ken/lib/hub.py,40,Import,from eventlet import websocket,https://opendev.org/openstack/os-ken/src/branch/master/os_ken/lib/hub.py
os-ken,openstack/os-ken,os_ken/lib/hub.py,47,"Other(""eventlet.getcurrent"")",getcurrent = eventlet.getcurrent,https://opendev.org/openstack/os-ken/src/branch/master/os_ken/lib/hub.py
os-ken,openstack/os-ken,os_ken/lib/hub.py,48,"Other(""eventlet.sleep"")",sleep = eventlet.sleep,https://opendev.org/openstack/os-ken/src/branch/master/os_ken/lib/hub.py
os-ken,openstack/os-ken,os_ken/lib/hub.py,49,"Other(""eventlet.listen"")",listen = eventlet.listen,https://opendev.org/openstack/os-ken/src/branch/master/os_ken/lib/hub.py
os-ken,openstack/os-ken,os_ken/lib/hub.py,50,"Other(""eventlet.connect"")",connect = eventlet.connect,https://opendev.org/openstack/os-ken/src/branch/master/os_ken/lib/hub.py
os-ken,openstack/os-ken,os_ken/lib/hub.py,53,"Other(""eventlet.monkey_patch"")",eventlet.monkey_patch(thread=thread),https://opendev.org/openstack/os-ken/src/branch/master/os_ken/lib/hub.py
os-ken,openstack/os-ken,os_ken/lib/hub.py,74,Spawn,"return eventlet.spawn(_launch, *args, **kwargs)",https://opendev.org/openstack/os-ken/src/branch/master/os_ken/lib/hub.py
os-ken,openstack/os-ken,os_ken/lib/hub.py,95,"Other(""eventlet.spawn_after"")","return eventlet.spawn_after(seconds, _launch, *args, **kwargs)",https://opendev.org/openstack/os-ken/src/branch/master/os_ken/lib/hub.py
os-ken,openstack/os-ken,os_ken/lib/hub.py,109,"Other(""eventlet.queue"")",Queue = eventlet.queue.LightQueue,https://opendev.org/openstack/os-ken/src/branch/master/os_ken/lib/hub.py
os-ken,openstack/os-ken,os_ken/lib/hub.py,110,"Other(""eventlet.queue"")",QueueEmpty = eventlet.queue.Empty,https://opendev.org/openstack/os-ken/src/branch/master/os_ken/lib/hub.py
os-ken,openstack/os-ken,os_ken/lib/hub.py,111,"Other(""eventlet.semaphore"")",Semaphore = eventlet.semaphore.Semaphore,https://opendev.org/openstack/os-ken/src/branch/master/os_ken/lib/hub.py
os-ken,openstack/os-ken,os_ken/lib/hub.py,112,"Other(""eventlet.semaphore"")",BoundedSemaphore = eventlet.semaphore.BoundedSemaphore,https://opendev.org/openstack/os-ken/src/branch/master/os_ken/lib/hub.py
os-ken,openstack/os-ken,os_ken/lib/hub.py,122,Listen,"self.server = eventlet.listen(listen_info,",https://opendev.org/openstack/os-ken/src/branch/master/os_ken/lib/hub.py
os-ken,openstack/os-ken,os_ken/lib/hub.py,126,Listen,"self.server = eventlet.listen(listen_info[0],",https://opendev.org/openstack/os-ken/src/branch/master/os_ken/lib/hub.py
os-ken,openstack/os-ken,os_ken/lib/hub.py,129,Listen,self.server = eventlet.listen(listen_info),https://opendev.org/openstack/os-ken/src/branch/master/os_ken/lib/hub.py
os-ken,openstack/os-ken,os_ken/lib/hub.py,202,Wsgi,"eventlet.wsgi.server(self.server, self.handle, self.logger)",https://opendev.org/openstack/os-ken/src/branch/master/os_ken/lib/hub.py
os-ken,openstack/os-ken,os_ken/lib/hub.py,206,"Other(""eventlet.timeout"")",Timeout = eventlet.timeout.Timeout,https://opendev.org/openstack/os-ken/src/branch/master/os_ken/lib/hub.py
os-ken,openstack/os-ken,os_ken/lib/hub.py,210,"Other(""eventlet.event"")",self._ev = eventlet.event.Event(),https://opendev.org/openstack/os-ken/src/branch/master/os_ken/lib/hub.py
os-ken,openstack/os-ken,os_ken/lib/hub.py,222,"Other(""eventlet.event"")",self._ev = eventlet.event.Event(),https://opendev.org/openstack/os-ken/src/branch/master/os_ken/lib/hub.py
os-ken,openstack/os-ken,os_ken/services/protocols/bgp/base.py,390,Import,import eventlet,https://opendev.org/openstack/os-ken/src/branch/master/os_ken/services/protocols/bgp/base.py
os-ken,openstack/os-ken,os_ken/services/protocols/bgp/base.py,391,Spawn,"server = eventlet.spawn(self._listen_socket_loop,",https://opendev.org/openstack/os-ken/src/branch/master/os_ken/services/protocols/bgp/base.py
os-ken,openstack/os-ken,os_ken/services/protocols/bgp/speaker.py,24,Import,from eventlet import semaphore,https://opendev.org/openstack/os-ken/src/branch/master/os_ken/services/protocols/bgp/speaker.py
os-ken,openstack/os-ken,os_ken/services/protocols/ovsdb/client.py,62,"Other(""\""\""\""Emulate jsonrpc.Connection.transact_block witho"")","""""""Emulate jsonrpc.Connection.transact_block without blocking eventlet.",https://opendev.org/openstack/os-ken/src/branch/master/os_ken/services/protocols/ovsdb/client.py
os-ken,openstack/os-ken,requirements.txt,6,"Other(""eventlet>=0.27.0 # MIT"")",eventlet>=0.27.0 # MIT,https://opendev.org/openstack/os-ken/src/branch/master/requirements.txt
oslo-specs,openstack/oslo-specs,specs/bobcat/http-driver.rst,121,"Other(""* WSGI server: eventlet"")",* WSGI server: eventlet,https://opendev.org/openstack/oslo-specs/src/branch/master/specs/bobcat/http-driver.rst
oslo-specs,openstack/oslo-specs,specs/bobcat/http-driver.rst,273,"Other(""eventlet which is used by oslo.service."")",eventlet which is used by oslo.service.,https://opendev.org/openstack/oslo-specs/src/branch/master/specs/bobcat/http-driver.rst
oslo-specs,openstack/oslo-specs,specs/juno/add-tpool-proxy-wrapper.rst,7,"Other(""During Icehouse release cycle in order to drop dep"")",During Icehouse release cycle in order to drop dependency on eventlet we,https://opendev.org/openstack/oslo-specs/src/branch/master/specs/juno/add-tpool-proxy-wrapper.rst
oslo-specs,openstack/oslo-specs,specs/juno/add-tpool-proxy-wrapper.rst,8,"Other(""removed eventlet ``tpool.Proxy`` helper and the co"")",removed eventlet ``tpool.Proxy`` helper and the corresponding config option,https://opendev.org/openstack/oslo-specs/src/branch/master/specs/juno/add-tpool-proxy-wrapper.rst
oslo-specs,openstack/oslo-specs,specs/juno/add-tpool-proxy-wrapper.rst,13,"Other(""optional integration with eventlet ``tpool.Proxy``"")",optional integration with eventlet ``tpool.Proxy`` as a separate module within,https://opendev.org/openstack/oslo-specs/src/branch/master/specs/juno/add-tpool-proxy-wrapper.rst
oslo-specs,openstack/oslo-specs,specs/juno/add-tpool-proxy-wrapper.rst,22,"Other(""eventlet green threads: being a C-extension it han"")",eventlet green threads: being a C-extension it hangs the process on blocking,https://opendev.org/openstack/oslo-specs/src/branch/master/specs/juno/add-tpool-proxy-wrapper.rst
oslo-specs,openstack/oslo-specs,specs/juno/add-tpool-proxy-wrapper.rst,23,"Other(""DB queries (as eventlet can't monkey patch it to f"")",DB queries (as eventlet can't monkey patch it to force a green thread switch,https://opendev.org/openstack/oslo-specs/src/branch/master/specs/juno/add-tpool-proxy-wrapper.rst
oslo-specs,openstack/oslo-specs,specs/juno/add-tpool-proxy-wrapper.rst,26,"Other(""eventlet provides a work around for this problem: "")",eventlet provides a work around for this problem: ``tpool.Proxy`` helper class,https://opendev.org/openstack/oslo-specs/src/branch/master/specs/juno/add-tpool-proxy-wrapper.rst
oslo-specs,openstack/oslo-specs,specs/juno/add-tpool-proxy-wrapper.rst,29,"Other(""real OS thread, which knows how to deal with event"")","real OS thread, which knows how to deal with eventlet thread pool, on return",https://opendev.org/openstack/oslo-specs/src/branch/master/specs/juno/add-tpool-proxy-wrapper.rst
oslo-specs,openstack/oslo-specs,specs/juno/add-tpool-proxy-wrapper.rst,36,"Other(""option one had to use a patched version of eventle"")","option one had to use a patched version of eventlet, as neither PyPI releases",https://opendev.org/openstack/oslo-specs/src/branch/master/specs/juno/add-tpool-proxy-wrapper.rst
oslo-specs,openstack/oslo-specs,specs/juno/add-tpool-proxy-wrapper.rst,40,"Other(""common DB code. eventlet was removed as one of the"")",common DB code. eventlet was removed as one of the dependencies we thought were,https://opendev.org/openstack/oslo-specs/src/branch/master/specs/juno/add-tpool-proxy-wrapper.rst
oslo-specs,openstack/oslo-specs,specs/juno/add-tpool-proxy-wrapper.rst,43,"Other(""process concurrent requests, whether they use even"")","process concurrent requests, whether they use eventlet green threads, real",https://opendev.org/openstack/oslo-specs/src/branch/master/specs/juno/add-tpool-proxy-wrapper.rst
oslo-specs,openstack/oslo-specs,specs/juno/add-tpool-proxy-wrapper.rst,46,"Other(""eventlet ``tpool.Proxy``, so the people wouldn't n"")","eventlet ``tpool.Proxy``, so the people wouldn't need to do this in their",https://opendev.org/openstack/oslo-specs/src/branch/master/specs/juno/add-tpool-proxy-wrapper.rst
oslo-specs,openstack/oslo-specs,specs/juno/add-tpool-proxy-wrapper.rst,54,"Other(""eventlet ``tpool.Proxy`` call proxying we need:"")",eventlet ``tpool.Proxy`` call proxying we need:,https://opendev.org/openstack/oslo-specs/src/branch/master/specs/juno/add-tpool-proxy-wrapper.rst
oslo-specs,openstack/oslo-specs,specs/juno/add-tpool-proxy-wrapper.rst,63,"Other(""4. Even though we'll use eventlet ``tpool.Proxy`` "")","4. Even though we'll use eventlet ``tpool.Proxy`` class at runtime, we are not",https://opendev.org/openstack/oslo-specs/src/branch/master/specs/juno/add-tpool-proxy-wrapper.rst
oslo-specs,openstack/oslo-specs,specs/juno/add-tpool-proxy-wrapper.rst,64,"Other(""going to add it to oslo.db ``requirements.txt`` (w"")",going to add it to oslo.db ``requirements.txt`` (we don't want eventlet to,https://opendev.org/openstack/oslo-specs/src/branch/master/specs/juno/add-tpool-proxy-wrapper.rst
oslo-specs,openstack/oslo-specs,specs/juno/add-tpool-proxy-wrapper.rst,65,"Other(""be an install time dependency; if you use eventlet"")","be an install time dependency; if you use eventlet, it will be up to you to",https://opendev.org/openstack/oslo-specs/src/branch/master/specs/juno/add-tpool-proxy-wrapper.rst
oslo-specs,openstack/oslo-specs,specs/juno/add-tpool-proxy-wrapper.rst,79,"Other(""2. Document, that if someone wanted to use oslo.db"")","2. Document, that if someone wanted to use oslo.db with eventlet",https://opendev.org/openstack/oslo-specs/src/branch/master/specs/juno/add-tpool-proxy-wrapper.rst
oslo-specs,openstack/oslo-specs,specs/juno/add-tpool-proxy-wrapper.rst,83,"Other(""The advantage of this solution is that we don't ne"")",The advantage of this solution is that we don't need to re-add eventlet stuff,https://opendev.org/openstack/oslo-specs/src/branch/master/specs/juno/add-tpool-proxy-wrapper.rst
oslo-specs,openstack/oslo-specs,specs/juno/add-tpool-proxy-wrapper.rst,88,"Other(""clear to users why they need to use another librar"")","clear to users why they need to use another library, if they use eventlet and",https://opendev.org/openstack/oslo-specs/src/branch/master/specs/juno/add-tpool-proxy-wrapper.rst
oslo-specs,openstack/oslo-specs,specs/juno/add-tpool-proxy-wrapper.rst,108,"Other(""lot, when eventlet and ``MySQL-Python`` are used. "")","lot, when eventlet and ``MySQL-Python`` are used. Note: you will still need",https://opendev.org/openstack/oslo-specs/src/branch/master/specs/juno/add-tpool-proxy-wrapper.rst
oslo-specs,openstack/oslo-specs,specs/juno/add-tpool-proxy-wrapper.rst,109,"Other(""to use unreleased eventlet code."")",to use unreleased eventlet code.,https://opendev.org/openstack/oslo-specs/src/branch/master/specs/juno/add-tpool-proxy-wrapper.rst
oslo-specs,openstack/oslo-specs,specs/juno/add-tpool-proxy-wrapper.rst,124,"Other(""OpenStack projects that want to use oslo.db with e"")",OpenStack projects that want to use oslo.db with eventlet ``tpool.Proxy`` call,https://opendev.org/openstack/oslo-specs/src/branch/master/specs/juno/add-tpool-proxy-wrapper.rst
oslo-specs,openstack/oslo-specs,specs/juno/add-tpool-proxy-wrapper.rst,184,"Other(""that patched version of eventlet is needed to use "")",that patched version of eventlet is needed to use it.,https://opendev.org/openstack/oslo-specs/src/branch/master/specs/juno/add-tpool-proxy-wrapper.rst
oslo-specs,openstack/oslo-specs,specs/juno/add-tpool-proxy-wrapper.rst,190,"Other(""To work properly, this depends on the unreleased v"")","To work properly, this depends on the unreleased version of eventlet. Though,",https://opendev.org/openstack/oslo-specs/src/branch/master/specs/juno/add-tpool-proxy-wrapper.rst
oslo-specs,openstack/oslo-specs,specs/juno/add-tpool-proxy-wrapper.rst,192,"Other(""version of eventlet in production. We are going to"")",version of eventlet in production. We are going to leave it up to deployers to,https://opendev.org/openstack/oslo-specs/src/branch/master/specs/juno/add-tpool-proxy-wrapper.rst
oslo-specs,openstack/oslo-specs,specs/juno/add-tpool-proxy-wrapper.rst,211,"Other(""eventlet tpool docs:"")",eventlet tpool docs:,https://opendev.org/openstack/oslo-specs/src/branch/master/specs/juno/add-tpool-proxy-wrapper.rst
oslo-specs,openstack/oslo-specs,specs/juno/add-tpool-proxy-wrapper.rst,213,"Other(""eventlet.net"")",http://eventlet.net/doc/threading.html#module-eventlet.tpool,https://opendev.org/openstack/oslo-specs/src/branch/master/specs/juno/add-tpool-proxy-wrapper.rst
oslo-specs,openstack/oslo-specs,specs/juno/add-tpool-proxy-wrapper.rst,215,"Other(""The patch fixing the eventlet issue:"")",The patch fixing the eventlet issue:,https://opendev.org/openstack/oslo-specs/src/branch/master/specs/juno/add-tpool-proxy-wrapper.rst
oslo-specs,openstack/oslo-specs,specs/juno/add-tpool-proxy-wrapper.rst,217,"Other(""https://bitbucket.org/eventlet/eventlet/pull-reque"")",https://bitbucket.org/eventlet/eventlet/pull-request/29/,https://opendev.org/openstack/oslo-specs/src/branch/master/specs/juno/add-tpool-proxy-wrapper.rst
oslo-specs,openstack/oslo-specs,specs/kilo/make-enginefacade-a-facade.rst,403,"Other(""at the eventlet level and 2. thread locals are see"")","at the eventlet level and 2. thread locals are seen as ""action at a distance"",",https://opendev.org/openstack/oslo-specs/src/branch/master/specs/kilo/make-enginefacade-a-facade.rst
oslo-specs,openstack/oslo-specs,specs/kilo/make-enginefacade-a-facade.rst,605,"Other(""1. The need for thread locals or any issues with e"")",1. The need for thread locals or any issues with eventlet is removed.,https://opendev.org/openstack/oslo-specs/src/branch/master/specs/kilo/make-enginefacade-a-facade.rst
oslo-specs,openstack/oslo-specs,specs/liberty/adopt-futurist.rst,21,"Other(""- An eventlet executor (aka a ``GreenThreadPoolExe"")",- An eventlet executor (aka a ``GreenThreadPoolExecutor``) that uses a,https://opendev.org/openstack/oslo-specs/src/branch/master/specs/liberty/adopt-futurist.rst
oslo-specs,openstack/oslo-specs,specs/liberty/adopt-futurist.rst,22,"Other(""`eventlet`_ greenpool and greenthreads (making the"")",`eventlet`_ greenpool and greenthreads (making the same futures/executor,https://opendev.org/openstack/oslo-specs/src/branch/master/specs/liberty/adopt-futurist.rst
oslo-specs,openstack/oslo-specs,specs/liberty/adopt-futurist.rst,23,"Other(""interface work when running in an eventlet environ"")",interface work when running in an eventlet environment). This kind of,https://opendev.org/openstack/oslo-specs/src/branch/master/specs/liberty/adopt-futurist.rst
oslo-specs,openstack/oslo-specs,specs/liberty/adopt-futurist.rst,24,Import,addition makes it eas(ier) to move from eventlet to another style of,https://opendev.org/openstack/oslo-specs/src/branch/master/specs/liberty/adopt-futurist.rst
oslo-specs,openstack/oslo-specs,specs/liberty/adopt-futurist.rst,125,"Other(""eventlet.net"")",and http://eventlet.net/doc/modules/greenpool.html for information on,https://opendev.org/openstack/oslo-specs/src/branch/master/specs/liberty/adopt-futurist.rst
oslo-specs,openstack/oslo-specs,specs/liberty/adopt-futurist.rst,214,"Other(""* `eventlet`_ (**optionally** required for green f"")",* `eventlet`_ (**optionally** required for green futures/executors),https://opendev.org/openstack/oslo-specs/src/branch/master/specs/liberty/adopt-futurist.rst
oslo-specs,openstack/oslo-specs,specs/liberty/adopt-futurist.rst,231,"Other(""eventlet.net"")",.. _eventlet: http://eventlet.net/,https://opendev.org/openstack/oslo-specs/src/branch/master/specs/liberty/adopt-futurist.rst
oslo-specs,openstack/oslo-specs,specs/liberty/graduate-oslo-service.rst,17,"Other(""* openstack/common/eventlet_backdoor.py"")",* openstack/common/eventlet_backdoor.py,https://opendev.org/openstack/oslo-specs/src/branch/master/specs/liberty/graduate-oslo-service.rst
oslo-specs,openstack/oslo-specs,specs/liberty/graduate-oslo-service.rst,18,"Other(""* tests/unit/test_eventlet_backdoor.py"")",* tests/unit/test_eventlet_backdoor.py,https://opendev.org/openstack/oslo-specs/src/branch/master/specs/liberty/graduate-oslo-service.rst
oslo-specs,openstack/oslo-specs,specs/liberty/graduate-oslo-service.rst,25,"Other(""* tests/unit/eventlet_service.py"")",* tests/unit/eventlet_service.py,https://opendev.org/openstack/oslo-specs/src/branch/master/specs/liberty/graduate-oslo-service.rst
oslo-specs,openstack/oslo-specs,specs/liberty/windows-oslo-service-workers.rst,18,"Other(""eventlet.greenio"")","* eventlet.greenio.GreenPipe, which it cannot be used, as it tries to set the",https://opendev.org/openstack/oslo-specs/src/branch/master/specs/liberty/windows-oslo-service-workers.rst
oslo-specs,openstack/oslo-specs,specs/liberty/zmq-req-rep.rst,189,"Other("".. [3] https://blueprints.launchpad.net/oslo.messa"")",.. [3] https://blueprints.launchpad.net/oslo.messaging/+spec/zmq-work-without-eventlet,https://opendev.org/openstack/oslo-specs/src/branch/master/specs/liberty/zmq-req-rep.rst
oslo-specs,openstack/oslo-specs,specs/mitaka/rabbitmq-pika-driver.rst,61,"Other(""It does not have special adapter for eventlet. But"")",It does not have special adapter for eventlet. But It is possible to use,https://opendev.org/openstack/oslo-specs/src/branch/master/specs/mitaka/rabbitmq-pika-driver.rst
oslo-specs,openstack/oslo-specs,specs/mitaka/rabbitmq-pika-driver.rst,62,"Other(""'BlockingConnection' adapter and eventlet monkey p"")",'BlockingConnection' adapter and eventlet monkey patching. It works pretty,https://opendev.org/openstack/oslo-specs/src/branch/master/specs/mitaka/rabbitmq-pika-driver.rst
oslo-specs,openstack/oslo-specs,specs/mitaka/rabbitmq-pika-driver.rst,64,"Other(""not patched by current eventlet implementation. So"")",not patched by current eventlet implementation. So I added code which removes,https://opendev.org/openstack/oslo-specs/src/branch/master/specs/mitaka/rabbitmq-pika-driver.rst
oslo-specs,openstack/oslo-specs,specs/mitaka/rabbitmq-pika-driver.rst,65,"Other(""'pull' and 'epull' attributes from 'select' module"")",'pull' and 'epull' attributes from 'select' module if eventlet is patched.,https://opendev.org/openstack/oslo-specs/src/branch/master/specs/mitaka/rabbitmq-pika-driver.rst
oslo-specs,openstack/oslo-specs,specs/mitaka/rabbitmq-pika-driver.rst,66,"Other(""In this case Pika uses standard select api which i"")",In this case Pika uses standard select api which is patched by eventlet,https://opendev.org/openstack/oslo-specs/src/branch/master/specs/mitaka/rabbitmq-pika-driver.rst
oslo-specs,openstack/oslo-specs,specs/newton/reconfigurable-oslo-logging.rst,127,"Other(""The 'logging' module was creating a Lock before ev"")",The 'logging' module was creating a Lock before eventlet could monkey-patch,https://opendev.org/openstack/oslo-specs/src/branch/master/specs/newton/reconfigurable-oslo-logging.rst
oslo-specs,openstack/oslo-specs,specs/newton/reconfigurable-oslo-logging.rst,135,"Other(""* Eventlet fix: https://github.com/eventlet/eventl"")",* Eventlet fix: https://github.com/eventlet/eventlet/pull/309,https://opendev.org/openstack/oslo-specs/src/branch/master/specs/newton/reconfigurable-oslo-logging.rst
oslo.cache,openstack/oslo.cache,oslo_cache/_bmemcache_pool.py,18,Import,import eventlet,https://opendev.org/openstack/oslo.cache/src/branch/master/oslo_cache/_bmemcache_pool.py
oslo.cache,openstack/oslo.cache,oslo_cache/_bmemcache_pool.py,20,"Other(""eventlet = None"")",eventlet = None,https://opendev.org/openstack/oslo.cache/src/branch/master/oslo_cache/_bmemcache_pool.py
oslo.cache,openstack/oslo.cache,oslo_cache/_bmemcache_pool.py,40,"Other(""eventlet.patcher"")",if eventlet and eventlet.patcher.is_monkey_patched('thread'):,https://opendev.org/openstack/oslo.cache/src/branch/master/oslo_cache/_bmemcache_pool.py
oslo.cache,openstack/oslo.cache,oslo_cache/_memcache_pool.py,26,Import,import eventlet,https://opendev.org/openstack/oslo.cache/src/branch/master/oslo_cache/_memcache_pool.py
oslo.cache,openstack/oslo.cache,oslo_cache/_memcache_pool.py,28,"Other(""eventlet = None"")",eventlet = None,https://opendev.org/openstack/oslo.cache/src/branch/master/oslo_cache/_memcache_pool.py
oslo.cache,openstack/oslo.cache,oslo_cache/_memcache_pool.py,51,"Other(""eventlet.patcher"")",if eventlet and eventlet.patcher.is_monkey_patched('thread'):,https://opendev.org/openstack/oslo.cache/src/branch/master/oslo_cache/_memcache_pool.py
oslo.cache,openstack/oslo.cache,oslo_cache/_opts.py,51,"Other(""help='Cache backend module. For eventlet-based or "")",help='Cache backend module. For eventlet-based or ',https://opendev.org/openstack/oslo.cache/src/branch/master/oslo_cache/_opts.py
oslo.concurrency,openstack/oslo.concurrency,oslo_concurrency/lockutils.py,37,Import,import eventlet,https://opendev.org/openstack/oslo.concurrency/src/branch/master/oslo_concurrency/lockutils.py
oslo.concurrency,openstack/oslo.concurrency,oslo_concurrency/lockutils.py,38,Import,from eventlet import patcher as eventlet_patcher,https://opendev.org/openstack/oslo.concurrency/src/branch/master/oslo_concurrency/lockutils.py
oslo.concurrency,openstack/oslo.concurrency,oslo_concurrency/lockutils.py,40,"Other(""eventlet = None"")",eventlet = None,https://opendev.org/openstack/oslo.concurrency/src/branch/master/oslo_concurrency/lockutils.py
oslo.concurrency,openstack/oslo.concurrency,oslo_concurrency/lockutils.py,41,"Other(""eventlet_patcher = None"")",eventlet_patcher = None,https://opendev.org/openstack/oslo.concurrency/src/branch/master/oslo_concurrency/lockutils.py
oslo.concurrency,openstack/oslo.concurrency,oslo_concurrency/lockutils.py,99,"Other(""if eventlet is not None and eventlet_patcher is no"")",if eventlet is not None and eventlet_patcher is not None:,https://opendev.org/openstack/oslo.concurrency/src/branch/master/oslo_concurrency/lockutils.py
oslo.concurrency,openstack/oslo.concurrency,oslo_concurrency/lockutils.py,100,"Other(""if eventlet_patcher.is_monkey_patched('thread'):"")",if eventlet_patcher.is_monkey_patched('thread'):,https://opendev.org/openstack/oslo.concurrency/src/branch/master/oslo_concurrency/lockutils.py
oslo.concurrency,openstack/oslo.concurrency,oslo_concurrency/lockutils.py,101,"Other(""eventlet.getcurrent"")",self._current_thread = eventlet.getcurrent,https://opendev.org/openstack/oslo.concurrency/src/branch/master/oslo_concurrency/lockutils.py
oslo.concurrency,openstack/oslo.concurrency,oslo_concurrency/lockutils.py,258,MonkeyPatch,"eventlet.monkey_patch(), else `semaphore.Semaphore`) unless external is",https://opendev.org/openstack/oslo.concurrency/src/branch/master/oslo_concurrency/lockutils.py
oslo.concurrency,openstack/oslo.concurrency,oslo_concurrency/processutils.py,49,"Other(""eventlet = importutils.try_import('eventlet')"")",eventlet = importutils.try_import('eventlet'),https://opendev.org/openstack/oslo.concurrency/src/branch/master/oslo_concurrency/processutils.py
oslo.concurrency,openstack/oslo.concurrency,oslo_concurrency/processutils.py,50,"Other(""eventlet.patcher"")",eventlet_patched = eventlet and eventlet.patcher.is_monkey_patched(time),https://opendev.org/openstack/oslo.concurrency/src/branch/master/oslo_concurrency/processutils.py
oslo.concurrency,openstack/oslo.concurrency,oslo_concurrency/processutils.py,51,"Other(""if eventlet_patched:"")",if eventlet_patched:,https://opendev.org/openstack/oslo.concurrency/src/branch/master/oslo_concurrency/processutils.py
oslo.concurrency,openstack/oslo.concurrency,oslo_concurrency/processutils.py,58,"Other(""eventlet.patcher"")",subprocess = eventlet.patcher.original('subprocess'),https://opendev.org/openstack/oslo.concurrency/src/branch/master/oslo_concurrency/processutils.py
oslo.concurrency,openstack/oslo.concurrency,oslo_concurrency/processutils.py,59,"Other(""eventlet.patcher"")",subprocess.threading = eventlet.patcher.original('threading'),https://opendev.org/openstack/oslo.concurrency/src/branch/master/oslo_concurrency/processutils.py
oslo.concurrency,openstack/oslo.concurrency,oslo_concurrency/processutils.py,61,Import,from eventlet.green import subprocess,https://opendev.org/openstack/oslo.concurrency/src/branch/master/oslo_concurrency/processutils.py
oslo.concurrency,openstack/oslo.concurrency,oslo_concurrency/processutils.py,63,Import,from eventlet import tpool,https://opendev.org/openstack/oslo.concurrency/src/branch/master/oslo_concurrency/processutils.py
oslo.concurrency,openstack/oslo.concurrency,oslo_concurrency/processutils.py,418,"Other(""if eventlet_patched and os.name == 'nt':"")",if eventlet_patched and os.name == 'nt':,https://opendev.org/openstack/oslo.concurrency/src/branch/master/oslo_concurrency/processutils.py
oslo.concurrency,openstack/oslo.concurrency,test-requirements.txt,5,"Other(""eventlet>=0.19.0 # MIT"")",eventlet>=0.19.0 # MIT,https://opendev.org/openstack/oslo.concurrency/src/branch/master/test-requirements.txt
oslo.config,openstack/oslo.config,doc/source/cli/generator.rst,277,"Other(""replacement_group: eventlet_server"")",replacement_group: eventlet_server,https://opendev.org/openstack/oslo.config/src/branch/master/doc/source/cli/generator.rst
oslo.db,openstack/oslo.db,oslo_db/sqlalchemy/engines.py,46,MonkeyPatch,"If we use eventlet.monkey_patch(), eventlet.greenthread.sleep(0) will",https://opendev.org/openstack/oslo.db/src/branch/master/oslo_db/sqlalchemy/engines.py
oslo.db,openstack/oslo.db,oslo_db/sqlalchemy/engines.py,50,"Other(""implemented by C libraries that eventlet cannot mo"")",implemented by C libraries that eventlet cannot monkey patch.,https://opendev.org/openstack/oslo.db/src/branch/master/oslo_db/sqlalchemy/engines.py
oslo.db,openstack/oslo.db,releasenotes/notes/warn-incomplete-url-c44cd03baf630c7c.yaml,7,"Other(""concurrency library eventlet."")",concurrency library eventlet.,https://opendev.org/openstack/oslo.db/src/branch/master/releasenotes/notes/warn-incomplete-url-c44cd03baf630c7c.yaml
oslo.db,openstack/oslo.db,releasenotes/notes/warn-incomplete-url-c44cd03baf630c7c.yaml,12,"Other(""with the concurrency library eventlet. To use PyMy"")","with the concurrency library eventlet. To use PyMySQL, ensure the",https://opendev.org/openstack/oslo.db/src/branch/master/releasenotes/notes/warn-incomplete-url-c44cd03baf630c7c.yaml
oslo.db,openstack/oslo.db,releasenotes/source/locale/en_GB/LC_MESSAGES/releasenotes.po,213,"Other(""\""the best compatibility with the concurrency libra"")","""the best compatibility with the concurrency library eventlet. To use """,https://opendev.org/openstack/oslo.db/src/branch/master/releasenotes/source/locale/en_GB/LC_MESSAGES/releasenotes.po
oslo.db,openstack/oslo.db,releasenotes/source/locale/en_GB/LC_MESSAGES/releasenotes.po,219,"Other(""\""the best compatibility with the concurrency libra"")","""the best compatibility with the concurrency library eventlet. To use """,https://opendev.org/openstack/oslo.db/src/branch/master/releasenotes/source/locale/en_GB/LC_MESSAGES/releasenotes.po
oslo.db,openstack/oslo.db,releasenotes/source/locale/en_GB/LC_MESSAGES/releasenotes.po,651,"Other(""\""as MySQL, the default is incompatible with the co"")","""as MySQL, the default is incompatible with the concurrency library eventlet.""",https://opendev.org/openstack/oslo.db/src/branch/master/releasenotes/source/locale/en_GB/LC_MESSAGES/releasenotes.po
oslo.db,openstack/oslo.db,releasenotes/source/locale/en_GB/LC_MESSAGES/releasenotes.po,655,"Other(""\""as MySQL, the default is incompatible with the co"")","""as MySQL, the default is incompatible with the concurrency library eventlet.""",https://opendev.org/openstack/oslo.db/src/branch/master/releasenotes/source/locale/en_GB/LC_MESSAGES/releasenotes.po
oslo.db,openstack/oslo.db,test-requirements.txt,3,"Other(""eventlet>=0.18.2 # MIT"")",eventlet>=0.18.2 # MIT,https://opendev.org/openstack/oslo.db/src/branch/master/test-requirements.txt
oslo.log,openstack/oslo.log,doc/source/admin/example_nova.rst,64,Wsgi,"Similarly, ``boto``, ``suds``, and ``eventlet.wsgi.server`` are",https://opendev.org/openstack/oslo.log/src/branch/master/doc/source/admin/example_nova.rst
oslo.log,openstack/oslo.log,doc/source/admin/nova_sample.conf,50,"Other(""[logger_eventletwsgi]"")",[logger_eventletwsgi],https://opendev.org/openstack/oslo.log/src/branch/master/doc/source/admin/nova_sample.conf
oslo.log,openstack/oslo.log,doc/source/admin/nova_sample.conf,53,Wsgi,qualname = eventlet.wsgi.server,https://opendev.org/openstack/oslo.log/src/branch/master/doc/source/admin/nova_sample.conf
oslo.log,openstack/oslo.log,oslo_log/log.py,43,Import,from oslo_utils import eventletutils,https://opendev.org/openstack/oslo.log/src/branch/master/oslo_log/log.py
oslo.log,openstack/oslo.log,oslo_log/log.py,271,"Other(""def _fix_eventlet_logging():"")",def _fix_eventlet_logging():,https://opendev.org/openstack/oslo.log/src/branch/master/oslo_log/log.py
oslo.log,openstack/oslo.log,oslo_log/log.py,272,"Other(""\""\""\""Properly setup logging with eventlet on native "")","""""""Properly setup logging with eventlet on native threads.",https://opendev.org/openstack/oslo.log/src/branch/master/oslo_log/log.py
oslo.log,openstack/oslo.log,oslo_log/log.py,274,"Other(""Workaround for: https://github.com/eventlet/eventl"")",Workaround for: https://github.com/eventlet/eventlet/issues/432,https://opendev.org/openstack/oslo.log/src/branch/master/oslo_log/log.py
oslo.log,openstack/oslo.log,oslo_log/log.py,280,"Other(""if eventletutils.is_monkey_patched('thread') and n"")",if eventletutils.is_monkey_patched('thread') and not _EVENTLET_FIX_APPLIED:,https://opendev.org/openstack/oslo.log/src/branch/master/oslo_log/log.py
oslo.log,openstack/oslo.log,oslo_log/log.py,281,Import,import eventlet.green.threading,https://opendev.org/openstack/oslo.log/src/branch/master/oslo_log/log.py
oslo.log,openstack/oslo.log,oslo_log/log.py,283,"Other(""eventlet.green"")",logging.threading = eventlet.green.threading,https://opendev.org/openstack/oslo.log/src/branch/master/oslo_log/log.py
oslo.log,openstack/oslo.log,oslo_log/log.py,289,"Other(""def setup(conf, product_name, version='unknown', *"")","def setup(conf, product_name, version='unknown', *, fix_eventlet=True):",https://opendev.org/openstack/oslo.log/src/branch/master/oslo_log/log.py
oslo.log,openstack/oslo.log,oslo_log/log.py,291,"Other(""if fix_eventlet:"")",if fix_eventlet:,https://opendev.org/openstack/oslo.log/src/branch/master/oslo_log/log.py
oslo.log,openstack/oslo.log,oslo_log/log.py,292,"Other(""_fix_eventlet_logging()"")",_fix_eventlet_logging(),https://opendev.org/openstack/oslo.log/src/branch/master/oslo_log/log.py
oslo.log,openstack/oslo.log,oslo_log/pipe_mutex.py,20,Import,import eventlet,https://opendev.org/openstack/oslo.log/src/branch/master/oslo_log/pipe_mutex.py
oslo.log,openstack/oslo.log,oslo_log/pipe_mutex.py,21,Import,import eventlet.debug,https://opendev.org/openstack/oslo.log/src/branch/master/oslo_log/pipe_mutex.py
oslo.log,openstack/oslo.log,oslo_log/pipe_mutex.py,22,Import,import eventlet.greenthread,https://opendev.org/openstack/oslo.log/src/branch/master/oslo_log/pipe_mutex.py
oslo.log,openstack/oslo.log,oslo_log/pipe_mutex.py,23,Import,import eventlet.hubs,https://opendev.org/openstack/oslo.log/src/branch/master/oslo_log/pipe_mutex.py
oslo.log,openstack/oslo.log,oslo_log/pipe_mutex.py,32,"Other(""Related eventlet bug: https://github.com/eventlet/"")",Related eventlet bug: https://github.com/eventlet/eventlet/issues/432,https://opendev.org/openstack/oslo.log/src/branch/master/oslo_log/pipe_mutex.py
oslo.log,openstack/oslo.log,oslo_log/pipe_mutex.py,60,"Other(""eventlet.debug"")",eventlet.debug.hub_prevent_multiple_readers(False),https://opendev.org/openstack/oslo.log/src/branch/master/oslo_log/pipe_mutex.py
oslo.log,openstack/oslo.log,oslo_log/pipe_mutex.py,72,"Other(""eventlet.greenthread"")",current_greenthread_id = id(eventlet.greenthread.getcurrent()),https://opendev.org/openstack/oslo.log/src/branch/master/oslo_log/pipe_mutex.py
oslo.log,openstack/oslo.log,oslo_log/pipe_mutex.py,95,"Other(""eventlet.hubs"")","eventlet.hubs.trampoline(self.rfd, read=True)",https://opendev.org/openstack/oslo.log/src/branch/master/oslo_log/pipe_mutex.py
oslo.log,openstack/oslo.log,oslo_log/pipe_mutex.py,99,"Other(""eventlet.greenthread"")",current_greenthread_id = id(eventlet.greenthread.getcurrent()),https://opendev.org/openstack/oslo.log/src/branch/master/oslo_log/pipe_mutex.py
oslo.log,openstack/oslo.log,releasenotes/notes/native-threads-logging-cc84f7288c4835a0.yaml,6,"Other(""eventlet native threads."")",eventlet native threads.,https://opendev.org/openstack/oslo.log/src/branch/master/releasenotes/notes/native-threads-logging-cc84f7288c4835a0.yaml
oslo.log,openstack/oslo.log,releasenotes/source/locale/en_GB/LC_MESSAGES/releasenotes.po,276,"Other(""\""log/+bug/1983863>`_: Fixed logging in eventlet na"")","""log/+bug/1983863>`_: Fixed logging in eventlet native threads. This fix """,https://opendev.org/openstack/oslo.log/src/branch/master/releasenotes/source/locale/en_GB/LC_MESSAGES/releasenotes.po
oslo.log,openstack/oslo.log,releasenotes/source/locale/en_GB/LC_MESSAGES/releasenotes.po,281,"Other(""\""oslo.log/+bug/1983863>`_: Fixed logging in eventl"")","""oslo.log/+bug/1983863>`_: Fixed logging in eventlet native threads. This fix """,https://opendev.org/openstack/oslo.log/src/branch/master/releasenotes/source/locale/en_GB/LC_MESSAGES/releasenotes.po
oslo.log,openstack/oslo.log,releasenotes/source/locale/en_GB/LC_MESSAGES/releasenotes.po,320,"Other(""\""logging in eventlet native threads.\"""")","""logging in eventlet native threads.""",https://opendev.org/openstack/oslo.log/src/branch/master/releasenotes/source/locale/en_GB/LC_MESSAGES/releasenotes.po
oslo.log,openstack/oslo.log,releasenotes/source/locale/en_GB/LC_MESSAGES/releasenotes.po,323,"Other(""\""logging in eventlet native threads.\"""")","""logging in eventlet native threads.""",https://opendev.org/openstack/oslo.log/src/branch/master/releasenotes/source/locale/en_GB/LC_MESSAGES/releasenotes.po
oslo.log,openstack/oslo.log,test-requirements.txt,9,"Other(""eventlet>=0.30.1 # MIT"")",eventlet>=0.30.1 # MIT,https://opendev.org/openstack/oslo.log/src/branch/master/test-requirements.txt
oslo.messaging,openstack/oslo.messaging,oslo_messaging/_drivers/amqp1_driver/controller.py,39,Import,from oslo_utils import eventletutils,https://opendev.org/openstack/oslo.messaging/src/branch/master/oslo_messaging/_drivers/amqp1_driver/controller.py
oslo.messaging,openstack/oslo.messaging,oslo_messaging/_drivers/amqp1_driver/controller.py,82,"Other(""self._wakeup = eventletutils.Event()"")",self._wakeup = eventletutils.Event(),https://opendev.org/openstack/oslo.messaging/src/branch/master/oslo_messaging/_drivers/amqp1_driver/controller.py
oslo.messaging,openstack/oslo.messaging,oslo_messaging/_drivers/amqp1_driver/controller.py,109,"Other(""self._wakeup = eventletutils.Event()"")",self._wakeup = eventletutils.Event(),https://opendev.org/openstack/oslo.messaging/src/branch/master/oslo_messaging/_drivers/amqp1_driver/controller.py
oslo.messaging,openstack/oslo.messaging,oslo_messaging/_drivers/amqpdriver.py,25,Import,from oslo_utils import eventletutils,https://opendev.org/openstack/oslo.messaging/src/branch/master/oslo_messaging/_drivers/amqpdriver.py
oslo.messaging,openstack/oslo.messaging,oslo_messaging/_drivers/amqpdriver.py,123,"Other(""self._shutdown = eventletutils.Event()"")",self._shutdown = eventletutils.Event(),https://opendev.org/openstack/oslo.messaging/src/branch/master/oslo_messaging/_drivers/amqpdriver.py
oslo.messaging,openstack/oslo.messaging,oslo_messaging/_drivers/amqpdriver.py,373,"Other(""self._shutdown = eventletutils.Event()"")",self._shutdown = eventletutils.Event(),https://opendev.org/openstack/oslo.messaging/src/branch/master/oslo_messaging/_drivers/amqpdriver.py
oslo.messaging,openstack/oslo.messaging,oslo_messaging/_drivers/amqpdriver.py,374,"Other(""self._shutoff = eventletutils.Event()"")",self._shutoff = eventletutils.Event(),https://opendev.org/openstack/oslo.messaging/src/branch/master/oslo_messaging/_drivers/amqpdriver.py
oslo.messaging,openstack/oslo.messaging,oslo_messaging/_drivers/amqpdriver.py,559,"Other(""self._thread_exit_event = eventletutils.Event()"")",self._thread_exit_event = eventletutils.Event(),https://opendev.org/openstack/oslo.messaging/src/branch/master/oslo_messaging/_drivers/amqpdriver.py
oslo.messaging,openstack/oslo.messaging,oslo_messaging/_drivers/impl_fake.py,22,Import,from oslo_utils import eventletutils,https://opendev.org/openstack/oslo.messaging/src/branch/master/oslo_messaging/_drivers/impl_fake.py
oslo.messaging,openstack/oslo.messaging,oslo_messaging/_drivers/impl_fake.py,53,"Other(""self._stopped = eventletutils.Event()"")",self._stopped = eventletutils.Event(),https://opendev.org/openstack/oslo.messaging/src/branch/master/oslo_messaging/_drivers/impl_fake.py
oslo.messaging,openstack/oslo.messaging,oslo_messaging/_drivers/impl_kafka.py,21,Import,from oslo_utils import eventletutils,https://opendev.org/openstack/oslo.messaging/src/branch/master/oslo_messaging/_drivers/impl_kafka.py
oslo.messaging,openstack/oslo.messaging,oslo_messaging/_drivers/impl_kafka.py,28,"Other(""if eventletutils.EVENTLET_AVAILABLE:"")",if eventletutils.EVENTLET_AVAILABLE:,https://opendev.org/openstack/oslo.messaging/src/branch/master/oslo_messaging/_drivers/impl_kafka.py
oslo.messaging,openstack/oslo.messaging,oslo_messaging/_drivers/impl_kafka.py,29,"Other(""eventlet.tpool"")",tpool = importutils.try_import('eventlet.tpool'),https://opendev.org/openstack/oslo.messaging/src/branch/master/oslo_messaging/_drivers/impl_kafka.py
oslo.messaging,openstack/oslo.messaging,oslo_messaging/_drivers/impl_kafka.py,220,"Other(""if eventletutils.is_monkey_patched('thread'):"")",if eventletutils.is_monkey_patched('thread'):,https://opendev.org/openstack/oslo.messaging/src/branch/master/oslo_messaging/_drivers/impl_kafka.py
oslo.messaging,openstack/oslo.messaging,oslo_messaging/_drivers/impl_kafka.py,303,"Other(""if eventletutils.is_monkey_patched('thread'):"")",if eventletutils.is_monkey_patched('thread'):,https://opendev.org/openstack/oslo.messaging/src/branch/master/oslo_messaging/_drivers/impl_kafka.py
oslo.messaging,openstack/oslo.messaging,oslo_messaging/_drivers/impl_kafka.py,376,"Other(""self._stopped = eventletutils.Event()"")",self._stopped = eventletutils.Event(),https://opendev.org/openstack/oslo.messaging/src/branch/master/oslo_messaging/_drivers/impl_kafka.py
oslo.messaging,openstack/oslo.messaging,oslo_messaging/_drivers/impl_rabbit.py,38,Import,from oslo_utils import eventletutils,https://opendev.org/openstack/oslo.messaging/src/branch/master/oslo_messaging/_drivers/impl_rabbit.py
oslo.messaging,openstack/oslo.messaging,oslo_messaging/_drivers/impl_rabbit.py,100,"Other(""'using eventlet for core service framework.',"")","'using eventlet for core service framework.',",https://opendev.org/openstack/oslo.messaging/src/branch/master/oslo_messaging/_drivers/impl_rabbit.py
oslo.messaging,openstack/oslo.messaging,oslo_messaging/_drivers/impl_rabbit.py,108,"Other(""\""stdlib by using eventlet/greenlet then the heartb"")","""stdlib by using eventlet/greenlet then the heartbeat """,https://opendev.org/openstack/oslo.messaging/src/branch/master/oslo_messaging/_drivers/impl_rabbit.py
oslo.messaging,openstack/oslo.messaging,oslo_messaging/_drivers/impl_rabbit.py,675,"Other(""self._get_thread_id = eventletutils.fetch_current_"")",self._get_thread_id = eventletutils.fetch_current_thread_functor(),https://opendev.org/openstack/oslo.messaging/src/branch/master/oslo_messaging/_drivers/impl_rabbit.py
oslo.messaging,openstack/oslo.messaging,oslo_messaging/_drivers/pool.py,30,Pool,"Modelled after the eventlet.pools.Pool interface, but designed to be safe",https://opendev.org/openstack/oslo.messaging/src/branch/master/oslo_messaging/_drivers/pool.py
oslo.messaging,openstack/oslo.messaging,oslo_messaging/_metrics/client.py,24,Import,from oslo_utils import eventletutils,https://opendev.org/openstack/oslo.messaging/src/branch/master/oslo_messaging/_metrics/client.py
oslo.messaging,openstack/oslo.messaging,oslo_messaging/_metrics/client.py,30,"Other(""eventlet = importutils.try_import('eventlet')"")",eventlet = importutils.try_import('eventlet'),https://opendev.org/openstack/oslo.messaging/src/branch/master/oslo_messaging/_metrics/client.py
oslo.messaging,openstack/oslo.messaging,oslo_messaging/_metrics/client.py,31,"Other(""if eventlet and eventletutils.is_monkey_patched(\""t"")","if eventlet and eventletutils.is_monkey_patched(""thread""):",https://opendev.org/openstack/oslo.messaging/src/branch/master/oslo_messaging/_metrics/client.py
oslo.messaging,openstack/oslo.messaging,oslo_messaging/_metrics/client.py,34,"Other(""eventlet.patcher"")",stdlib_threading = eventlet.patcher.original('threading'),https://opendev.org/openstack/oslo.messaging/src/branch/master/oslo_messaging/_metrics/client.py
oslo.messaging,openstack/oslo.messaging,oslo_messaging/_utils.py,20,Import,from oslo_utils import eventletutils,https://opendev.org/openstack/oslo.messaging/src/branch/master/oslo_messaging/_utils.py
oslo.messaging,openstack/oslo.messaging,oslo_messaging/_utils.py,25,"Other(""eventlet = importutils.try_import('eventlet')"")",eventlet = importutils.try_import('eventlet'),https://opendev.org/openstack/oslo.messaging/src/branch/master/oslo_messaging/_utils.py
oslo.messaging,openstack/oslo.messaging,oslo_messaging/_utils.py,26,"Other(""if eventlet and eventletutils.is_monkey_patched(\""t"")","if eventlet and eventletutils.is_monkey_patched(""thread""):",https://opendev.org/openstack/oslo.messaging/src/branch/master/oslo_messaging/_utils.py
oslo.messaging,openstack/oslo.messaging,oslo_messaging/_utils.py,29,"Other(""eventlet.patcher"")",stdlib_threading = eventlet.patcher.original('threading'),https://opendev.org/openstack/oslo.messaging/src/branch/master/oslo_messaging/_utils.py
oslo.messaging,openstack/oslo.messaging,oslo_messaging/_utils.py,30,"Other(""eventlet.patcher"")",stdlib_queue = eventlet.patcher.original('queue'),https://opendev.org/openstack/oslo.messaging/src/branch/master/oslo_messaging/_utils.py
oslo.messaging,openstack/oslo.messaging,oslo_messaging/_utils.py,88,"Other(""if eventletutils.is_monkey_patched('thread'):"")",if eventletutils.is_monkey_patched('thread'):,https://opendev.org/openstack/oslo.messaging/src/branch/master/oslo_messaging/_utils.py
oslo.messaging,openstack/oslo.messaging,oslo_messaging/_utils.py,89,"Other(""LOG.debug(\""Threading is patched, using an eventlet"")","LOG.debug(""Threading is patched, using an eventlet executor"")",https://opendev.org/openstack/oslo.messaging/src/branch/master/oslo_messaging/_utils.py
oslo.messaging,openstack/oslo.messaging,oslo_messaging/_utils.py,90,"Other(""return 'eventlet'"")",return 'eventlet',https://opendev.org/openstack/oslo.messaging/src/branch/master/oslo_messaging/_utils.py
oslo.messaging,openstack/oslo.messaging,oslo_messaging/notify/listener.py,76,"Other(""*Note:* If the \""eventlet\"" executor is used, the th"")","*Note:* If the ""eventlet"" executor is used, the threading and time library need",https://opendev.org/openstack/oslo.messaging/src/branch/master/oslo_messaging/notify/listener.py
oslo.messaging,openstack/oslo.messaging,oslo_messaging/notify/listener.py,227,"Other(""If the eventlet executor is used, the threading an"")","If the eventlet executor is used, the threading and time library need to be",https://opendev.org/openstack/oslo.messaging/src/branch/master/oslo_messaging/notify/listener.py
oslo.messaging,openstack/oslo.messaging,oslo_messaging/notify/listener.py,237,"Other(""'eventlet' and 'threading'"")",'eventlet' and 'threading',https://opendev.org/openstack/oslo.messaging/src/branch/master/oslo_messaging/notify/listener.py
oslo.messaging,openstack/oslo.messaging,oslo_messaging/notify/listener.py,262,"Other(""If the eventlet executor is used, the threading an"")","If the eventlet executor is used, the threading and time library need to be",https://opendev.org/openstack/oslo.messaging/src/branch/master/oslo_messaging/notify/listener.py
oslo.messaging,openstack/oslo.messaging,oslo_messaging/notify/listener.py,272,"Other(""'eventlet' and 'threading'"")",'eventlet' and 'threading',https://opendev.org/openstack/oslo.messaging/src/branch/master/oslo_messaging/notify/listener.py
oslo.messaging,openstack/oslo.messaging,oslo_messaging/rpc/dispatcher.py,26,Import,from oslo_utils import eventletutils,https://opendev.org/openstack/oslo.messaging/src/branch/master/oslo_messaging/rpc/dispatcher.py
oslo.messaging,openstack/oslo.messaging,oslo_messaging/rpc/dispatcher.py,287,"Other(""completion_event = eventletutils.Event()"")",completion_event = eventletutils.Event(),https://opendev.org/openstack/oslo.messaging/src/branch/master/oslo_messaging/rpc/dispatcher.py
oslo.messaging,openstack/oslo.messaging,oslo_messaging/rpc/server.py,52,"Other(""*Note:* If the \""eventlet\"" executor is used, the th"")","*Note:* If the ""eventlet"" executor is used, the threading and time library need",https://opendev.org/openstack/oslo.messaging/src/branch/master/oslo_messaging/rpc/server.py
oslo.messaging,openstack/oslo.messaging,oslo_messaging/rpc/server.py,79,Import,import eventlet,https://opendev.org/openstack/oslo.messaging/src/branch/master/oslo_messaging/rpc/server.py
oslo.messaging,openstack/oslo.messaging,oslo_messaging/rpc/server.py,80,MonkeyPatch,eventlet.monkey_patch(),https://opendev.org/openstack/oslo.messaging/src/branch/master/oslo_messaging/rpc/server.py
oslo.messaging,openstack/oslo.messaging,oslo_messaging/rpc/server.py,110,Executor,executor='eventlet'),https://opendev.org/openstack/oslo.messaging/src/branch/master/oslo_messaging/rpc/server.py
oslo.messaging,openstack/oslo.messaging,oslo_messaging/rpc/server.py,232,"Other(""'eventlet' and 'threading'"")",'eventlet' and 'threading',https://opendev.org/openstack/oslo.messaging/src/branch/master/oslo_messaging/rpc/server.py
oslo.messaging,openstack/oslo.messaging,oslo_messaging/server.py,28,Import,from oslo_utils import eventletutils,https://opendev.org/openstack/oslo.messaging/src/branch/master/oslo_messaging/server.py
oslo.messaging,openstack/oslo.messaging,oslo_messaging/server.py,55,"Other(""' executor is threading or eventlet.'),"")","' executor is threading or eventlet.'),",https://opendev.org/openstack/oslo.messaging/src/branch/master/oslo_messaging/server.py
oslo.messaging,openstack/oslo.messaging,oslo_messaging/server.py,318,"Other(""asynchronism then you need to consider to use the "")",asynchronism then you need to consider to use the eventlet executor.,https://opendev.org/openstack/oslo.messaging/src/branch/master/oslo_messaging/server.py
oslo.messaging,openstack/oslo.messaging,oslo_messaging/server.py,326,"Other(""'eventlet' and 'threading'"")",'eventlet' and 'threading',https://opendev.org/openstack/oslo.messaging/src/branch/master/oslo_messaging/server.py
oslo.messaging,openstack/oslo.messaging,oslo_messaging/server.py,329,"Other(""if executor and executor not in (\""threading\"", \""eve"")","if executor and executor not in (""threading"", ""eventlet""):",https://opendev.org/openstack/oslo.messaging/src/branch/master/oslo_messaging/server.py
oslo.messaging,openstack/oslo.messaging,oslo_messaging/server.py,332,"Other(""\""Executor should be None or 'eventlet' and 'thread"")","""Executor should be None or 'eventlet' and 'threading'"")",https://opendev.org/openstack/oslo.messaging/src/branch/master/oslo_messaging/server.py
oslo.messaging,openstack/oslo.messaging,oslo_messaging/server.py,342,"Other(""if self.executor_type == \""eventlet\"":"")","if self.executor_type == ""eventlet"":",https://opendev.org/openstack/oslo.messaging/src/branch/master/oslo_messaging/server.py
oslo.messaging,openstack/oslo.messaging,oslo_messaging/server.py,343,"Other(""eventletutils.warn_eventlet_not_patched("")",eventletutils.warn_eventlet_not_patched(,https://opendev.org/openstack/oslo.messaging/src/branch/master/oslo_messaging/server.py
oslo.messaging,openstack/oslo.messaging,oslo_messaging/server.py,345,"Other(""what=\""the 'oslo.messaging eventlet executor'\"")"")","what=""the 'oslo.messaging eventlet executor'"")",https://opendev.org/openstack/oslo.messaging/src/branch/master/oslo_messaging/server.py
oslo.messaging,openstack/oslo.messaging,releasenotes/notes/deprecate-the-option-heartbeat_in_pthread-from-rabbit-driver-5757adb83701caa5.yaml,8,"Other(""never worked with services using eventlet for core"")",never worked with services using eventlet for core service framework.,https://opendev.org/openstack/oslo.messaging/src/branch/master/releasenotes/notes/deprecate-the-option-heartbeat_in_pthread-from-rabbit-driver-5757adb83701caa5.yaml
oslo.messaging,openstack/oslo.messaging,setup.cfg,56,"Other(""eventlet = futurist:GreenThreadPoolExecutor"")",eventlet = futurist:GreenThreadPoolExecutor,https://opendev.org/openstack/oslo.messaging/src/branch/master/setup.cfg
oslo.messaging,openstack/oslo.messaging,test-requirements.txt,24,"Other(""eventlet>=0.23.0 # MIT"")",eventlet>=0.23.0 # MIT,https://opendev.org/openstack/oslo.messaging/src/branch/master/test-requirements.txt
oslo.messaging,openstack/oslo.messaging,tools/simulator.py,16,Import,import eventlet,https://opendev.org/openstack/oslo.messaging/src/branch/master/tools/simulator.py
oslo.messaging,openstack/oslo.messaging,tools/simulator.py,17,MonkeyPatch,eventlet.monkey_patch(),https://opendev.org/openstack/oslo.messaging/src/branch/master/tools/simulator.py
oslo.messaging,openstack/oslo.messaging,tools/simulator.py,270,Executor,"endpoints, executor='eventlet')",https://opendev.org/openstack/oslo.messaging/src/branch/master/tools/simulator.py
oslo.messaging,openstack/oslo.messaging,tools/simulator.py,302,Executor,"endpoints, executor='eventlet',",https://opendev.org/openstack/oslo.messaging/src/branch/master/tools/simulator.py
oslo.messaging,openstack/oslo.messaging,tools/simulator.py,537,Pool,p = eventlet.GreenPool(size=threads),https://opendev.org/openstack/oslo.messaging/src/branch/master/tools/simulator.py
oslo.messaging,openstack/oslo.messaging,tools/simulator.py,554,Pool,p = eventlet.GreenPool(size=threads),https://opendev.org/openstack/oslo.messaging/src/branch/master/tools/simulator.py
oslo.messaging,openstack/oslo.messaging,tools/simulator.py,576,Sleep,eventlet.sleep(),https://opendev.org/openstack/oslo.messaging/src/branch/master/tools/simulator.py
oslo.messaging,openstack/oslo.messaging,tools/simulator.py,583,Sleep,eventlet.sleep(),https://opendev.org/openstack/oslo.messaging/src/branch/master/tools/simulator.py
oslo.messaging,openstack/oslo.messaging,tools/simulator.py,742,"Other(""type=str, default='eventlet',"")","type=str, default='eventlet',",https://opendev.org/openstack/oslo.messaging/src/branch/master/tools/simulator.py
oslo.privsep,openstack/oslo.privsep,oslo_privsep/daemon.py,59,Import,import eventlet,https://opendev.org/openstack/oslo.privsep/src/branch/master/oslo_privsep/daemon.py
oslo.privsep,openstack/oslo.privsep,oslo_privsep/daemon.py,60,Import,from eventlet import patcher,https://opendev.org/openstack/oslo.privsep/src/branch/master/oslo_privsep/daemon.py
oslo.privsep,openstack/oslo.privsep,oslo_privsep/daemon.py,239,"Other(""eventlet.patcher"")",if eventlet.patcher.is_monkey_patched('socket'):,https://opendev.org/openstack/oslo.privsep/src/branch/master/oslo_privsep/daemon.py
oslo.privsep,openstack/oslo.privsep,oslo_privsep/daemon.py,240,"Other(""eventlet.greenio"")","return eventlet.greenio.GreenPipe(fd, *args, **kwargs)",https://opendev.org/openstack/oslo.privsep/src/branch/master/oslo_privsep/daemon.py
oslo.privsep,openstack/oslo.privsep,oslo_privsep/daemon.py,273,"Other(""for eventlet_mod_name, func_modules in EVENTLET_LI"")","for eventlet_mod_name, func_modules in EVENTLET_LIBRARIES:",https://opendev.org/openstack/oslo.privsep/src/branch/master/oslo_privsep/daemon.py
oslo.privsep,openstack/oslo.privsep,oslo_privsep/daemon.py,274,"Other(""eventlet.patcher"")",if not eventlet.patcher.is_monkey_patched(eventlet_mod_name):,https://opendev.org/openstack/oslo.privsep/src/branch/master/oslo_privsep/daemon.py
oslo.privsep,openstack/oslo.privsep,oslo_privsep/daemon.py,279,"Other(""eventlet.patcher"")",orig_mod = eventlet.patcher.original(name),https://opendev.org/openstack/oslo.privsep/src/branch/master/oslo_privsep/daemon.py
oslo.privsep,openstack/oslo.privsep,oslo_privsep/daemon.py,554,"Other(""logging.setup(cfg.CONF, 'privsep', fix_eventlet=Fa"")","logging.setup(cfg.CONF, 'privsep', fix_eventlet=False)",https://opendev.org/openstack/oslo.privsep/src/branch/master/oslo_privsep/daemon.py
oslo.privsep,openstack/oslo.privsep,releasenotes/notes/un-monkey-patch-privileged-daemon-160e00296549df3d.yaml,4,"Other(""The ``oslo.privsep`` client can be called from a p"")",The ``oslo.privsep`` client can be called from a program using eventlet.,https://opendev.org/openstack/oslo.privsep/src/branch/master/releasenotes/notes/un-monkey-patch-privileged-daemon-160e00296549df3d.yaml
oslo.privsep,openstack/oslo.privsep,releasenotes/notes/un-monkey-patch-privileged-daemon-160e00296549df3d.yaml,5,"Other(""eventlet.monkey_patch"")","If ``eventlet.monkey_patch``, some libraries will be patched, for example",https://opendev.org/openstack/oslo.privsep/src/branch/master/releasenotes/notes/un-monkey-patch-privileged-daemon-160e00296549df3d.yaml
oslo.privsep,openstack/oslo.privsep,releasenotes/notes/un-monkey-patch-privileged-daemon-160e00296549df3d.yaml,9,"Other(""original values. The goal is to prevent some timeo"")",original values. The goal is to prevent some timeouts when using eventlet,https://opendev.org/openstack/oslo.privsep/src/branch/master/releasenotes/notes/un-monkey-patch-privileged-daemon-160e00296549df3d.yaml
oslo.privsep,openstack/oslo.privsep,releasenotes/source/locale/en_GB/LC_MESSAGES/releasenotes.po,120,"Other(""\""The ``oslo.privsep`` client can be called from a "")","""The ``oslo.privsep`` client can be called from a program using eventlet. If """,https://opendev.org/openstack/oslo.privsep/src/branch/master/releasenotes/source/locale/en_GB/LC_MESSAGES/releasenotes.po
oslo.privsep,openstack/oslo.privsep,releasenotes/source/locale/en_GB/LC_MESSAGES/releasenotes.po,121,"Other(""eventlet.monkey_patch"")","""``eventlet.monkey_patch``, some libraries will be patched, for example """,https://opendev.org/openstack/oslo.privsep/src/branch/master/releasenotes/source/locale/en_GB/LC_MESSAGES/releasenotes.po
oslo.privsep,openstack/oslo.privsep,releasenotes/source/locale/en_GB/LC_MESSAGES/releasenotes.po,125,"Other(""\""values. The goal is to prevent some timeouts when"")","""values. The goal is to prevent some timeouts when using eventlet threads """,https://opendev.org/openstack/oslo.privsep/src/branch/master/releasenotes/source/locale/en_GB/LC_MESSAGES/releasenotes.po
oslo.privsep,openstack/oslo.privsep,releasenotes/source/locale/en_GB/LC_MESSAGES/releasenotes.po,129,"Other(""\""The ``oslo.privsep`` client can be called from a "")","""The ``oslo.privsep`` client can be called from a program using eventlet. If """,https://opendev.org/openstack/oslo.privsep/src/branch/master/releasenotes/source/locale/en_GB/LC_MESSAGES/releasenotes.po
oslo.privsep,openstack/oslo.privsep,releasenotes/source/locale/en_GB/LC_MESSAGES/releasenotes.po,130,"Other(""eventlet.monkey_patch"")","""``eventlet.monkey_patch``, some libraries will be patched, for example """,https://opendev.org/openstack/oslo.privsep/src/branch/master/releasenotes/source/locale/en_GB/LC_MESSAGES/releasenotes.po
oslo.privsep,openstack/oslo.privsep,releasenotes/source/locale/en_GB/LC_MESSAGES/releasenotes.po,134,"Other(""\""values. The goal is to prevent some timeouts when"")","""values. The goal is to prevent some timeouts when using eventlet threads """,https://opendev.org/openstack/oslo.privsep/src/branch/master/releasenotes/source/locale/en_GB/LC_MESSAGES/releasenotes.po
oslo.privsep,openstack/oslo.privsep,requirements.txt,6,"Other(""eventlet>=0.21.0 # MIT"")",eventlet>=0.21.0 # MIT,https://opendev.org/openstack/oslo.privsep/src/branch/master/requirements.txt
oslo.reports,openstack/oslo.reports,doc/source/user/report.txt,18,"Other(""/usr/local/lib/python2.7/dist-packages/eventlet/hu"")",/usr/local/lib/python2.7/dist-packages/eventlet/hubs/hub.py:346 in run,https://opendev.org/openstack/oslo.reports/src/branch/master/doc/source/user/report.txt
oslo.reports,openstack/oslo.reports,doc/source/user/report.txt,21,"Other(""/usr/local/lib/python2.7/dist-packages/eventlet/hu"")",/usr/local/lib/python2.7/dist-packages/eventlet/hubs/poll.py:82 in wait,https://opendev.org/openstack/oslo.reports/src/branch/master/doc/source/user/report.txt
oslo.reports,openstack/oslo.reports,doc/source/user/report.txt,39,"Other(""eventlet.greenthread"")",`eventlet.greenthread.sleep(self.wait_interval)`,https://opendev.org/openstack/oslo.reports/src/branch/master/doc/source/user/report.txt
oslo.reports,openstack/oslo.reports,doc/source/user/report.txt,41,"Other(""/usr/local/lib/python2.7/dist-packages/eventlet/gr"")",/usr/local/lib/python2.7/dist-packages/eventlet/greenthread.py:34 in sleep,https://opendev.org/openstack/oslo.reports/src/branch/master/doc/source/user/report.txt
oslo.reports,openstack/oslo.reports,doc/source/user/report.txt,44,"Other(""/usr/local/lib/python2.7/dist-packages/eventlet/hu"")",/usr/local/lib/python2.7/dist-packages/eventlet/hubs/hub.py:294 in switch,https://opendev.org/openstack/oslo.reports/src/branch/master/doc/source/user/report.txt
oslo.rootwrap,openstack/oslo.rootwrap,oslo_rootwrap/__init__.py,19,Import,import eventlet.patcher,https://opendev.org/openstack/oslo.rootwrap/src/branch/master/oslo_rootwrap/__init__.py
oslo.rootwrap,openstack/oslo.rootwrap,oslo_rootwrap/__init__.py,24,"Other(""eventlet.patcher"")",_patched_socket = (eventlet.patcher.is_monkey_patched('socket') or,https://opendev.org/openstack/oslo.rootwrap/src/branch/master/oslo_rootwrap/__init__.py
oslo.rootwrap,openstack/oslo.rootwrap,oslo_rootwrap/__init__.py,30,Import,from eventlet.green import subprocess   # noqa,https://opendev.org/openstack/oslo.rootwrap/src/branch/master/oslo_rootwrap/__init__.py
oslo.rootwrap,openstack/oslo.rootwrap,test-requirements.txt,11,"Other(""eventlet>=0.18.2 # MIT"")",eventlet>=0.18.2 # MIT,https://opendev.org/openstack/oslo.rootwrap/src/branch/master/test-requirements.txt
oslo.rootwrap,openstack/oslo.rootwrap,tox.ini,14,"Other(""stestr run --slowest (?!tests.test_functional_even"")",stestr run --slowest (?!tests.test_functional_eventlet)tests {posargs},https://opendev.org/openstack/oslo.rootwrap/src/branch/master/tox.ini
oslo.rootwrap,openstack/oslo.rootwrap,tox.ini,15,"Other(""env TEST_EVENTLET=1 stestr run --slowest tests.tes"")",env TEST_EVENTLET=1 stestr run --slowest tests.test_functional_eventlet,https://opendev.org/openstack/oslo.rootwrap/src/branch/master/tox.ini
oslo.service,openstack/oslo.service,doc/source/reference/eventlet_backdoor.rst,2,"Other(""eventlet_backdoor"")",eventlet_backdoor,https://opendev.org/openstack/oslo.service/src/branch/master/doc/source/reference/eventlet_backdoor.rst
oslo.service,openstack/oslo.service,doc/source/reference/eventlet_backdoor.rst,5,"Other("".. automodule:: oslo_service.eventlet_backdoor"")",.. automodule:: oslo_service.eventlet_backdoor,https://opendev.org/openstack/oslo.service/src/branch/master/doc/source/reference/eventlet_backdoor.rst
oslo.service,openstack/oslo.service,doc/source/reference/index.rst,8,"Other(""eventlet_backdoor"")",eventlet_backdoor,https://opendev.org/openstack/oslo.service/src/branch/master/doc/source/reference/index.rst
oslo.service,openstack/oslo.service,doc/source/user/usage.rst,17,"Other(""* :func:`~oslo_service.eventlet_backdoor.initializ"")",* :func:`~oslo_service.eventlet_backdoor.initialize_if_enabled`,https://opendev.org/openstack/oslo.service/src/branch/master/doc/source/user/usage.rst
oslo.service,openstack/oslo.service,doc/source/user/usage.rst,53,"Other("":mod:`~oslo_service.eventlet_backdoor` modules for"")",:mod:`~oslo_service.eventlet_backdoor` modules for the ``[DEFAULT]``,https://opendev.org/openstack/oslo.service/src/branch/master/doc/source/user/usage.rst
oslo.service,openstack/oslo.service,doc/source/user/usage.rst,206,"Other(""calltrace) through the :mod:`~oslo_service.eventle"")",calltrace) through the :mod:`~oslo_service.eventlet_backdoor` module. The,https://opendev.org/openstack/oslo.service/src/branch/master/doc/source/user/usage.rst
oslo.service,openstack/oslo.service,oslo_service/_options.py,25,"Other(""eventlet_backdoor_opts = ["")",eventlet_backdoor_opts = [,https://opendev.org/openstack/oslo.service/src/branch/master/oslo_service/_options.py
oslo.service,openstack/oslo.service,oslo_service/_options.py,27,"Other(""help=\""Enable eventlet backdoor.  %s\"" % help_for_ba"")","help=""Enable eventlet backdoor.  %s"" % help_for_backdoor_port),",https://opendev.org/openstack/oslo.service/src/branch/master/oslo_service/_options.py
oslo.service,openstack/oslo.service,oslo_service/_options.py,29,"Other(""help=\""Enable eventlet backdoor, using the provided"")","help=""Enable eventlet backdoor, using the provided path""",https://opendev.org/openstack/oslo.service/src/branch/master/oslo_service/_options.py
oslo.service,openstack/oslo.service,oslo_service/eventlet_backdoor.py,26,Import,import eventlet.backdoor,https://opendev.org/openstack/oslo.service/src/branch/master/oslo_service/eventlet_backdoor.py
oslo.service,openstack/oslo.service,oslo_service/eventlet_backdoor.py,30,Import,from eventlet.green import socket,https://opendev.org/openstack/oslo.service/src/branch/master/oslo_service/eventlet_backdoor.py
oslo.service,openstack/oslo.service,oslo_service/eventlet_backdoor.py,154,Listen,"return eventlet.listen((host, port), reuse_port=False)",https://opendev.org/openstack/oslo.service/src/branch/master/oslo_service/eventlet_backdoor.py
oslo.service,openstack/oslo.service,oslo_service/eventlet_backdoor.py,176,Listen,"return eventlet.listen(socket_path, socket.AF_UNIX)",https://opendev.org/openstack/oslo.service/src/branch/master/oslo_service/eventlet_backdoor.py
oslo.service,openstack/oslo.service,oslo_service/eventlet_backdoor.py,192,Listen,"return eventlet.listen(socket_path, socket.AF_UNIX)",https://opendev.org/openstack/oslo.service/src/branch/master/oslo_service/eventlet_backdoor.py
oslo.service,openstack/oslo.service,oslo_service/eventlet_backdoor.py,196,"Other(""conf.register_opts(_options.eventlet_backdoor_opts"")",conf.register_opts(_options.eventlet_backdoor_opts),https://opendev.org/openstack/oslo.service/src/branch/master/oslo_service/eventlet_backdoor.py
oslo.service,openstack/oslo.service,oslo_service/eventlet_backdoor.py,220,"Other(""LOG.warning(\""Could not apply format string to even"")","LOG.warning(""Could not apply format string to eventlet """,https://opendev.org/openstack/oslo.service/src/branch/master/oslo_service/eventlet_backdoor.py
oslo.service,openstack/oslo.service,oslo_service/eventlet_backdoor.py,242,Spawn,"thread = eventlet.spawn(eventlet.backdoor.backdoor_server, sock,",https://opendev.org/openstack/oslo.service/src/branch/master/oslo_service/eventlet_backdoor.py
oslo.service,openstack/oslo.service,oslo_service/eventlet_backdoor.py,257,Import,import eventlet,https://opendev.org/openstack/oslo.service/src/branch/master/oslo_service/eventlet_backdoor.py
oslo.service,openstack/oslo.service,oslo_service/eventlet_backdoor.py,258,"Other(""eventlet.monkey_patch"")",eventlet.monkey_patch(all=True),https://opendev.org/openstack/oslo.service/src/branch/master/oslo_service/eventlet_backdoor.py
oslo.service,openstack/oslo.service,oslo_service/eventlet_backdoor.py,271,"Other(""conf.register_cli_opts(_options.eventlet_backdoor_"")",conf.register_cli_opts(_options.eventlet_backdoor_opts),https://opendev.org/openstack/oslo.service/src/branch/master/oslo_service/eventlet_backdoor.py
oslo.service,openstack/oslo.service,oslo_service/fixture.py,52,"Other(""'oslo_utils.eventletutils.EventletEvent.wait')).mo"")",'oslo_utils.eventletutils.EventletEvent.wait')).mock,https://opendev.org/openstack/oslo.service/src/branch/master/oslo_service/fixture.py
oslo.service,openstack/oslo.service,oslo_service/loopingcall.py,23,Import,from eventlet import event,https://opendev.org/openstack/oslo.service/src/branch/master/oslo_service/loopingcall.py
oslo.service,openstack/oslo.service,oslo_service/loopingcall.py,24,Import,from eventlet import greenthread,https://opendev.org/openstack/oslo.service/src/branch/master/oslo_service/loopingcall.py
oslo.service,openstack/oslo.service,oslo_service/loopingcall.py,26,Import,from oslo_utils import eventletutils,https://opendev.org/openstack/oslo.service/src/branch/master/oslo_service/loopingcall.py
oslo.service,openstack/oslo.service,oslo_service/loopingcall.py,91,"Other(""self._abort = eventletutils.EventletEvent()"")",self._abort = eventletutils.EventletEvent(),https://opendev.org/openstack/oslo.service/src/branch/master/oslo_service/loopingcall.py
oslo.service,openstack/oslo.service,oslo_service/loopingcall.py,121,"Other("":returns: eventlet event instance"")",:returns: eventlet event instance,https://opendev.org/openstack/oslo.service/src/branch/master/oslo_service/loopingcall.py
oslo.service,openstack/oslo.service,oslo_service/service.py,35,Import,import eventlet,https://opendev.org/openstack/oslo.service/src/branch/master/oslo_service/service.py
oslo.service,openstack/oslo.service,oslo_service/service.py,36,Import,from eventlet import event,https://opendev.org/openstack/oslo.service/src/branch/master/oslo_service/service.py
oslo.service,openstack/oslo.service,oslo_service/service.py,37,Import,from eventlet import tpool,https://opendev.org/openstack/oslo.service/src/branch/master/oslo_service/service.py
oslo.service,openstack/oslo.service,oslo_service/service.py,42,Import,from oslo_service import eventlet_backdoor,https://opendev.org/openstack/oslo.service/src/branch/master/oslo_service/service.py
oslo.service,openstack/oslo.service,oslo_service/service.py,54,"Other(""return [(None, copy.deepcopy(_options.eventlet_bac"")","return [(None, copy.deepcopy(_options.eventlet_backdoor_opts +",https://opendev.org/openstack/oslo.service/src/branch/master/oslo_service/service.py
oslo.service,openstack/oslo.service,oslo_service/service.py,178,Spawn,"eventlet.spawn(self._handle_signal_cb, signo, frame)",https://opendev.org/openstack/oslo.service/src/branch/master/oslo_service/service.py
oslo.service,openstack/oslo.service,oslo_service/service.py,202,"Other(""interrupting eventlet's call to poll() or sleep()."")",interrupting eventlet's call to poll() or sleep().,https://opendev.org/openstack/oslo.service/src/branch/master/oslo_service/service.py
oslo.service,openstack/oslo.service,oslo_service/service.py,204,"Other(""eventlet.patcher"")",select_module = eventlet.patcher.original('select'),https://opendev.org/openstack/oslo.service/src/branch/master/oslo_service/service.py
oslo.service,openstack/oslo.service,oslo_service/service.py,209,Import,from eventlet.hubs import poll as poll_hub,https://opendev.org/openstack/oslo.service/src/branch/master/oslo_service/service.py
oslo.service,openstack/oslo.service,oslo_service/service.py,219,"Other(""eventlet.patcher"")",time_sleep = eventlet.patcher.original('time').sleep,https://opendev.org/openstack/oslo.service/src/branch/master/oslo_service/service.py
oslo.service,openstack/oslo.service,oslo_service/service.py,236,"Other(""eventlet.hubs"")",hub = eventlet.hubs.get_hub(),https://opendev.org/openstack/oslo.service/src/branch/master/oslo_service/service.py
oslo.service,openstack/oslo.service,oslo_service/service.py,263,"Other(""eventlet_backdoor.initialize_if_enabled(self.conf)"")",eventlet_backdoor.initialize_if_enabled(self.conf)),https://opendev.org/openstack/oslo.service/src/branch/master/oslo_service/service.py
oslo.service,openstack/oslo.service,oslo_service/service.py,427,"Other(""eventlet.greenio"")","self.readpipe = eventlet.greenio.GreenPipe(rfd, 'r')",https://opendev.org/openstack/oslo.service/src/branch/master/oslo_service/service.py
oslo.service,openstack/oslo.service,oslo_service/service.py,534,"Other(""eventlet.hubs"")",eventlet.hubs.use_hub(),https://opendev.org/openstack/oslo.service/src/branch/master/oslo_service/service.py
oslo.service,openstack/oslo.service,oslo_service/service.py,539,"Other(""eventlet.spawn_n"")",eventlet.spawn_n(self._pipe_watcher),https://opendev.org/openstack/oslo.service/src/branch/master/oslo_service/service.py
oslo.service,openstack/oslo.service,oslo_service/service.py,643,"Other(""eventlet.greenthread"")",eventlet.greenthread.sleep(self.wait_interval),https://opendev.org/openstack/oslo.service/src/branch/master/oslo_service/service.py
oslo.service,openstack/oslo.service,oslo_service/service.py,684,"Other(""eventlet.greenlet"")",except eventlet.greenlet.GreenletExit:,https://opendev.org/openstack/oslo.service/src/branch/master/oslo_service/service.py
oslo.service,openstack/oslo.service,oslo_service/threadgroup.py,20,Import,import eventlet,https://opendev.org/openstack/oslo.service/src/branch/master/oslo_service/threadgroup.py
oslo.service,openstack/oslo.service,oslo_service/threadgroup.py,21,Import,from eventlet import greenpool,https://opendev.org/openstack/oslo.service/src/branch/master/oslo_service/threadgroup.py
oslo.service,openstack/oslo.service,oslo_service/threadgroup.py,269,"Other(""eventlet.greenlet"")",except eventlet.greenlet.GreenletExit:  # nosec,https://opendev.org/openstack/oslo.service/src/branch/master/oslo_service/threadgroup.py
oslo.service,openstack/oslo.service,oslo_service/threadgroup.py,334,"Other(""eventlet.greenlet"")",except eventlet.greenlet.GreenletExit:  # nosec,https://opendev.org/openstack/oslo.service/src/branch/master/oslo_service/threadgroup.py
oslo.service,openstack/oslo.service,oslo_service/threadgroup.py,426,Sleep,eventlet.sleep(wait_time),https://opendev.org/openstack/oslo.service/src/branch/master/oslo_service/threadgroup.py
oslo.service,openstack/oslo.service,oslo_service/wsgi.py,24,Import,import eventlet,https://opendev.org/openstack/oslo.service/src/branch/master/oslo_service/wsgi.py
oslo.service,openstack/oslo.service,oslo_service/wsgi.py,25,Wsgi,import eventlet.wsgi,https://opendev.org/openstack/oslo.service/src/branch/master/oslo_service/wsgi.py
oslo.service,openstack/oslo.service,oslo_service/wsgi.py,65,Wsgi,"pool_size=None, protocol=eventlet.wsgi.HttpProtocol,",https://opendev.org/openstack/oslo.service/src/branch/master/oslo_service/wsgi.py
oslo.service,openstack/oslo.service,oslo_service/wsgi.py,67,Wsgi,"logger_name='eventlet.wsgi.server',",https://opendev.org/openstack/oslo.service/src/branch/master/oslo_service/wsgi.py
oslo.service,openstack/oslo.service,oslo_service/wsgi.py,76,"Other("":param pool_size: Maximum number of eventlets to s"")",:param pool_size: Maximum number of eventlets to spawn concurrently.,https://opendev.org/openstack/oslo.service/src/branch/master/oslo_service/wsgi.py
oslo.service,openstack/oslo.service,oslo_service/wsgi.py,96,Wsgi,eventlet.wsgi.MAX_HEADER_LINE = conf.max_header_line,https://opendev.org/openstack/oslo.service/src/branch/master/oslo_service/wsgi.py
oslo.service,openstack/oslo.service,oslo_service/wsgi.py,102,Pool,self._pool = eventlet.GreenPool(self.pool_size),https://opendev.org/openstack/oslo.service/src/branch/master/oslo_service/wsgi.py
oslo.service,openstack/oslo.service,oslo_service/wsgi.py,141,Listen,"sock = eventlet.listen(bind_addr, family, backlog=backlog)",https://opendev.org/openstack/oslo.service/src/branch/master/oslo_service/wsgi.py
oslo.service,openstack/oslo.service,oslo_service/wsgi.py,152,Listen,"sock = eventlet.listen(socket_file, family=socket.AF_UNIX,",https://opendev.org/openstack/oslo.service/src/branch/master/oslo_service/wsgi.py
oslo.service,openstack/oslo.service,oslo_service/wsgi.py,176,Wsgi,"'func': eventlet.wsgi.server,",https://opendev.org/openstack/oslo.service/src/branch/master/oslo_service/wsgi.py
oslo.service,openstack/oslo.service,oslo_service/wsgi.py,191,Spawn,self._server = eventlet.spawn(**wsgi_kwargs),https://opendev.org/openstack/oslo.service/src/branch/master/oslo_service/wsgi.py
oslo.service,openstack/oslo.service,oslo_service/wsgi.py,215,"Other(""\""\""\""Stops eventlet server. Doesn't allow accept new"")","""""""Stops eventlet server. Doesn't allow accept new connecting.",https://opendev.org/openstack/oslo.service/src/branch/master/oslo_service/wsgi.py
oslo.service,openstack/oslo.service,oslo_service/wsgi.py,230,"Other(""Waits on the server's eventlet to finish, then ret"")","Waits on the server's eventlet to finish, then returns.",https://opendev.org/openstack/oslo.service/src/branch/master/oslo_service/wsgi.py
oslo.service,openstack/oslo.service,releasenotes/notes/native-threads-on-child-7150690c7caa1013.yaml,5,"Other(""<https://bugs.launchpad.net/oslo.service/+bug/1983"")",<https://bugs.launchpad.net/oslo.service/+bug/1983949>`_: Fixed eventlet,https://opendev.org/openstack/oslo.service/src/branch/master/releasenotes/notes/native-threads-on-child-7150690c7caa1013.yaml
oslo.service,openstack/oslo.service,releasenotes/notes/support-pid-in-eventlet-backdoor-socket-path-1863eaad1dd08556.yaml,6,"Other(""process. This makes the eventlet backdoor accessib"")",process. This makes the eventlet backdoor accessible when spawning,https://opendev.org/openstack/oslo.service/src/branch/master/releasenotes/notes/support-pid-in-eventlet-backdoor-socket-path-1863eaad1dd08556.yaml
oslo.service,openstack/oslo.service,releasenotes/source/locale/en_GB/LC_MESSAGES/releasenotes.po,177,"Other(""\""makes the eventlet backdoor accessible when spawn"")","""makes the eventlet backdoor accessible when spawning multiple processes with """,https://opendev.org/openstack/oslo.service/src/branch/master/releasenotes/source/locale/en_GB/LC_MESSAGES/releasenotes.po
oslo.service,openstack/oslo.service,releasenotes/source/locale/en_GB/LC_MESSAGES/releasenotes.po,182,"Other(""\""makes the eventlet backdoor accessible when spawn"")","""makes the eventlet backdoor accessible when spawning multiple processes with """,https://opendev.org/openstack/oslo.service/src/branch/master/releasenotes/source/locale/en_GB/LC_MESSAGES/releasenotes.po
oslo.service,openstack/oslo.service,requirements.txt,3,"Other(""eventlet>=0.25.2 # MIT"")",eventlet>=0.25.2 # MIT,https://opendev.org/openstack/oslo.service/src/branch/master/requirements.txt
oslo.utils,openstack/oslo.utils,doc/source/reference/eventletutils.rst,2,"Other(""eventletutils"")",eventletutils,https://opendev.org/openstack/oslo.utils/src/branch/master/doc/source/reference/eventletutils.rst
oslo.utils,openstack/oslo.utils,doc/source/reference/eventletutils.rst,5,"Other("".. automodule:: oslo_utils.eventletutils"")",.. automodule:: oslo_utils.eventletutils,https://opendev.org/openstack/oslo.utils/src/branch/master/doc/source/reference/eventletutils.rst
oslo.utils,openstack/oslo.utils,doc/source/reference/index.rst,10,"Other(""eventletutils"")",eventletutils,https://opendev.org/openstack/oslo.utils/src/branch/master/doc/source/reference/index.rst
oslo.utils,openstack/oslo.utils,oslo_utils/eventletutils.py,31,"Other(""_eventlet = importutils.try_import('eventlet')"")",_eventlet = importutils.try_import('eventlet'),https://opendev.org/openstack/oslo.utils/src/branch/master/oslo_utils/eventletutils.py
oslo.utils,openstack/oslo.utils,oslo_utils/eventletutils.py,32,"Other(""eventlet.patcher"")",_patcher = importutils.try_import('eventlet.patcher'),https://opendev.org/openstack/oslo.utils/src/branch/master/oslo_utils/eventletutils.py
oslo.utils,openstack/oslo.utils,oslo_utils/eventletutils.py,37,"Other(""EVENTLET_AVAILABLE = all((_eventlet, _patcher))"")","EVENTLET_AVAILABLE = all((_eventlet, _patcher))",https://opendev.org/openstack/oslo.utils/src/branch/master/oslo_utils/eventletutils.py
oslo.utils,openstack/oslo.utils,oslo_utils/eventletutils.py,48,"Other(""If eventlet is used to monkey-patch the threading "")","If eventlet is used to monkey-patch the threading module, return the",https://opendev.org/openstack/oslo.utils/src/branch/master/oslo_utils/eventletutils.py
oslo.utils,openstack/oslo.utils,oslo_utils/eventletutils.py,49,"Other(""current eventlet greenthread. Otherwise, return th"")","current eventlet greenthread. Otherwise, return the current Python thread.",https://opendev.org/openstack/oslo.utils/src/branch/master/oslo_utils/eventletutils.py
oslo.utils,openstack/oslo.utils,oslo_utils/eventletutils.py,64,"Other(""eventlet.getcurrent"")",return _eventlet.getcurrent,https://opendev.org/openstack/oslo.utils/src/branch/master/oslo_utils/eventletutils.py
oslo.utils,openstack/oslo.utils,oslo_utils/eventletutils.py,69,"Other(""def warn_eventlet_not_patched(expected_patched_mod"")","def warn_eventlet_not_patched(expected_patched_modules=None,",https://opendev.org/openstack/oslo.utils/src/branch/master/oslo_utils/eventletutils.py
oslo.utils,openstack/oslo.utils,oslo_utils/eventletutils.py,71,"Other(""\""\""\""Warns if eventlet is being used without patchin"")","""""""Warns if eventlet is being used without patching provided modules.",https://opendev.org/openstack/oslo.utils/src/branch/master/oslo_utils/eventletutils.py
oslo.utils,openstack/oslo.utils,oslo_utils/eventletutils.py,76,"Other(""to the names passed into the eventlet"")",to the names passed into the eventlet,https://opendev.org/openstack/oslo.utils/src/branch/master/oslo_utils/eventletutils.py
oslo.utils,openstack/oslo.utils,oslo_utils/eventletutils.py,126,"Other(""warnings.warn(\""It is highly recommended that when "")","warnings.warn(""It is highly recommended that when eventlet""",https://opendev.org/openstack/oslo.utils/src/branch/master/oslo_utils/eventletutils.py
oslo.utils,openstack/oslo.utils,oslo_utils/eventletutils.py,135,"Other(""\""\""\""Determines safely is eventlet patching for modu"")","""""""Determines safely is eventlet patching for module enabled or not",https://opendev.org/openstack/oslo.utils/src/branch/master/oslo_utils/eventletutils.py
oslo.utils,openstack/oslo.utils,oslo_utils/eventletutils.py,146,"Other(""\""\""\""A class that provides consistent eventlet/threa"")","""""""A class that provides consistent eventlet/threading Event API.",https://opendev.org/openstack/oslo.utils/src/branch/master/oslo_utils/eventletutils.py
oslo.utils,openstack/oslo.utils,oslo_utils/eventletutils.py,148,"Other(""eventlet.event"")",This wraps the eventlet.event.Event class to have the same API as,https://opendev.org/openstack/oslo.utils/src/branch/master/oslo_utils/eventletutils.py
oslo.utils,openstack/oslo.utils,oslo_utils/eventletutils.py,158,"Other(""eventlet.event"")",self._event = _eventlet.event.Event(),https://opendev.org/openstack/oslo.utils/src/branch/master/oslo_utils/eventletutils.py
oslo.utils,openstack/oslo.utils,oslo_utils/eventletutils.py,174,"Other(""eventlet.timeout"")","with _eventlet.timeout.Timeout(sw.leftover(return_none=True),",https://opendev.org/openstack/oslo.utils/src/branch/master/oslo_utils/eventletutils.py
oslo.utils,openstack/oslo.utils,oslo_utils/excutils.py,150,"Other(""can happen when eventlet switches greenthreads or "")",can happen when eventlet switches greenthreads or when running an,https://opendev.org/openstack/oslo.utils/src/branch/master/oslo_utils/excutils.py
oslo.utils,openstack/oslo.utils,test-requirements.txt,1,"Other(""eventlet>=0.18.2 # MIT"")",eventlet>=0.18.2 # MIT,https://opendev.org/openstack/oslo.utils/src/branch/master/test-requirements.txt
oslo.vmware,openstack/oslo.vmware,oslo_vmware/common/loopingcall.py,21,Import,from eventlet import event,https://opendev.org/openstack/oslo.vmware/src/branch/master/oslo_vmware/common/loopingcall.py
oslo.vmware,openstack/oslo.vmware,oslo_vmware/common/loopingcall.py,22,Import,from eventlet import greenthread,https://opendev.org/openstack/oslo.vmware/src/branch/master/oslo_vmware/common/loopingcall.py
oslo.vmware,openstack/oslo.vmware,oslo_vmware/image_transfer.py,23,Import,from eventlet import timeout,https://opendev.org/openstack/oslo.vmware/src/branch/master/oslo_vmware/image_transfer.py
oslo.vmware,openstack/oslo.vmware,requirements.txt,19,"Other(""eventlet!=0.18.3,!=0.20.1,>=0.18.2 # MIT"")","eventlet!=0.18.3,!=0.20.1,>=0.18.2 # MIT",https://opendev.org/openstack/oslo.vmware/src/branch/master/requirements.txt
osops,openstack/osops,contrib/multi/openstack-liberty-multinode-scripts/LIBERTY-U14.04-AIO/2-liberty-aio-keystone.sh,48,"Other(""[eventlet_server]"")",[eventlet_server],https://opendev.org/openstack/osops/src/branch/master/contrib/multi/openstack-liberty-multinode-scripts/LIBERTY-U14.04-AIO/2-liberty-aio-keystone.sh
osops,openstack/osops,contrib/multi/openstack-liberty-multinode-scripts/LIBERTY-U14.04-AIO/2-liberty-aio-keystone.sh,49,"Other(""[eventlet_server_ssl]"")",[eventlet_server_ssl],https://opendev.org/openstack/osops/src/branch/master/contrib/multi/openstack-liberty-multinode-scripts/LIBERTY-U14.04-AIO/2-liberty-aio-keystone.sh
osops,openstack/osops,contrib/multi/openstack-liberty-multinode-scripts/LIBERTY-U14.04-AIO/AIO-LIBERTY-2.sh,130,"Other(""[eventlet_server]"")",[eventlet_server],https://opendev.org/openstack/osops/src/branch/master/contrib/multi/openstack-liberty-multinode-scripts/LIBERTY-U14.04-AIO/AIO-LIBERTY-2.sh
osops,openstack/osops,contrib/multi/openstack-liberty-multinode-scripts/LIBERTY-U14.04-AIO/AIO-LIBERTY-2.sh,131,"Other(""[eventlet_server_ssl]"")",[eventlet_server_ssl],https://opendev.org/openstack/osops/src/branch/master/contrib/multi/openstack-liberty-multinode-scripts/LIBERTY-U14.04-AIO/AIO-LIBERTY-2.sh
osops,openstack/osops,contrib/multi/openstack-liberty-multinode-scripts/LIBERTY-U14.04-LB/ctl-3.keystone.sh,50,"Other(""[eventlet_server]"")",[eventlet_server],https://opendev.org/openstack/osops/src/branch/master/contrib/multi/openstack-liberty-multinode-scripts/LIBERTY-U14.04-LB/ctl-3.keystone.sh
osops,openstack/osops,contrib/multi/openstack-liberty-multinode-scripts/LIBERTY-U14.04-LB/ctl-3.keystone.sh,51,"Other(""[eventlet_server_ssl]"")",[eventlet_server_ssl],https://opendev.org/openstack/osops/src/branch/master/contrib/multi/openstack-liberty-multinode-scripts/LIBERTY-U14.04-LB/ctl-3.keystone.sh
osops,openstack/osops,contrib/multi/openstack-liberty-multinode-scripts/LIBERTY-U14.04-OVS/ctl-3.keystone.sh,49,"Other(""[eventlet_server]"")",[eventlet_server],https://opendev.org/openstack/osops/src/branch/master/contrib/multi/openstack-liberty-multinode-scripts/LIBERTY-U14.04-OVS/ctl-3.keystone.sh
osops,openstack/osops,contrib/multi/openstack-liberty-multinode-scripts/LIBERTY-U14.04-OVS/ctl-3.keystone.sh,50,"Other(""[eventlet_server_ssl]"")",[eventlet_server_ssl],https://opendev.org/openstack/osops/src/branch/master/contrib/multi/openstack-liberty-multinode-scripts/LIBERTY-U14.04-OVS/ctl-3.keystone.sh
osops,openstack/osops,example-configs/MIT_CSAIL/README.md,52,"Other(""APIs run via eventlet server"")",APIs run via eventlet server,https://opendev.org/openstack/osops/src/branch/master/example-configs/MIT_CSAIL/README.md
osops,openstack/osops,example-configs/MIT_CSAIL/compute/etc/nova/logging.conf,47,"Other(""[logger_eventletwsgi]"")",[logger_eventletwsgi],https://opendev.org/openstack/osops/src/branch/master/example-configs/MIT_CSAIL/compute/etc/nova/logging.conf
osops,openstack/osops,example-configs/MIT_CSAIL/compute/etc/nova/logging.conf,50,Wsgi,qualname = eventlet.wsgi.server,https://opendev.org/openstack/osops/src/branch/master/example-configs/MIT_CSAIL/compute/etc/nova/logging.conf
osops,openstack/osops,example-configs/MIT_CSAIL/controller/etc/cinder/logging.conf,42,"Other(""[logger_eventletwsgi]"")",[logger_eventletwsgi],https://opendev.org/openstack/osops/src/branch/master/example-configs/MIT_CSAIL/controller/etc/cinder/logging.conf
osops,openstack/osops,example-configs/MIT_CSAIL/controller/etc/cinder/logging.conf,45,Wsgi,qualname = eventlet.wsgi.server,https://opendev.org/openstack/osops/src/branch/master/example-configs/MIT_CSAIL/controller/etc/cinder/logging.conf
osops,openstack/osops,example-configs/MIT_CSAIL/controller/etc/nova/logging.conf,47,"Other(""[logger_eventletwsgi]"")",[logger_eventletwsgi],https://opendev.org/openstack/osops/src/branch/master/example-configs/MIT_CSAIL/controller/etc/nova/logging.conf
osops,openstack/osops,example-configs/MIT_CSAIL/controller/etc/nova/logging.conf,50,Wsgi,qualname = eventlet.wsgi.server,https://opendev.org/openstack/osops/src/branch/master/example-configs/MIT_CSAIL/controller/etc/nova/logging.conf
ossa,openstack/ossa,ossa/OSSA-2014-007.yaml,12,"Other(""related to a bad interaction between eventlet and "")",related to a bad interaction between eventlet and python-memcached that should be,https://opendev.org/openstack/ossa/src/branch/master/ossa/OSSA-2014-007.yaml
ossa,openstack/ossa,ossa/OSSA-2014-007.yaml,13,"Other(""avoided if the calling process already monkey-patc"")","avoided if the calling process already monkey-patches ""thread"" to use eventlet.",https://opendev.org/openstack/ossa/src/branch/master/ossa/OSSA-2014-007.yaml
ovn-bgp-agent,openstack/ovn-bgp-agent,test-requirements.txt,4,"Other(""eventlet>=0.26.1 # MIT"")",eventlet>=0.26.1 # MIT,https://opendev.org/openstack/ovn-bgp-agent/src/branch/master/test-requirements.txt
ovsdbapp,openstack/ovsdbapp,ovsdbapp/backend/ovs_idl/vlog.py,22,Import,from eventlet import patcher,https://opendev.org/openstack/ovsdbapp/src/branch/master/ovsdbapp/backend/ovs_idl/vlog.py
ovsdbapp,openstack/ovsdbapp,ovsdbapp/backend/ovs_idl/windows/utils.py,17,Import,import eventlet,https://opendev.org/openstack/ovsdbapp/src/branch/master/ovsdbapp/backend/ovs_idl/windows/utils.py
ovsdbapp,openstack/ovsdbapp,ovsdbapp/backend/ovs_idl/windows/utils.py,18,Import,from eventlet import tpool,https://opendev.org/openstack/ovsdbapp/src/branch/master/ovsdbapp/backend/ovs_idl/windows/utils.py
ovsdbapp,openstack/ovsdbapp,ovsdbapp/backend/ovs_idl/windows/utils.py,20,"Other(""eventlet = None"")",eventlet = None,https://opendev.org/openstack/ovsdbapp/src/branch/master/ovsdbapp/backend/ovs_idl/windows/utils.py
ovsdbapp,openstack/ovsdbapp,ovsdbapp/backend/ovs_idl/windows/utils.py,31,"Other(""keyword arguments \""kwargs\"". If eventlet is not ins"")","keyword arguments ""kwargs"". If eventlet is not installed on the system",https://opendev.org/openstack/ovsdbapp/src/branch/master/ovsdbapp/backend/ovs_idl/windows/utils.py
ovsdbapp,openstack/ovsdbapp,ovsdbapp/backend/ovs_idl/windows/utils.py,34,"Other(""if eventlet is None:"")",if eventlet is None:,https://opendev.org/openstack/ovsdbapp/src/branch/master/ovsdbapp/backend/ovs_idl/windows/utils.py
ovsdbapp,openstack/ovsdbapp,ovsdbapp/backend/ovs_idl/windows/utils.py,40,"Other(""eventlet.getcurrent"")",if eventlet.getcurrent().parent:,https://opendev.org/openstack/ovsdbapp/src/branch/master/ovsdbapp/backend/ovs_idl/windows/utils.py
project-config,openstack/project-config,gerrit/projects.yaml,2672,"Other(""- project: openstack/deb-python-aioeventlet"")",- project: openstack/deb-python-aioeventlet,https://opendev.org/openstack/project-config/src/branch/master/gerrit/projects.yaml
project-config,openstack/project-config,gerrit/projects.yaml,2798,"Other(""- project: openstack/deb-python-eventlet"")",- project: openstack/deb-python-eventlet,https://opendev.org/openstack/project-config/src/branch/master/gerrit/projects.yaml
project-config,openstack/project-config,zuul/main.yaml,1379,"Other(""- eventlet/eventlet"")",- eventlet/eventlet,https://opendev.org/openstack/project-config/src/branch/master/zuul/main.yaml
puppet-barbican,openstack/puppet-barbican,manifests/api.pp,437,"Other(""fail('With Ubuntu packages the service_name must b"")",fail('With Ubuntu packages the service_name must be set to httpd as there is no eventlet init script.'),https://opendev.org/openstack/puppet-barbican/src/branch/master/manifests/api.pp
puppet-barbican,openstack/puppet-barbican,releasenotes/notes/fix_ubuntu_install-20a799586184762a.yaml,5,"Other(""as the packaging contains no init script for the e"")",as the packaging contains no init script for the eventlet.,https://opendev.org/openstack/puppet-barbican/src/branch/master/releasenotes/notes/fix_ubuntu_install-20a799586184762a.yaml
puppet-barbican,openstack/puppet-barbican,spec/classes/barbican_api_spec.rb,276,"Other(""context 'redhat systems eventlet service enabled' "")",context 'redhat systems eventlet service enabled' do,https://opendev.org/openstack/puppet-barbican/src/branch/master/spec/classes/barbican_api_spec.rb
puppet-barbican,openstack/puppet-barbican,spec/classes/barbican_api_spec.rb,277,"Other(""describe 'should contain eventlet service' do"")",describe 'should contain eventlet service' do,https://opendev.org/openstack/puppet-barbican/src/branch/master/spec/classes/barbican_api_spec.rb
puppet-barbican,openstack/puppet-barbican,spec/classes/barbican_api_spec.rb,287,"Other(""context 'on redhat systems eventlet service disabl"")",context 'on redhat systems eventlet service disabled' do,https://opendev.org/openstack/puppet-barbican/src/branch/master/spec/classes/barbican_api_spec.rb
puppet-ceilometer,openstack/puppet-ceilometer,CHANGELOG.md,38,"Other(""- wsgi: make sure eventlet process is stopped befo"")",- wsgi: make sure eventlet process is stopped before httpd,https://opendev.org/openstack/puppet-ceilometer/src/branch/master/CHANGELOG.md
puppet-ceilometer,openstack/puppet-ceilometer,CHANGELOG.md,45,"Other(""- acceptance/eventlet: make sure apache is stopped"")",- acceptance/eventlet: make sure apache is stopped,https://opendev.org/openstack/puppet-ceilometer/src/branch/master/CHANGELOG.md
puppet-keystone,openstack/puppet-keystone,CHANGELOG.md,32,"Other(""- if running eventlet, send deprecation warning"")","- if running eventlet, send deprecation warning",https://opendev.org/openstack/puppet-keystone/src/branch/master/CHANGELOG.md
puppet-keystone,openstack/puppet-keystone,CHANGELOG.md,61,"Other(""- acceptance/eventlet: make sure apache is stopped"")",- acceptance/eventlet: make sure apache is stopped,https://opendev.org/openstack/puppet-keystone/src/branch/master/CHANGELOG.md
puppet-keystone,openstack/puppet-keystone,releasenotes/notes/deprecated-public_bind_host-and-public_port-90ee086ecd2b977c.yaml,5,"Other(""deprecated, and don't affect the correspoiding par"")","deprecated, and don't affect the correspoiding parameters under eventlet",https://opendev.org/openstack/puppet-keystone/src/branch/master/releasenotes/notes/deprecated-public_bind_host-and-public_port-90ee086ecd2b977c.yaml
puppet-keystone,openstack/puppet-keystone,releasenotes/notes/policy_rc_d_keystone_eventlet-2dc65eb3d27f8969.yaml,4,"Other(""for keystone eventlet service."")",for keystone eventlet service.,https://opendev.org/openstack/puppet-keystone/src/branch/master/releasenotes/notes/policy_rc_d_keystone_eventlet-2dc65eb3d27f8969.yaml
puppet-keystone,openstack/puppet-keystone,releasenotes/notes/policy_rc_d_keystone_eventlet-2dc65eb3d27f8969.yaml,6,"Other(""- Keystone eventlet service is auto-started on deb"")",- Keystone eventlet service is auto-started on debian based,https://opendev.org/openstack/puppet-keystone/src/branch/master/releasenotes/notes/policy_rc_d_keystone_eventlet-2dc65eb3d27f8969.yaml
puppet-keystone,openstack/puppet-keystone,spec/classes/keystone_init_spec.rb,563,"Other(""context 'with default domain and eventlet service "")",context 'with default domain and eventlet service is managed and enabled' do,https://opendev.org/openstack/puppet-keystone/src/branch/master/spec/classes/keystone_init_spec.rb
puppet-manila,openstack/puppet-manila,releasenotes/notes/manila-wsgi-893b66e84d4a9133.yaml,5,"Other(""package-provided built-in eventlet based wsgi serv"")",package-provided built-in eventlet based wsgi server. Set,https://opendev.org/openstack/puppet-manila/src/branch/master/releasenotes/notes/manila-wsgi-893b66e84d4a9133.yaml
puppet-neutron,openstack/puppet-neutron,manifests/server.pp,414,"Other(""tag        => ['neutron-service', 'neutron-server-"")","tag        => ['neutron-service', 'neutron-server-eventlet'],",https://opendev.org/openstack/puppet-neutron/src/branch/master/manifests/server.pp
puppet-neutron,openstack/puppet-neutron,manifests/server.pp,478,"Other(""tag        => ['neutron-service', 'neutron-server-"")","tag        => ['neutron-service', 'neutron-server-eventlet'],",https://opendev.org/openstack/puppet-neutron/src/branch/master/manifests/server.pp
puppet-neutron,openstack/puppet-neutron,spec/classes/neutron_server_spec.rb,54,"Other("":tag     => ['neutron-service', 'neutron-server-ev"")",":tag     => ['neutron-service', 'neutron-server-eventlet'],",https://opendev.org/openstack/puppet-neutron/src/branch/master/spec/classes/neutron_server_spec.rb
puppet-neutron,openstack/puppet-neutron,spec/classes/neutron_server_spec.rb,63,"Other("":tag     => ['neutron-service', 'neutron-server-ev"")",":tag     => ['neutron-service', 'neutron-server-eventlet'],",https://opendev.org/openstack/puppet-neutron/src/branch/master/spec/classes/neutron_server_spec.rb
puppet-openstacklib,openstack/puppet-openstacklib,releasenotes/notes/manage_policy_rc_d_file-747510db06792d52.yaml,11,"Other(""eventlet process on package install."")",eventlet process on package install.,https://opendev.org/openstack/puppet-openstacklib/src/branch/master/releasenotes/notes/manage_policy_rc_d_file-747510db06792d52.yaml
python-cinderclient,openstack/python-cinderclient,cinderclient/client.py,46,Import,from eventlet import sleep,https://opendev.org/openstack/python-cinderclient/src/branch/master/cinderclient/client.py
python-glanceclient,openstack/python-glanceclient,glanceclient/common/https.py,24,Import,from eventlet import patcher,https://opendev.org/openstack/python-glanceclient/src/branch/master/glanceclient/common/https.py
python-glanceclient,openstack/python-glanceclient,glanceclient/common/https.py,27,Import,from eventlet.green.httplib import HTTPSConnection,https://opendev.org/openstack/python-glanceclient/src/branch/master/glanceclient/common/https.py
python-glanceclient,openstack/python-glanceclient,glanceclient/common/https.py,28,Import,from eventlet.green.OpenSSL.SSL import GreenConnection as Connection,https://opendev.org/openstack/python-glanceclient/src/branch/master/glanceclient/common/https.py
python-glanceclient,openstack/python-glanceclient,releasenotes/source/earlier.rst,377,"Other(""* 1157864_: Fix an issue where glanceclient would "")",* 1157864_: Fix an issue where glanceclient would fail with eventlet.,https://opendev.org/openstack/python-glanceclient/src/branch/master/releasenotes/source/earlier.rst
python-ironicclient,openstack/python-ironicclient,tools/install_venv_common.py,180,"Other(""\""\""\""Workaround for a bug in eventlet."")","""""""Workaround for a bug in eventlet.",https://opendev.org/openstack/python-ironicclient/src/branch/master/tools/install_venv_common.py
python-ironicclient,openstack/python-ironicclient,tools/install_venv_common.py,188,"Other(""Upstream: https://bitbucket.org/eventlet/eventlet/"")",Upstream: https://bitbucket.org/eventlet/eventlet/issue/89,https://opendev.org/openstack/python-ironicclient/src/branch/master/tools/install_venv_common.py
python-ironicclient,openstack/python-ironicclient,tools/install_venv_common.py,199,"Other(""'eventlet/green/subprocess.py'),"")","'eventlet/green/subprocess.py'),",https://opendev.org/openstack/python-ironicclient/src/branch/master/tools/install_venv_common.py
python-ironicclient,openstack/python-ironicclient,tools/install_venv_common.py,200,"Other(""eventlet.patch"")",'contrib/redhat-eventlet.patch'),https://opendev.org/openstack/python-ironicclient/src/branch/master/tools/install_venv_common.py
python-keystoneclient,openstack/python-keystoneclient,keystoneclient/common/cms.py,16,"Other(""eventlet.green"")",subprocess or eventlet.green.subprocess can be used.,https://opendev.org/openstack/python-keystoneclient/src/branch/master/keystoneclient/common/cms.py
python-keystoneclient,openstack/python-keystoneclient,keystoneclient/common/cms.py,19,"Other(""eventlet.green"")",or eventlet.green.subprocess based on if os module is patched by eventlet.,https://opendev.org/openstack/python-keystoneclient/src/branch/master/keystoneclient/common/cms.py
python-keystoneclient,openstack/python-keystoneclient,keystoneclient/common/cms.py,60,Import,from eventlet import patcher,https://opendev.org/openstack/python-keystoneclient/src/branch/master/keystoneclient/common/cms.py
python-keystoneclient,openstack/python-keystoneclient,keystoneclient/common/cms.py,62,Import,from eventlet.green import subprocess,https://opendev.org/openstack/python-keystoneclient/src/branch/master/keystoneclient/common/cms.py
python-keystoneclient,openstack/python-keystoneclient,keystoneclient/common/cms.py,78,"Other(""eventlet.green"")","The subprocess could be eventlet.green.subprocess if using eventlet,",https://opendev.org/openstack/python-keystoneclient/src/branch/master/keystoneclient/common/cms.py
python-manilaclient,openstack/python-manilaclient,manilaclient/common/httpclient.py,32,Import,from eventlet import sleep,https://opendev.org/openstack/python-manilaclient/src/branch/master/manilaclient/common/httpclient.py
python-mistralclient,openstack/python-mistralclient,lower-constraints.txt,19,"Other(""eventlet==0.18.2"")",eventlet==0.18.2,https://opendev.org/openstack/python-mistralclient/src/branch/master/lower-constraints.txt
python-octaviaclient,openstack/python-octaviaclient,octaviaclient/hacking/checks.py,220,"Other(""def check_no_eventlet_imports(logical_line):"")",def check_no_eventlet_imports(logical_line):,https://opendev.org/openstack/python-octaviaclient/src/branch/master/octaviaclient/hacking/checks.py
python-octaviaclient,openstack/python-octaviaclient,octaviaclient/hacking/checks.py,221,"Other(""\""\""\""O345 - Usage of Python eventlet module not allo"")","""""""O345 - Usage of Python eventlet module not allowed.",https://opendev.org/openstack/python-octaviaclient/src/branch/master/octaviaclient/hacking/checks.py
python-octaviaclient,openstack/python-octaviaclient,octaviaclient/hacking/checks.py,228,"Other(""if re.match(r'(import|from)\\s+[(]?eventlet', logic"")","if re.match(r'(import|from)\s+[(]?eventlet', logical_line):",https://opendev.org/openstack/python-octaviaclient/src/branch/master/octaviaclient/hacking/checks.py
python-octaviaclient,openstack/python-octaviaclient,octaviaclient/hacking/checks.py,229,"Other(""msg = 'O345 Usage of Python eventlet module not al"")",msg = 'O345 Usage of Python eventlet module not allowed',https://opendev.org/openstack/python-octaviaclient/src/branch/master/octaviaclient/hacking/checks.py
python-octaviaclient,openstack/python-octaviaclient,octaviaclient/hacking/checks.py,230,"Other(""yield logical_line.index('eventlet'), msg"")","yield logical_line.index('eventlet'), msg",https://opendev.org/openstack/python-octaviaclient/src/branch/master/octaviaclient/hacking/checks.py
python-octaviaclient,openstack/python-octaviaclient,tox.ini,129,"Other(""O345 = checks:check_no_eventlet_imports"")",O345 = checks:check_no_eventlet_imports,https://opendev.org/openstack/python-octaviaclient/src/branch/master/tox.ini
python-swiftclient,openstack/python-swiftclient,ChangeLog,758,"Other(""* Eradicate eventlet and fix bug lp:959221"")",* Eradicate eventlet and fix bug lp:959221,https://opendev.org/openstack/python-swiftclient/src/branch/master/ChangeLog
python-troveclient,openstack/python-troveclient,troveclient/client.py,35,Import,import eventlet as sleep_lib,https://opendev.org/openstack/python-troveclient/src/branch/master/troveclient/client.py
python-zaqarclient,openstack/python-zaqarclient,HACKING.rst,110,Import,import eventlet,https://opendev.org/openstack/python-zaqarclient/src/branch/master/HACKING.rst
rally,openstack/rally,rally/utils/sshutils.py,52,"Other(""eventlet.monkey_patch"")","eventlet.monkey_patch(select=True, time=True)",https://opendev.org/openstack/rally/src/branch/master/rally/utils/sshutils.py
rally,openstack/rally,rally/utils/sshutils.py,54,MonkeyPatch,eventlet.monkey_patch(),https://opendev.org/openstack/rally/src/branch/master/rally/utils/sshutils.py
rally,openstack/rally,rally/utils/sshutils.py,56,"Other(""eventlet.import_patched"")","sshclient = eventlet.import_patched(""opentstack.common.sshclient"")",https://opendev.org/openstack/rally/src/branch/master/rally/utils/sshutils.py
releases,openstack/releases,deliverables/dalmatian/neutron.yaml,30,"Other(""WSGI API module, completing the first phase of eve"")","WSGI API module, completing the first phase of eventlet library",https://opendev.org/openstack/releases/src/branch/master/deliverables/dalmatian/neutron.yaml
requirements,openstack/requirements,global-requirements.txt,48,"Other(""eventlet!=0.18.3,!=0.20.1,!=0.21.0,!=0.23.0,!=0.25"")","eventlet!=0.18.3,!=0.20.1,!=0.21.0,!=0.23.0,!=0.25.0,!=0.32.0,!=0.34.1,!=0.34.2,!=0.34.3,!=0.35.0,!=0.36.0  # MIT",https://opendev.org/openstack/requirements/src/branch/master/global-requirements.txt
requirements,openstack/requirements,upper-constraints.txt,170,"Other(""eventlet===0.36.1"")",eventlet===0.36.1,https://opendev.org/openstack/requirements/src/branch/master/upper-constraints.txt
rpm-packaging,openstack/rpm-packaging,openstack/barbican/barbican.spec.j2,34,"Other(""BuildRequires:  {{ py3('eventlet') }}"")",BuildRequires:  {{ py3('eventlet') }},https://opendev.org/openstack/rpm-packaging/src/branch/master/openstack/barbican/barbican.spec.j2
rpm-packaging,openstack/rpm-packaging,openstack/barbican/barbican.spec.j2,90,"Other(""Requires:       {{ py3('eventlet') }}"")",Requires:       {{ py3('eventlet') }},https://opendev.org/openstack/rpm-packaging/src/branch/master/openstack/barbican/barbican.spec.j2
rpm-packaging,openstack/rpm-packaging,openstack/cinder/cinder.spec.j2,115,"Other(""Requires:       {{ py3('eventlet') }}"")",Requires:       {{ py3('eventlet') }},https://opendev.org/openstack/rpm-packaging/src/branch/master/openstack/cinder/cinder.spec.j2
rpm-packaging,openstack/rpm-packaging,openstack/cinder/cinder.spec.j2,176,"Other(""BuildRequires:  {{ py3('eventlet') }}"")",BuildRequires:  {{ py3('eventlet') }},https://opendev.org/openstack/rpm-packaging/src/branch/master/openstack/cinder/cinder.spec.j2
rpm-packaging,openstack/rpm-packaging,openstack/cyborg/cyborg.spec.j2,20,"Other(""BuildRequires:  {{ py3('eventlet') }}"")",BuildRequires:  {{ py3('eventlet') }},https://opendev.org/openstack/rpm-packaging/src/branch/master/openstack/cyborg/cyborg.spec.j2
rpm-packaging,openstack/rpm-packaging,openstack/cyborg/cyborg.spec.j2,63,"Other(""Requires:       {{ py3('eventlet') }}"")",Requires:       {{ py3('eventlet') }},https://opendev.org/openstack/rpm-packaging/src/branch/master/openstack/cyborg/cyborg.spec.j2
rpm-packaging,openstack/rpm-packaging,openstack/designate/designate.spec.j2,91,"Other(""Requires:       {{ py3('eventlet') }}"")",Requires:       {{ py3('eventlet') }},https://opendev.org/openstack/rpm-packaging/src/branch/master/openstack/designate/designate.spec.j2
rpm-packaging,openstack/rpm-packaging,openstack/futurist/futurist.spec.j2,17,"Other(""BuildRequires:  {{ py3('eventlet') }}"")",BuildRequires:  {{ py3('eventlet') }},https://opendev.org/openstack/rpm-packaging/src/branch/master/openstack/futurist/futurist.spec.j2
rpm-packaging,openstack/rpm-packaging,openstack/glance/glance.spec.j2,32,"Other(""BuildRequires:  {{ py3('eventlet') }}"")",BuildRequires:  {{ py3('eventlet') }},https://opendev.org/openstack/rpm-packaging/src/branch/master/openstack/glance/glance.spec.j2
rpm-packaging,openstack/rpm-packaging,openstack/glance/glance.spec.j2,105,"Other(""Requires:       {{ py3('eventlet') }}"")",Requires:       {{ py3('eventlet') }},https://opendev.org/openstack/rpm-packaging/src/branch/master/openstack/glance/glance.spec.j2
rpm-packaging,openstack/rpm-packaging,openstack/glance_store/glance_store.spec.j2,18,"Other(""BuildRequires:  {{ py3('eventlet') }}"")",BuildRequires:  {{ py3('eventlet') }},https://opendev.org/openstack/rpm-packaging/src/branch/master/openstack/glance_store/glance_store.spec.j2
rpm-packaging,openstack/rpm-packaging,openstack/glance_store/glance_store.spec.j2,49,"Other(""Requires:       {{ py3('eventlet') }}"")",Requires:       {{ py3('eventlet') }},https://opendev.org/openstack/rpm-packaging/src/branch/master/openstack/glance_store/glance_store.spec.j2
rpm-packaging,openstack/rpm-packaging,openstack/heat/heat.spec.j2,32,"Other(""BuildRequires:  {{ py3('eventlet') }}"")",BuildRequires:  {{ py3('eventlet') }},https://opendev.org/openstack/rpm-packaging/src/branch/master/openstack/heat/heat.spec.j2
rpm-packaging,openstack/rpm-packaging,openstack/heat/heat.spec.j2,91,"Other(""Requires:       {{ py3('eventlet') }}"")",Requires:       {{ py3('eventlet') }},https://opendev.org/openstack/rpm-packaging/src/branch/master/openstack/heat/heat.spec.j2
rpm-packaging,openstack/rpm-packaging,openstack/heat-tempest-plugin/heat-tempest-plugin.spec.j2,18,"Other(""Requires:      {{ py3('eventlet') }}"")",Requires:      {{ py3('eventlet') }},https://opendev.org/openstack/rpm-packaging/src/branch/master/openstack/heat-tempest-plugin/heat-tempest-plugin.spec.j2
rpm-packaging,openstack/rpm-packaging,openstack/ironic/ironic.spec.j2,34,"Other(""BuildRequires:  {{ py3('eventlet') }}"")",BuildRequires:  {{ py3('eventlet') }},https://opendev.org/openstack/rpm-packaging/src/branch/master/openstack/ironic/ironic.spec.j2
rpm-packaging,openstack/rpm-packaging,openstack/ironic/ironic.spec.j2,114,"Other(""Requires:       {{ py3('eventlet') }}"")",Requires:       {{ py3('eventlet') }},https://opendev.org/openstack/rpm-packaging/src/branch/master/openstack/ironic/ironic.spec.j2
rpm-packaging,openstack/rpm-packaging,openstack/ironic-inspector/ironic-inspector.spec.j2,29,"Other(""BuildRequires:  {{ py3('eventlet') }}"")",BuildRequires:  {{ py3('eventlet') }},https://opendev.org/openstack/rpm-packaging/src/branch/master/openstack/ironic-inspector/ironic-inspector.spec.j2
rpm-packaging,openstack/rpm-packaging,openstack/ironic-inspector/ironic-inspector.spec.j2,92,"Other(""Requires:     {{ py3('eventlet') }}"")",Requires:     {{ py3('eventlet') }},https://opendev.org/openstack/rpm-packaging/src/branch/master/openstack/ironic-inspector/ironic-inspector.spec.j2
rpm-packaging,openstack/rpm-packaging,openstack/ironic-lib/ironic-lib.spec.j2,29,"Other(""Requires:       {{ py3('eventlet') }}"")",Requires:       {{ py3('eventlet') }},https://opendev.org/openstack/rpm-packaging/src/branch/master/openstack/ironic-lib/ironic-lib.spec.j2
rpm-packaging,openstack/rpm-packaging,openstack/ironic-python-agent/ironic-python-agent.spec.j2,19,"Other(""BuildRequires:  {{ py3('eventlet') }}"")",BuildRequires:  {{ py3('eventlet') }},https://opendev.org/openstack/rpm-packaging/src/branch/master/openstack/ironic-python-agent/ironic-python-agent.spec.j2
rpm-packaging,openstack/rpm-packaging,openstack/ironic-python-agent/ironic-python-agent.spec.j2,61,"Other(""Requires:       {{ py3('eventlet') }}"")",Requires:       {{ py3('eventlet') }},https://opendev.org/openstack/rpm-packaging/src/branch/master/openstack/ironic-python-agent/ironic-python-agent.spec.j2
rpm-packaging,openstack/rpm-packaging,openstack/magnum/magnum.spec.j2,102,"Other(""Requires:       {{ py3('eventlet') }}"")",Requires:       {{ py3('eventlet') }},https://opendev.org/openstack/rpm-packaging/src/branch/master/openstack/magnum/magnum.spec.j2
rpm-packaging,openstack/rpm-packaging,openstack/manila/manila.spec.j2,37,"Other(""BuildRequires:  {{ py3('eventlet') }}"")",BuildRequires:  {{ py3('eventlet') }},https://opendev.org/openstack/rpm-packaging/src/branch/master/openstack/manila/manila.spec.j2
rpm-packaging,openstack/rpm-packaging,openstack/manila/manila.spec.j2,109,"Other(""Requires:       {{ py3('eventlet') }}"")",Requires:       {{ py3('eventlet') }},https://opendev.org/openstack/rpm-packaging/src/branch/master/openstack/manila/manila.spec.j2
rpm-packaging,openstack/rpm-packaging,openstack/masakari/masakari.spec.j2,20,"Other(""BuildRequires:  {{ py3('eventlet') }}"")",BuildRequires:  {{ py3('eventlet') }},https://opendev.org/openstack/rpm-packaging/src/branch/master/openstack/masakari/masakari.spec.j2
rpm-packaging,openstack/rpm-packaging,openstack/masakari-monitors/masakari-monitors.spec.j2,22,"Other(""BuildRequires:  {{ py3('eventlet') }}"")",BuildRequires:  {{ py3('eventlet') }},https://opendev.org/openstack/rpm-packaging/src/branch/master/openstack/masakari-monitors/masakari-monitors.spec.j2
rpm-packaging,openstack/rpm-packaging,openstack/mistral/mistral.spec.j2,23,"Other(""BuildRequires:  {{ py3('eventlet') }}"")",BuildRequires:  {{ py3('eventlet') }},https://opendev.org/openstack/rpm-packaging/src/branch/master/openstack/mistral/mistral.spec.j2
rpm-packaging,openstack/rpm-packaging,openstack/mistral/mistral.spec.j2,84,"Other(""Requires:       {{ py3('eventlet') }}"")",Requires:       {{ py3('eventlet') }},https://opendev.org/openstack/rpm-packaging/src/branch/master/openstack/mistral/mistral.spec.j2
rpm-packaging,openstack/rpm-packaging,openstack/mistral-lib/mistral-lib.spec.j2,14,"Other(""BuildRequires:  {{ py3('eventlet') }}"")",BuildRequires:  {{ py3('eventlet') }},https://opendev.org/openstack/rpm-packaging/src/branch/master/openstack/mistral-lib/mistral-lib.spec.j2
rpm-packaging,openstack/rpm-packaging,openstack/mistral-lib/mistral-lib.spec.j2,33,"Other(""Requires:       {{ py3('eventlet') }}"")",Requires:       {{ py3('eventlet') }},https://opendev.org/openstack/rpm-packaging/src/branch/master/openstack/mistral-lib/mistral-lib.spec.j2
rpm-packaging,openstack/rpm-packaging,openstack/monasca-agent/monasca-agent.spec.j2,29,"Other(""BuildRequires:  {{ py3('eventlet') }}"")",BuildRequires:  {{ py3('eventlet') }},https://opendev.org/openstack/rpm-packaging/src/branch/master/openstack/monasca-agent/monasca-agent.spec.j2
rpm-packaging,openstack/rpm-packaging,openstack/monasca-agent/monasca-agent.spec.j2,73,"Other(""Requires:       {{ py3('eventlet') }}"")",Requires:       {{ py3('eventlet') }},https://opendev.org/openstack/rpm-packaging/src/branch/master/openstack/monasca-agent/monasca-agent.spec.j2
rpm-packaging,openstack/rpm-packaging,openstack/monasca-api/monasca-api.spec.j2,23,"Other(""BuildRequires:  {{ py3('eventlet') }}"")",BuildRequires:  {{ py3('eventlet') }},https://opendev.org/openstack/rpm-packaging/src/branch/master/openstack/monasca-api/monasca-api.spec.j2
rpm-packaging,openstack/rpm-packaging,openstack/monasca-api/monasca-api.spec.j2,71,"Other(""Requires:       {{ py3('eventlet') }}"")",Requires:       {{ py3('eventlet') }},https://opendev.org/openstack/rpm-packaging/src/branch/master/openstack/monasca-api/monasca-api.spec.j2
rpm-packaging,openstack/rpm-packaging,openstack/neutron/neutron.spec.j2,103,"Other(""Requires:       {{ py3('eventlet') }}"")",Requires:       {{ py3('eventlet') }},https://opendev.org/openstack/rpm-packaging/src/branch/master/openstack/neutron/neutron.spec.j2
rpm-packaging,openstack/rpm-packaging,openstack/neutron-dynamic-routing/neutron-dynamic-routing.spec.j2,31,"Other(""Requires:       {{ py3('eventlet') }}"")",Requires:       {{ py3('eventlet') }},https://opendev.org/openstack/rpm-packaging/src/branch/master/openstack/neutron-dynamic-routing/neutron-dynamic-routing.spec.j2
rpm-packaging,openstack/rpm-packaging,openstack/neutron-tempest-plugin/neutron-tempest-plugin.spec.j2,19,"Other(""Requires:      {{ py3('eventlet') }}"")",Requires:      {{ py3('eventlet') }},https://opendev.org/openstack/rpm-packaging/src/branch/master/openstack/neutron-tempest-plugin/neutron-tempest-plugin.spec.j2
rpm-packaging,openstack/rpm-packaging,openstack/nova/nova.spec.j2,134,"Other(""Requires:       {{ py3('eventlet') }}"")",Requires:       {{ py3('eventlet') }},https://opendev.org/openstack/rpm-packaging/src/branch/master/openstack/nova/nova.spec.j2
rpm-packaging,openstack/rpm-packaging,openstack/os-brick/os-brick.spec.j2,19,"Other(""BuildRequires:  {{ py3('eventlet') }}"")",BuildRequires:  {{ py3('eventlet') }},https://opendev.org/openstack/rpm-packaging/src/branch/master/openstack/os-brick/os-brick.spec.j2
rpm-packaging,openstack/rpm-packaging,openstack/os-brick/os-brick.spec.j2,49,"Other(""Requires:       {{ py3('eventlet') }}"")",Requires:       {{ py3('eventlet') }},https://opendev.org/openstack/rpm-packaging/src/branch/master/openstack/os-brick/os-brick.spec.j2
rpm-packaging,openstack/rpm-packaging,openstack/os-collect-config/os-collect-config.spec.j2,31,"Other(""Requires:       {{ py3('eventlet') }}"")",Requires:       {{ py3('eventlet') }},https://opendev.org/openstack/rpm-packaging/src/branch/master/openstack/os-collect-config/os-collect-config.spec.j2
rpm-packaging,openstack/rpm-packaging,openstack/os-ken/os-ken.spec.j2,17,"Other(""BuildRequires:  {{ py3('eventlet') }}"")",BuildRequires:  {{ py3('eventlet') }},https://opendev.org/openstack/rpm-packaging/src/branch/master/openstack/os-ken/os-ken.spec.j2
rpm-packaging,openstack/rpm-packaging,openstack/os-ken/os-ken.spec.j2,38,"Other(""Requires:       {{ py3('eventlet') }}"")",Requires:       {{ py3('eventlet') }},https://opendev.org/openstack/rpm-packaging/src/branch/master/openstack/os-ken/os-ken.spec.j2
rpm-packaging,openstack/rpm-packaging,openstack/oslo.concurrency/oslo.concurrency.spec.j2,15,"Other(""BuildRequires:  {{ py3('eventlet') }}"")",BuildRequires:  {{ py3('eventlet') }},https://opendev.org/openstack/rpm-packaging/src/branch/master/openstack/oslo.concurrency/oslo.concurrency.spec.j2
rpm-packaging,openstack/rpm-packaging,openstack/oslo.db/oslo.db.spec.j2,18,"Other(""BuildRequires:  {{ py3('eventlet') }}"")",BuildRequires:  {{ py3('eventlet') }},https://opendev.org/openstack/rpm-packaging/src/branch/master/openstack/oslo.db/oslo.db.spec.j2
rpm-packaging,openstack/rpm-packaging,openstack/oslo.log/oslo.log.spec.j2,16,"Other(""BuildRequires:  {{ py3('eventlet') }}"")",BuildRequires:  {{ py3('eventlet') }},https://opendev.org/openstack/rpm-packaging/src/branch/master/openstack/oslo.log/oslo.log.spec.j2
rpm-packaging,openstack/rpm-packaging,openstack/oslo.messaging/oslo.messaging.spec.j2,21,"Other(""BuildRequires:  {{ py3('eventlet') }}"")",BuildRequires:  {{ py3('eventlet') }},https://opendev.org/openstack/rpm-packaging/src/branch/master/openstack/oslo.messaging/oslo.messaging.spec.j2
rpm-packaging,openstack/rpm-packaging,openstack/oslo.privsep/oslo.privsep.spec.j2,16,"Other(""BuildRequires:  {{ py3('eventlet') }}"")",BuildRequires:  {{ py3('eventlet') }},https://opendev.org/openstack/rpm-packaging/src/branch/master/openstack/oslo.privsep/oslo.privsep.spec.j2
rpm-packaging,openstack/rpm-packaging,openstack/oslo.privsep/oslo.privsep.spec.j2,34,"Other(""Requires:       {{ py3('eventlet') }}"")",Requires:       {{ py3('eventlet') }},https://opendev.org/openstack/rpm-packaging/src/branch/master/openstack/oslo.privsep/oslo.privsep.spec.j2
rpm-packaging,openstack/rpm-packaging,openstack/oslo.reports/oslo.reports.spec.j2,18,"Other(""BuildRequires:  {{ py3('eventlet') }}"")",BuildRequires:  {{ py3('eventlet') }},https://opendev.org/openstack/rpm-packaging/src/branch/master/openstack/oslo.reports/oslo.reports.spec.j2
rpm-packaging,openstack/rpm-packaging,openstack/oslo.rootwrap/oslo.rootwrap.spec.j2,15,"Other(""BuildRequires:  {{ py3('eventlet') }}"")",BuildRequires:  {{ py3('eventlet') }},https://opendev.org/openstack/rpm-packaging/src/branch/master/openstack/oslo.rootwrap/oslo.rootwrap.spec.j2
rpm-packaging,openstack/rpm-packaging,openstack/oslo.service/oslo.service.spec.j2,22,"Other(""BuildRequires:  {{ py3('eventlet') }}"")",BuildRequires:  {{ py3('eventlet') }},https://opendev.org/openstack/rpm-packaging/src/branch/master/openstack/oslo.service/oslo.service.spec.j2
rpm-packaging,openstack/rpm-packaging,openstack/oslo.service/oslo.service.spec.j2,50,"Other(""Requires:       {{ py3('eventlet') }}"")",Requires:       {{ py3('eventlet') }},https://opendev.org/openstack/rpm-packaging/src/branch/master/openstack/oslo.service/oslo.service.spec.j2
rpm-packaging,openstack/rpm-packaging,openstack/oslo.utils/oslo.utils.spec.j2,18,"Other(""BuildRequires:  {{ py3('eventlet') }}"")",BuildRequires:  {{ py3('eventlet') }},https://opendev.org/openstack/rpm-packaging/src/branch/master/openstack/oslo.utils/oslo.utils.spec.j2
rpm-packaging,openstack/rpm-packaging,openstack/oslo.vmware/oslo.vmware.spec.j2,18,"Other(""BuildRequires:  {{ py3('eventlet') }}"")",BuildRequires:  {{ py3('eventlet') }},https://opendev.org/openstack/rpm-packaging/src/branch/master/openstack/oslo.vmware/oslo.vmware.spec.j2
rpm-packaging,openstack/rpm-packaging,openstack/oslo.vmware/oslo.vmware.spec.j2,48,"Other(""Requires:       {{ py3('eventlet') }}"")",Requires:       {{ py3('eventlet') }},https://opendev.org/openstack/rpm-packaging/src/branch/master/openstack/oslo.vmware/oslo.vmware.spec.j2
rpm-packaging,openstack/rpm-packaging,openstack/swift/swift.spec.j2,71,"Other(""Requires:       {{ py3('eventlet') }}"")",Requires:       {{ py3('eventlet') }},https://opendev.org/openstack/rpm-packaging/src/branch/master/openstack/swift/swift.spec.j2
rpm-packaging,openstack/rpm-packaging,openstack/taskflow/taskflow.spec.j2,21,"Other(""BuildRequires:  {{ py3('eventlet') }}"")",BuildRequires:  {{ py3('eventlet') }},https://opendev.org/openstack/rpm-packaging/src/branch/master/openstack/taskflow/taskflow.spec.j2
security-doc,openstack/security-doc,security-notes/OSSN-0023,27,Wsgi,INFO eventlet.wsgi.server [-] 10.0.0.66 - - [22/Aug/2014 12:39:01],https://opendev.org/openstack/security-doc/src/branch/master/security-notes/OSSN-0023
security-doc,openstack/security-doc,security-notes/OSSN-0023,56,"Other(""other than eventlet will need their own solution."")",other than eventlet will need their own solution.,https://opendev.org/openstack/security-doc/src/branch/master/security-notes/OSSN-0023
security-doc,openstack/security-doc,security-notes/OSSN-0039,22,"Other(""- Miscellaneous services (eventlet, syslog, ldap, "")","- Miscellaneous services (eventlet, syslog, ldap, smtp, etc)",https://opendev.org/openstack/security-doc/src/branch/master/security-notes/OSSN-0039
security-doc,openstack/security-doc,security-notes/OSSN-0045,22,"Other(""- Miscellaneous services (eventlet, syslog, ldap, "")","- Miscellaneous services (eventlet, syslog, ldap, smtp, etc)",https://opendev.org/openstack/security-doc/src/branch/master/security-notes/OSSN-0045
storlets,openstack/storlets,requirements.txt,3,"Other(""eventlet>=0.17.4 # MIT"")",eventlet>=0.17.4 # MIT,https://opendev.org/openstack/storlets/src/branch/master/requirements.txt
storlets,openstack/storlets,storlets/gateway/common/exceptions.py,17,Import,from eventlet import Timeout,https://opendev.org/openstack/storlets/src/branch/master/storlets/gateway/common/exceptions.py
storlets,openstack/storlets,storlets/gateway/gateways/container/runtime.py,24,Import,import eventlet,https://opendev.org/openstack/storlets/src/branch/master/storlets/gateway/gateways/container/runtime.py
storlets,openstack/storlets,storlets/gateway/gateways/container/runtime.py,40,MonkeyPatch,eventlet.monkey_patch(),https://opendev.org/openstack/storlets/src/branch/master/storlets/gateway/gateways/container/runtime.py
storlets,openstack/storlets,storlets/gateway/gateways/container/runtime.py,691,"Other(""eventlet.spawn_n"")","eventlet.spawn_n(self._write_input_data,",https://opendev.org/openstack/storlets/src/branch/master/storlets/gateway/gateways/container/runtime.py
storlets,openstack/storlets,storlets/gateway/gateways/container/runtime.py,700,"Other(""eventlet.spawn_n"")","eventlet.spawn_n(self._write_input_data,",https://opendev.org/openstack/storlets/src/branch/master/storlets/gateway/gateways/container/runtime.py
storlets,openstack/storlets,storlets/swift_middleware/storlet_handler.py,17,Import,from eventlet import Timeout,https://opendev.org/openstack/storlets/src/branch/master/storlets/swift_middleware/storlet_handler.py
swift,openstack/swift,CHANGELOG,203,"Other(""* Added support for recent versions of eventlet."")",* Added support for recent versions of eventlet.,https://opendev.org/openstack/swift/src/branch/master/CHANGELOG
swift,openstack/swift,CHANGELOG,251,"Other(""`client_timeout` option. Note that this requires e"")",`client_timeout` option. Note that this requires eventlet 0.34.0,https://opendev.org/openstack/swift/src/branch/master/CHANGELOG
swift,openstack/swift,CHANGELOG,902,"Other(""* The relinker now performs eventlet-hub selection"")",* The relinker now performs eventlet-hub selection the same way as,https://opendev.org/openstack/swift/src/branch/master/CHANGELOG
swift,openstack/swift,CHANGELOG,1192,"Other(""* Turned off thread-logging when monkey-patching w"")",* Turned off thread-logging when monkey-patching with eventlet. This,https://opendev.org/openstack/swift/src/branch/master/CHANGELOG
swift,openstack/swift,CHANGELOG,1377,"Other(""memory copies, and eventlet scheduling."")","memory copies, and eventlet scheduling.",https://opendev.org/openstack/swift/src/branch/master/CHANGELOG
swift,openstack/swift,CHANGELOG,1648,"Other(""* Dependency update: eventlet must be at least 0.2"")",* Dependency update: eventlet must be at least 0.25.0. This also,https://opendev.org/openstack/swift/src/branch/master/CHANGELOG
swift,openstack/swift,CHANGELOG,1658,"Other(""Note that this requires eventlet>=0.25.0. All unit"")","Note that this requires eventlet>=0.25.0. All unit tests pass,",https://opendev.org/openstack/swift/src/branch/master/CHANGELOG
swift,openstack/swift,CHANGELOG,1726,"Other(""If running Swift under Python 3, eventlet must be "")","If running Swift under Python 3, eventlet must be at least 0.25.0.",https://opendev.org/openstack/swift/src/branch/master/CHANGELOG
swift,openstack/swift,CHANGELOG,2027,"Other(""* Fixed a bug in how Swift uses eventlet that was "")",* Fixed a bug in how Swift uses eventlet that was exposed under high,https://opendev.org/openstack/swift/src/branch/master/CHANGELOG
swift,openstack/swift,CHANGELOG,2203,"Other(""* Fixed a bug in how Swift uses eventlet that was "")",* Fixed a bug in how Swift uses eventlet that was exposed under high,https://opendev.org/openstack/swift/src/branch/master/CHANGELOG
swift,openstack/swift,CHANGELOG,3151,"Other(""- Updated minimum version of eventlet to 0.17.4 to"")",- Updated minimum version of eventlet to 0.17.4 to support IPv6.,https://opendev.org/openstack/swift/src/branch/master/CHANGELOG
swift,openstack/swift,CHANGELOG,3996,"Other(""* Worked around a bug in eventlet 0.9.16 where the"")",* Worked around a bug in eventlet 0.9.16 where the size of the,https://opendev.org/openstack/swift/src/branch/master/CHANGELOG
swift,openstack/swift,CHANGELOG,4277,"Other(""* Add config option to turn eventlet debug on/off"")",* Add config option to turn eventlet debug on/off,https://opendev.org/openstack/swift/src/branch/master/CHANGELOG
swift,openstack/swift,README.rst,116,"Other(""Swift is a WSGI application and uses eventlet's WS"")",Swift is a WSGI application and uses eventlet's WSGI server. After the,https://opendev.org/openstack/swift/src/branch/master/README.rst
swift,openstack/swift,doc/manpages/account-server.conf.5,71,"Other(""that individual workers will use many eventlet co-"")",that individual workers will use many eventlet co-routines to service multiple,https://opendev.org/openstack/swift/src/branch/master/doc/manpages/account-server.conf.5
swift,openstack/swift,doc/manpages/account-server.conf.5,123,"Other("".IP \\fBeventlet_debug\\fR"")",.IP \fBeventlet_debug\fR,https://opendev.org/openstack/swift/src/branch/master/doc/manpages/account-server.conf.5
swift,openstack/swift,doc/manpages/account-server.conf.5,124,"Other(""Debug mode for eventlet library. The default is fa"")",Debug mode for eventlet library. The default is false.,https://opendev.org/openstack/swift/src/branch/master/doc/manpages/account-server.conf.5
swift,openstack/swift,doc/manpages/account-server.conf.5,246,"Other(""eventlet.green"")","standard profiler. Currently the supported value can be 'cProfile', 'eventlet.green.profile' etc.",https://opendev.org/openstack/swift/src/branch/master/doc/manpages/account-server.conf.5
swift,openstack/swift,doc/manpages/container-server.conf.5,71,"Other(""that individual workers will use many eventlet co-"")",that individual workers will use many eventlet co-routines to service multiple,https://opendev.org/openstack/swift/src/branch/master/doc/manpages/container-server.conf.5
swift,openstack/swift,doc/manpages/container-server.conf.5,129,"Other("".IP \\fBeventlet_debug\\fR"")",.IP \fBeventlet_debug\fR,https://opendev.org/openstack/swift/src/branch/master/doc/manpages/container-server.conf.5
swift,openstack/swift,doc/manpages/container-server.conf.5,130,"Other(""Debug mode for eventlet library. The default is fa"")",Debug mode for eventlet library. The default is false.,https://opendev.org/openstack/swift/src/branch/master/doc/manpages/container-server.conf.5
swift,openstack/swift,doc/manpages/container-server.conf.5,258,"Other(""eventlet.green"")","standard profiler. Currently the supported value can be 'cProfile', 'eventlet.green.profile' etc.",https://opendev.org/openstack/swift/src/branch/master/doc/manpages/container-server.conf.5
swift,openstack/swift,doc/manpages/object-server.conf.5,72,"Other(""that individual workers will use many eventlet co-"")",that individual workers will use many eventlet co-routines to service multiple,https://opendev.org/openstack/swift/src/branch/master/doc/manpages/object-server.conf.5
swift,openstack/swift,doc/manpages/object-server.conf.5,129,"Other("".IP \\fBeventlet_debug\\fR"")",.IP \fBeventlet_debug\fR,https://opendev.org/openstack/swift/src/branch/master/doc/manpages/object-server.conf.5
swift,openstack/swift,doc/manpages/object-server.conf.5,130,"Other(""Debug mode for eventlet library. The default is fa"")",Debug mode for eventlet library. The default is false.,https://opendev.org/openstack/swift/src/branch/master/doc/manpages/object-server.conf.5
swift,openstack/swift,doc/manpages/object-server.conf.5,323,"Other(""eventlet.green"")","standard profiler. Currently the supported value can be 'cProfile', 'eventlet.green.profile' etc.",https://opendev.org/openstack/swift/src/branch/master/doc/manpages/object-server.conf.5
swift,openstack/swift,doc/manpages/proxy-server.conf.5,81,"Other(""that individual workers will use many eventlet co-"")",that individual workers will use many eventlet co-routines to service multiple,https://opendev.org/openstack/swift/src/branch/master/doc/manpages/proxy-server.conf.5
swift,openstack/swift,doc/manpages/proxy-server.conf.5,138,"Other("".IP \\fBeventlet_debug\\fR"")",.IP \fBeventlet_debug\fR,https://opendev.org/openstack/swift/src/branch/master/doc/manpages/proxy-server.conf.5
swift,openstack/swift,doc/manpages/proxy-server.conf.5,139,"Other(""Debug mode for eventlet library. The default is fa"")",Debug mode for eventlet library. The default is false.,https://opendev.org/openstack/swift/src/branch/master/doc/manpages/proxy-server.conf.5
swift,openstack/swift,doc/manpages/proxy-server.conf.5,943,"Other(""eventlet.green"")","standard profiler. Currently the supported value can be 'cProfile', 'eventlet.green.profile' etc.",https://opendev.org/openstack/swift/src/branch/master/doc/manpages/proxy-server.conf.5
swift,openstack/swift,doc/manpages/swift.conf.5,172,"Other(""header. Using 8192 as default because eventlet use"")",header. Using 8192 as default because eventlet uses 8192 as max size of header,https://opendev.org/openstack/swift/src/branch/master/doc/manpages/swift.conf.5
swift,openstack/swift,doc/saio/swift/account-server/1.conf,11,"Other(""eventlet_debug = true"")",eventlet_debug = true,https://opendev.org/openstack/swift/src/branch/master/doc/saio/swift/account-server/1.conf
swift,openstack/swift,doc/saio/swift/account-server/2.conf,11,"Other(""eventlet_debug = true"")",eventlet_debug = true,https://opendev.org/openstack/swift/src/branch/master/doc/saio/swift/account-server/2.conf
swift,openstack/swift,doc/saio/swift/account-server/3.conf,11,"Other(""eventlet_debug = true"")",eventlet_debug = true,https://opendev.org/openstack/swift/src/branch/master/doc/saio/swift/account-server/3.conf
swift,openstack/swift,doc/saio/swift/account-server/4.conf,11,"Other(""eventlet_debug = true"")",eventlet_debug = true,https://opendev.org/openstack/swift/src/branch/master/doc/saio/swift/account-server/4.conf
swift,openstack/swift,doc/saio/swift/container-server/1.conf,11,"Other(""eventlet_debug = true"")",eventlet_debug = true,https://opendev.org/openstack/swift/src/branch/master/doc/saio/swift/container-server/1.conf
swift,openstack/swift,doc/saio/swift/container-server/2.conf,11,"Other(""eventlet_debug = true"")",eventlet_debug = true,https://opendev.org/openstack/swift/src/branch/master/doc/saio/swift/container-server/2.conf
swift,openstack/swift,doc/saio/swift/container-server/3.conf,11,"Other(""eventlet_debug = true"")",eventlet_debug = true,https://opendev.org/openstack/swift/src/branch/master/doc/saio/swift/container-server/3.conf
swift,openstack/swift,doc/saio/swift/container-server/4.conf,11,"Other(""eventlet_debug = true"")",eventlet_debug = true,https://opendev.org/openstack/swift/src/branch/master/doc/saio/swift/container-server/4.conf
swift,openstack/swift,doc/saio/swift/object-server/1.conf,11,"Other(""eventlet_debug = true"")",eventlet_debug = true,https://opendev.org/openstack/swift/src/branch/master/doc/saio/swift/object-server/1.conf
swift,openstack/swift,doc/saio/swift/object-server/2.conf,11,"Other(""eventlet_debug = true"")",eventlet_debug = true,https://opendev.org/openstack/swift/src/branch/master/doc/saio/swift/object-server/2.conf
swift,openstack/swift,doc/saio/swift/object-server/3.conf,11,"Other(""eventlet_debug = true"")",eventlet_debug = true,https://opendev.org/openstack/swift/src/branch/master/doc/saio/swift/object-server/3.conf
swift,openstack/swift,doc/saio/swift/object-server/4.conf,11,"Other(""eventlet_debug = true"")",eventlet_debug = true,https://opendev.org/openstack/swift/src/branch/master/doc/saio/swift/object-server/4.conf
swift,openstack/swift,doc/saio/swift/proxy-server.conf,7,"Other(""eventlet_debug = true"")",eventlet_debug = true,https://opendev.org/openstack/swift/src/branch/master/doc/saio/swift/proxy-server.conf
swift,openstack/swift,doc/source/config/account_server_config.rst,85,"Other(""eventlet_debug                   false       If tr"")","eventlet_debug                   false       If true, turn on debug logging for eventlet",https://opendev.org/openstack/swift/src/branch/master/doc/source/config/account_server_config.rst
swift,openstack/swift,doc/source/config/container_server_config.rst,82,"Other(""eventlet_debug                   false       If tr"")","eventlet_debug                   false       If true, turn on debug logging for eventlet",https://opendev.org/openstack/swift/src/branch/master/doc/source/config/container_server_config.rst
swift,openstack/swift,doc/source/config/object_server_config.rst,106,"Other(""eventlet_debug                   false       If tr"")","eventlet_debug                   false       If true, turn on debug logging for",https://opendev.org/openstack/swift/src/branch/master/doc/source/config/object_server_config.rst
swift,openstack/swift,doc/source/config/object_server_config.rst,107,"Other(""eventlet"")",eventlet,https://opendev.org/openstack/swift/src/branch/master/doc/source/config/object_server_config.rst
swift,openstack/swift,doc/source/config/object_server_config.rst,285,"Other(""eventlet_tpool_num_threads         auto           "")",eventlet_tpool_num_threads         auto                   The number of threads in eventlet's thread pool.,https://opendev.org/openstack/swift/src/branch/master/doc/source/config/object_server_config.rst
swift,openstack/swift,doc/source/config/object_server_config.rst,289,"Other(""eventlet."")",eventlet.,https://opendev.org/openstack/swift/src/branch/master/doc/source/config/object_server_config.rst
swift,openstack/swift,doc/source/config/object_server_config.rst,293,"Other(""eventlet's default (currently 20 threads)."")",eventlet's default (currently 20 threads).,https://opendev.org/openstack/swift/src/branch/master/doc/source/config/object_server_config.rst
swift,openstack/swift,doc/source/config/proxy_server_config.rst,112,"Other(""eventlet_debug                        false       "")","eventlet_debug                        false                     If true, turn on debug logging",https://opendev.org/openstack/swift/src/branch/master/doc/source/config/proxy_server_config.rst
swift,openstack/swift,doc/source/config/proxy_server_config.rst,113,"Other(""for eventlet"")",for eventlet,https://opendev.org/openstack/swift/src/branch/master/doc/source/config/proxy_server_config.rst
swift,openstack/swift,doc/source/config/swift_common_config.rst,20,"Other(""as default because eventlet use 8192 as max"")",as default because eventlet use 8192 as max,https://opendev.org/openstack/swift/src/branch/master/doc/source/config/swift_common_config.rst
swift,openstack/swift,doc/source/deployment_guide.rst,161,"Other(""service a request for any disk, and a slow I/O req"")","service a request for any disk, and a slow I/O request blocks the eventlet hub,",https://opendev.org/openstack/swift/src/branch/master/doc/source/deployment_guide.rst
swift,openstack/swift,doc/source/development_auth.rst,289,Import,from eventlet.timeout import Timeout,https://opendev.org/openstack/swift/src/branch/master/doc/source/development_auth.rst
swift,openstack/swift,doc/source/development_middleware.rst,82,Import,from eventlet import Timeout,https://opendev.org/openstack/swift/src/branch/master/doc/source/development_middleware.rst
swift,openstack/swift,doc/source/development_middleware.rst,85,Import,from eventlet.green.urllib import request as urllib2,https://opendev.org/openstack/swift/src/branch/master/doc/source/development_middleware.rst
swift,openstack/swift,doc/source/development_middleware.rst,87,Import,from eventlet.green import urllib2,https://opendev.org/openstack/swift/src/branch/master/doc/source/development_middleware.rst
swift,openstack/swift,doc/source/development_saio.rst,63,"Other(""python-xattr python-eventlet \\"")",python-xattr python-eventlet \,https://opendev.org/openstack/swift/src/branch/master/doc/source/development_saio.rst
swift,openstack/swift,doc/source/development_saio.rst,78,"Other(""pyxattr python-eventlet \\"")",pyxattr python-eventlet \,https://opendev.org/openstack/swift/src/branch/master/doc/source/development_saio.rst
swift,openstack/swift,doc/source/development_saio.rst,90,"Other(""python-pyxattr python-eventlet \\"")",python-pyxattr python-eventlet \,https://opendev.org/openstack/swift/src/branch/master/doc/source/development_saio.rst
swift,openstack/swift,doc/source/development_saio.rst,101,"Other(""python-xattr python-eventlet python2-greenlet \\"")",python-xattr python-eventlet python2-greenlet \,https://opendev.org/openstack/swift/src/branch/master/doc/source/development_saio.rst
swift,openstack/swift,lower-constraints.txt,22,"Other(""eventlet==0.25.0"")",eventlet==0.25.0,https://opendev.org/openstack/swift/src/branch/master/lower-constraints.txt
swift,openstack/swift,py2-constraints.txt,16,"Other(""eventlet===0.25.2"")",eventlet===0.25.2,https://opendev.org/openstack/swift/src/branch/master/py2-constraints.txt
swift,openstack/swift,py36-constraints.txt,21,"Other(""eventlet==0.33.3"")",eventlet==0.33.3,https://opendev.org/openstack/swift/src/branch/master/py36-constraints.txt
swift,openstack/swift,releasenotes/notes/2_17_1_release-dd6e6879cbb94f85.yaml,10,"Other(""Fixed a bug in how Swift uses eventlet that was ex"")",Fixed a bug in how Swift uses eventlet that was exposed under high,https://opendev.org/openstack/swift/src/branch/master/releasenotes/notes/2_17_1_release-dd6e6879cbb94f85.yaml
swift,openstack/swift,releasenotes/notes/2_19_1_release-5072dd72557f5708.yaml,15,"Other(""Fixed a bug in how Swift uses eventlet that was ex"")",Fixed a bug in how Swift uses eventlet that was exposed under high,https://opendev.org/openstack/swift/src/branch/master/releasenotes/notes/2_19_1_release-5072dd72557f5708.yaml
swift,openstack/swift,releasenotes/notes/2_22_0_release-f60d29508b3c1283.yaml,5,"Other(""Note that this requires ``eventlet>=0.25.0``. All "")","Note that this requires ``eventlet>=0.25.0``. All unit tests pass,",https://opendev.org/openstack/swift/src/branch/master/releasenotes/notes/2_22_0_release-f60d29508b3c1283.yaml
swift,openstack/swift,releasenotes/notes/2_22_0_release-f60d29508b3c1283.yaml,37,"Other(""If running Swift under Python 3, ``eventlet`` must"")","If running Swift under Python 3, ``eventlet`` must be at least 0.25.0.",https://opendev.org/openstack/swift/src/branch/master/releasenotes/notes/2_22_0_release-f60d29508b3c1283.yaml
swift,openstack/swift,releasenotes/notes/2_23_0_release-2a2d11c1934f0b61.yaml,20,"Other(""**Dependency update**: ``eventlet`` must be at lea"")",**Dependency update**: ``eventlet`` must be at least 0.25.0. This also,https://opendev.org/openstack/swift/src/branch/master/releasenotes/notes/2_23_0_release-2a2d11c1934f0b61.yaml
swift,openstack/swift,releasenotes/notes/2_25_0_release-09410c808881bf21.yaml,21,"Other(""memory copies, and eventlet scheduling."")","memory copies, and eventlet scheduling.",https://opendev.org/openstack/swift/src/branch/master/releasenotes/notes/2_25_0_release-09410c808881bf21.yaml
swift,openstack/swift,releasenotes/notes/2_27_0_release-a9ae967d6d271342.yaml,215,"Other(""Turned off thread-logging when monkey-patching wit"")",Turned off thread-logging when monkey-patching with eventlet. This,https://opendev.org/openstack/swift/src/branch/master/releasenotes/notes/2_27_0_release-a9ae967d6d271342.yaml
swift,openstack/swift,releasenotes/notes/2_28_0_release-f2515e07fb61cd01.yaml,129,"Other(""* The relinker now performs eventlet-hub selection"")",* The relinker now performs eventlet-hub selection the same way as,https://opendev.org/openstack/swift/src/branch/master/releasenotes/notes/2_28_0_release-f2515e07fb61cd01.yaml
swift,openstack/swift,releasenotes/notes/2_32_0_release-39c8fb77a0a3e72d.yaml,13,"Other(""``client_timeout`` option. Note that this requires"")",``client_timeout`` option. Note that this requires eventlet 0.33.4,https://opendev.org/openstack/swift/src/branch/master/releasenotes/notes/2_32_0_release-39c8fb77a0a3e72d.yaml
swift,openstack/swift,releasenotes/notes/3_33_0_release-d208917f5012cedd.yaml,47,"Other(""Added support for recent versions of eventlet."")",Added support for recent versions of eventlet.,https://opendev.org/openstack/swift/src/branch/master/releasenotes/notes/3_33_0_release-d208917f5012cedd.yaml
swift,openstack/swift,releasenotes/source/locale/en_GB/LC_MESSAGES/releasenotes.po,23,"Other(""\""**Dependency update**: ``eventlet`` must be at le"")","""**Dependency update**: ``eventlet`` must be at least 0.25.0. This also """,https://opendev.org/openstack/swift/src/branch/master/releasenotes/source/locale/en_GB/LC_MESSAGES/releasenotes.po
swift,openstack/swift,releasenotes/source/locale/en_GB/LC_MESSAGES/releasenotes.po,27,"Other(""\""**Dependency update**: ``eventlet`` must be at le"")","""**Dependency update**: ``eventlet`` must be at least 0.25.0. This also """,https://opendev.org/openstack/swift/src/branch/master/releasenotes/source/locale/en_GB/LC_MESSAGES/releasenotes.po
swift,openstack/swift,releasenotes/source/locale/en_GB/LC_MESSAGES/releasenotes.po,596,"Other(""\""``client_timeout`` option. Note that this require"")","""``client_timeout`` option. Note that this requires eventlet 0.33.4 """,https://opendev.org/openstack/swift/src/branch/master/releasenotes/source/locale/en_GB/LC_MESSAGES/releasenotes.po
swift,openstack/swift,releasenotes/source/locale/en_GB/LC_MESSAGES/releasenotes.po,601,"Other(""\""``client_timeout`` option. Note that this require"")","""``client_timeout`` option. Note that this requires eventlet 0.33.4 """,https://opendev.org/openstack/swift/src/branch/master/releasenotes/source/locale/en_GB/LC_MESSAGES/releasenotes.po
swift,openstack/swift,releasenotes/source/locale/en_GB/LC_MESSAGES/releasenotes.po,944,"Other(""msgid \""Added support for recent versions of eventl"")","msgid ""Added support for recent versions of eventlet.""",https://opendev.org/openstack/swift/src/branch/master/releasenotes/source/locale/en_GB/LC_MESSAGES/releasenotes.po
swift,openstack/swift,releasenotes/source/locale/en_GB/LC_MESSAGES/releasenotes.po,945,"Other(""msgstr \""Added support for recent versions of event"")","msgstr ""Added support for recent versions of eventlet.""",https://opendev.org/openstack/swift/src/branch/master/releasenotes/source/locale/en_GB/LC_MESSAGES/releasenotes.po
swift,openstack/swift,releasenotes/source/locale/en_GB/LC_MESSAGES/releasenotes.po,1400,"Other(""\""requires ``eventlet>=0.25.0``. All unit tests pas"")","""requires ``eventlet>=0.25.0``. All unit tests pass, and running functional """,https://opendev.org/openstack/swift/src/branch/master/releasenotes/source/locale/en_GB/LC_MESSAGES/releasenotes.po
swift,openstack/swift,releasenotes/source/locale/en_GB/LC_MESSAGES/releasenotes.po,1405,"Other(""\""requires ``eventlet>=0.25.0``. All unit tests pas"")","""requires ``eventlet>=0.25.0``. All unit tests pass, and running functional """,https://opendev.org/openstack/swift/src/branch/master/releasenotes/source/locale/en_GB/LC_MESSAGES/releasenotes.po
swift,openstack/swift,releasenotes/source/locale/en_GB/LC_MESSAGES/releasenotes.po,1465,"Other(""\""Fixed a bug in how Swift uses eventlet that was e"")","""Fixed a bug in how Swift uses eventlet that was exposed under high """,https://opendev.org/openstack/swift/src/branch/master/releasenotes/source/locale/en_GB/LC_MESSAGES/releasenotes.po
swift,openstack/swift,releasenotes/source/locale/en_GB/LC_MESSAGES/releasenotes.po,1468,"Other(""\""Fixed a bug in how Swift uses eventlet that was e"")","""Fixed a bug in how Swift uses eventlet that was exposed under high """,https://opendev.org/openstack/swift/src/branch/master/releasenotes/source/locale/en_GB/LC_MESSAGES/releasenotes.po
swift,openstack/swift,releasenotes/source/locale/en_GB/LC_MESSAGES/releasenotes.po,1861,"Other(""msgid \""If running Swift under Python 3, ``eventlet"")","msgid ""If running Swift under Python 3, ``eventlet`` must be at least 0.25.0.""",https://opendev.org/openstack/swift/src/branch/master/releasenotes/source/locale/en_GB/LC_MESSAGES/releasenotes.po
swift,openstack/swift,releasenotes/source/locale/en_GB/LC_MESSAGES/releasenotes.po,1862,"Other(""msgstr \""If running Swift under Python 3, ``eventle"")","msgstr ""If running Swift under Python 3, ``eventlet`` must be at least 0.25.0.""",https://opendev.org/openstack/swift/src/branch/master/releasenotes/source/locale/en_GB/LC_MESSAGES/releasenotes.po
swift,openstack/swift,releasenotes/source/locale/en_GB/LC_MESSAGES/releasenotes.po,2014,"Other(""\""copies, and eventlet scheduling.\"""")","""copies, and eventlet scheduling.""",https://opendev.org/openstack/swift/src/branch/master/releasenotes/source/locale/en_GB/LC_MESSAGES/releasenotes.po
swift,openstack/swift,releasenotes/source/locale/en_GB/LC_MESSAGES/releasenotes.po,2017,"Other(""\""copies, and eventlet scheduling.\"""")","""copies, and eventlet scheduling.""",https://opendev.org/openstack/swift/src/branch/master/releasenotes/source/locale/en_GB/LC_MESSAGES/releasenotes.po
swift,openstack/swift,releasenotes/source/locale/en_GB/LC_MESSAGES/releasenotes.po,3760,"Other(""\""The relinker now performs eventlet-hub selection "")","""The relinker now performs eventlet-hub selection the same way as other """,https://opendev.org/openstack/swift/src/branch/master/releasenotes/source/locale/en_GB/LC_MESSAGES/releasenotes.po
swift,openstack/swift,releasenotes/source/locale/en_GB/LC_MESSAGES/releasenotes.po,3764,"Other(""\""The relinker now performs eventlet-hub selection "")","""The relinker now performs eventlet-hub selection the same way as other """,https://opendev.org/openstack/swift/src/branch/master/releasenotes/source/locale/en_GB/LC_MESSAGES/releasenotes.po
swift,openstack/swift,releasenotes/source/locale/en_GB/LC_MESSAGES/releasenotes.po,3906,"Other(""\""Turned off thread-logging when monkey-patching wi"")","""Turned off thread-logging when monkey-patching with eventlet. This addresses """,https://opendev.org/openstack/swift/src/branch/master/releasenotes/source/locale/en_GB/LC_MESSAGES/releasenotes.po
swift,openstack/swift,releasenotes/source/locale/en_GB/LC_MESSAGES/releasenotes.po,3909,"Other(""\""Turned off thread-logging when monkey-patching wi"")","""Turned off thread-logging when monkey-patching with eventlet. This addresses """,https://opendev.org/openstack/swift/src/branch/master/releasenotes/source/locale/en_GB/LC_MESSAGES/releasenotes.po
swift,openstack/swift,requirements.txt,5,"Other(""eventlet>=0.25.0,!=0.34.3               # MIT"")","eventlet>=0.25.0,!=0.34.3               # MIT",https://opendev.org/openstack/swift/src/branch/master/requirements.txt
swift,openstack/swift,swift/account/reaper.py,24,Import,"from eventlet import GreenPool, sleep, Timeout",https://opendev.org/openstack/swift/src/branch/master/swift/account/reaper.py
swift,openstack/swift,swift/account/server.py,22,Import,from eventlet import Timeout,https://opendev.org/openstack/swift/src/branch/master/swift/account/server.py
swift,openstack/swift,swift/cli/account_audit.py,25,Import,from eventlet.greenpool import GreenPool,https://opendev.org/openstack/swift/src/branch/master/swift/cli/account_audit.py
swift,openstack/swift,swift/cli/account_audit.py,26,Import,from eventlet.event import Event,https://opendev.org/openstack/swift/src/branch/master/swift/cli/account_audit.py
swift,openstack/swift,swift/cli/dispersion_populate.py,24,Import,"from eventlet import GreenPool, patcher, sleep",https://opendev.org/openstack/swift/src/branch/master/swift/cli/dispersion_populate.py
swift,openstack/swift,swift/cli/dispersion_populate.py,25,Import,from eventlet.pools import Pool,https://opendev.org/openstack/swift/src/branch/master/swift/cli/dispersion_populate.py
swift,openstack/swift,swift/cli/dispersion_report.py,25,Import,"from eventlet import GreenPool, hubs, patcher, Timeout",https://opendev.org/openstack/swift/src/branch/master/swift/cli/dispersion_report.py
swift,openstack/swift,swift/cli/dispersion_report.py,26,Import,from eventlet.pools import Pool,https://opendev.org/openstack/swift/src/branch/master/swift/cli/dispersion_report.py
swift,openstack/swift,swift/cli/recon.py,20,Import,from eventlet.green import socket,https://opendev.org/openstack/swift/src/branch/master/swift/cli/recon.py
swift,openstack/swift,swift/cli/recon.py,28,Import,import eventlet,https://opendev.org/openstack/swift/src/branch/master/swift/cli/recon.py
swift,openstack/swift,swift/cli/recon.py,37,Import,from eventlet.green.urllib import request as urllib2,https://opendev.org/openstack/swift/src/branch/master/swift/cli/recon.py
swift,openstack/swift,swift/cli/recon.py,39,Import,from eventlet.green import urllib2,https://opendev.org/openstack/swift/src/branch/master/swift/cli/recon.py
swift,openstack/swift,swift/cli/recon.py,161,Pool,self.pool = eventlet.GreenPool(self.pool_size),https://opendev.org/openstack/swift/src/branch/master/swift/cli/recon.py
swift,openstack/swift,swift/cli/recon_cron.py,18,Import,from eventlet import Timeout,https://opendev.org/openstack/swift/src/branch/master/swift/cli/recon_cron.py
swift,openstack/swift,swift/cli/reconciler_enqueue.py,17,Import,import eventlet.debug,https://opendev.org/openstack/swift/src/branch/master/swift/cli/reconciler_enqueue.py
swift,openstack/swift,swift/cli/reconciler_enqueue.py,51,"Other(""eventlet.debug"")",eventlet.debug.hub_exceptions(True),https://opendev.org/openstack/swift/src/branch/master/swift/cli/reconciler_enqueue.py
swift,openstack/swift,swift/cli/relinker.py,27,Import,from eventlet import hubs,https://opendev.org/openstack/swift/src/branch/master/swift/cli/relinker.py
swift,openstack/swift,swift/common/bufferedhttp.py,34,Import,import eventlet,https://opendev.org/openstack/swift/src/branch/master/swift/common/bufferedhttp.py
swift,openstack/swift,swift/common/bufferedhttp.py,35,Import,"from eventlet.green.httplib import CONTINUE, HTTPConnection, HTTPMessage, \",https://opendev.org/openstack/swift/src/branch/master/swift/common/bufferedhttp.py
swift,openstack/swift,swift/common/bufferedhttp.py,41,"Other(""eventlet.import_patched"")",httplib = eventlet.import_patched('httplib'),https://opendev.org/openstack/swift/src/branch/master/swift/common/bufferedhttp.py
swift,openstack/swift,swift/common/bufferedhttp.py,42,Import,from eventlet.green import httplib as green_httplib,https://opendev.org/openstack/swift/src/branch/master/swift/common/bufferedhttp.py
swift,openstack/swift,swift/common/bufferedhttp.py,44,"Other(""eventlet.import_patched"")",httplib = eventlet.import_patched('http.client'),https://opendev.org/openstack/swift/src/branch/master/swift/common/bufferedhttp.py
swift,openstack/swift,swift/common/bufferedhttp.py,45,Import,from eventlet.green.http import client as green_httplib,https://opendev.org/openstack/swift/src/branch/master/swift/common/bufferedhttp.py
swift,openstack/swift,swift/common/daemon.py,23,Import,import eventlet,https://opendev.org/openstack/swift/src/branch/master/swift/common/daemon.py
swift,openstack/swift,swift/common/daemon.py,24,Import,import eventlet.debug,https://opendev.org/openstack/swift/src/branch/master/swift/common/daemon.py
swift,openstack/swift,swift/common/daemon.py,296,"Other(""eventlet.hubs"")",eventlet.hubs.use_hub(utils.get_hub()),https://opendev.org/openstack/swift/src/branch/master/swift/common/daemon.py
swift,openstack/swift,swift/common/daemon.py,320,"Other(""eventlet_debug = utils.config_true_value(conf.get("")","eventlet_debug = utils.config_true_value(conf.get('eventlet_debug', 'no'))",https://opendev.org/openstack/swift/src/branch/master/swift/common/daemon.py
swift,openstack/swift,swift/common/daemon.py,321,"Other(""eventlet.debug"")",eventlet.debug.hub_exceptions(eventlet_debug),https://opendev.org/openstack/swift/src/branch/master/swift/common/daemon.py
swift,openstack/swift,swift/common/db.py,31,Import,"from eventlet import sleep, Timeout",https://opendev.org/openstack/swift/src/branch/master/swift/common/db.py
swift,openstack/swift,swift/common/db.py,131,"Other(""\""\""\""SQLite DB Connection handler that plays well wi"")","""""""SQLite DB Connection handler that plays well with eventlet.""""""",https://opendev.org/openstack/swift/src/branch/master/swift/common/db.py
swift,openstack/swift,swift/common/db.py,163,"Other(""\""\""\""SQLite Cursor handler that plays well with even"")","""""""SQLite Cursor handler that plays well with eventlet.""""""",https://opendev.org/openstack/swift/src/branch/master/swift/common/db.py
swift,openstack/swift,swift/common/db_auditor.py,20,Import,from eventlet import Timeout,https://opendev.org/openstack/swift/src/branch/master/swift/common/db_auditor.py
swift,openstack/swift,swift/common/db_replicator.py,27,Import,"from eventlet import GreenPool, sleep, Timeout",https://opendev.org/openstack/swift/src/branch/master/swift/common/db_replicator.py
swift,openstack/swift,swift/common/db_replicator.py,28,Import,from eventlet.green import subprocess,https://opendev.org/openstack/swift/src/branch/master/swift/common/db_replicator.py
swift,openstack/swift,swift/common/direct_client.py,25,Import,"from eventlet import sleep, Timeout",https://opendev.org/openstack/swift/src/branch/master/swift/common/direct_client.py
swift,openstack/swift,swift/common/direct_client.py,102,"Other(""eventlet.Timeout"")",:raises eventlet.Timeout: if either conn_timeout or response_timeout is,https://opendev.org/openstack/swift/src/branch/master/swift/common/direct_client.py
swift,openstack/swift,swift/common/exceptions.py,16,Import,from eventlet import Timeout,https://opendev.org/openstack/swift/src/branch/master/swift/common/exceptions.py
swift,openstack/swift,swift/common/http_protocol.py,16,Import,"from eventlet import wsgi, websocket",https://opendev.org/openstack/swift/src/branch/master/swift/common/http_protocol.py
swift,openstack/swift,swift/common/http_protocol.py,24,Import,from eventlet.green import httplib as http_client,https://opendev.org/openstack/swift/src/branch/master/swift/common/http_protocol.py
swift,openstack/swift,swift/common/http_protocol.py,27,Import,from eventlet.green.http import client as http_client,https://opendev.org/openstack/swift/src/branch/master/swift/common/http_protocol.py
swift,openstack/swift,swift/common/http_protocol.py,37,"Other(""self.pre_shutdown_bugfix_eventlet = not getattr("")",self.pre_shutdown_bugfix_eventlet = not getattr(,https://opendev.org/openstack/swift/src/branch/master/swift/common/http_protocol.py
swift,openstack/swift,swift/common/http_protocol.py,237,"Other(""if self.pre_shutdown_bugfix_eventlet:"")",if self.pre_shutdown_bugfix_eventlet:,https://opendev.org/openstack/swift/src/branch/master/swift/common/http_protocol.py
swift,openstack/swift,swift/common/http_protocol.py,245,"Other(""if self.pre_shutdown_bugfix_eventlet:"")",if self.pre_shutdown_bugfix_eventlet:,https://opendev.org/openstack/swift/src/branch/master/swift/common/http_protocol.py
swift,openstack/swift,swift/common/internal_client.py,16,Import,"from eventlet import sleep, Timeout, spawn",https://opendev.org/openstack/swift/src/branch/master/swift/common/internal_client.py
swift,openstack/swift,swift/common/internal_client.py,17,Import,"from eventlet.green import httplib, socket",https://opendev.org/openstack/swift/src/branch/master/swift/common/internal_client.py
swift,openstack/swift,swift/common/internal_client.py,38,Import,from eventlet.green.urllib import request as urllib2,https://opendev.org/openstack/swift/src/branch/master/swift/common/internal_client.py
swift,openstack/swift,swift/common/internal_client.py,40,Import,from eventlet.green import urllib2,https://opendev.org/openstack/swift/src/branch/master/swift/common/internal_client.py
swift,openstack/swift,swift/common/memcached.py,39,"Other(""sockets in order to play nice with eventlet."")",sockets in order to play nice with eventlet.,https://opendev.org/openstack/swift/src/branch/master/swift/common/memcached.py
swift,openstack/swift,swift/common/memcached.py,56,Import,"from eventlet.green import socket, ssl",https://opendev.org/openstack/swift/src/branch/master/swift/common/memcached.py
swift,openstack/swift,swift/common/memcached.py,57,Import,from eventlet.pools import Pool,https://opendev.org/openstack/swift/src/branch/master/swift/common/memcached.py
swift,openstack/swift,swift/common/memcached.py,58,Import,from eventlet import Timeout,https://opendev.org/openstack/swift/src/branch/master/swift/common/memcached.py
swift,openstack/swift,swift/common/middleware/bulk.py,202,Import,from eventlet import sleep,https://opendev.org/openstack/swift/src/branch/master/swift/common/middleware/bulk.py
swift,openstack/swift,swift/common/middleware/bulk.py,417,"Other(""eventlet.minimum_write_chunk_size"")",req.environ['eventlet.minimum_write_chunk_size'] = 0,https://opendev.org/openstack/swift/src/branch/master/swift/common/middleware/bulk.py
swift,openstack/swift,swift/common/middleware/bulk.py,551,"Other(""eventlet.minimum_write_chunk_size"")",req.environ['eventlet.minimum_write_chunk_size'] = 0,https://opendev.org/openstack/swift/src/branch/master/swift/common/middleware/bulk.py
swift,openstack/swift,swift/common/middleware/ratelimit.py,17,Import,import eventlet,https://opendev.org/openstack/swift/src/branch/master/swift/common/middleware/ratelimit.py
swift,openstack/swift,swift/common/middleware/ratelimit.py,265,Sleep,eventlet.sleep(self.BLACK_LIST_SLEEP),https://opendev.org/openstack/swift/src/branch/master/swift/common/middleware/ratelimit.py
swift,openstack/swift,swift/common/middleware/ratelimit.py,283,Sleep,eventlet.sleep(need_to_sleep),https://opendev.org/openstack/swift/src/branch/master/swift/common/middleware/ratelimit.py
swift,openstack/swift,swift/common/middleware/s3api/s3request.py,413,"Other(""if 'headers_raw' in self.environ:  # eventlet >= 0"")",if 'headers_raw' in self.environ:  # eventlet >= 0.19.0,https://opendev.org/openstack/swift/src/branch/master/swift/common/middleware/s3api/s3request.py
swift,openstack/swift,swift/common/middleware/s3api/s3request.py,1061,"Other(""if 'headers_raw' in self.environ:  # eventlet >= 0"")",if 'headers_raw' in self.environ:  # eventlet >= 0.19.0,https://opendev.org/openstack/swift/src/branch/master/swift/common/middleware/s3api/s3request.py
swift,openstack/swift,swift/common/middleware/s3api/s3request.py,1204,"Other(""if 'headers_raw' in env:  # eventlet >= 0.19.0"")",if 'headers_raw' in env:  # eventlet >= 0.19.0,https://opendev.org/openstack/swift/src/branch/master/swift/common/middleware/s3api/s3request.py
swift,openstack/swift,swift/common/middleware/slo.py,1497,"Other(""eventlet.minimum_write_chunk_size"")",req.environ['eventlet.minimum_write_chunk_size'] = 0,https://opendev.org/openstack/swift/src/branch/master/swift/common/middleware/slo.py
swift,openstack/swift,swift/common/middleware/tempauth.py,184,Import,from eventlet import Timeout,https://opendev.org/openstack/swift/src/branch/master/swift/common/middleware/tempauth.py
swift,openstack/swift,swift/common/middleware/xprofile.py,19,"Other(""The current implementation is based on eventlet aw"")",The current implementation is based on eventlet aware profiler.(For the,https://opendev.org/openstack/swift/src/branch/master/swift/common/middleware/xprofile.py
swift,openstack/swift,swift/common/middleware/xprofile.py,81,Import,"from eventlet import greenthread, GreenPool, patcher",https://opendev.org/openstack/swift/src/branch/master/swift/common/middleware/xprofile.py
swift,openstack/swift,swift/common/middleware/xprofile.py,82,Import,import eventlet.green.profile as eprofile,https://opendev.org/openstack/swift/src/branch/master/swift/common/middleware/xprofile.py
swift,openstack/swift,swift/common/middleware/xprofile.py,167,"Other(""eventlet.green"")",'eventlet.green.profile'),https://opendev.org/openstack/swift/src/branch/master/swift/common/middleware/xprofile.py
swift,openstack/swift,swift/common/middleware/xprofile.py,244,"Other(""eventlet.green"")",if profile_module == 'eventlet.green.profile':,https://opendev.org/openstack/swift/src/branch/master/swift/common/middleware/xprofile.py
swift,openstack/swift,swift/common/statsd_client.py,23,Import,from eventlet.green import socket,https://opendev.org/openstack/swift/src/branch/master/swift/common/statsd_client.py
swift,openstack/swift,swift/common/swob.py,129,Wsgi,eventlet.wsgi.Input to the BytesIO class which would otherwise be a fine,https://opendev.org/openstack/swift/src/branch/master/swift/common/swob.py
swift,openstack/swift,swift/common/utils/__init__.py,51,Import,import eventlet,https://opendev.org/openstack/swift/src/branch/master/swift/common/utils/__init__.py
swift,openstack/swift,swift/common/utils/__init__.py,52,Import,import eventlet.debug,https://opendev.org/openstack/swift/src/branch/master/swift/common/utils/__init__.py
swift,openstack/swift,swift/common/utils/__init__.py,53,Import,import eventlet.greenthread,https://opendev.org/openstack/swift/src/branch/master/swift/common/utils/__init__.py
swift,openstack/swift,swift/common/utils/__init__.py,54,Import,import eventlet.patcher,https://opendev.org/openstack/swift/src/branch/master/swift/common/utils/__init__.py
swift,openstack/swift,swift/common/utils/__init__.py,55,Import,import eventlet.semaphore,https://opendev.org/openstack/swift/src/branch/master/swift/common/utils/__init__.py
swift,openstack/swift,swift/common/utils/__init__.py,62,Import,"from eventlet import GreenPool, sleep, Timeout",https://opendev.org/openstack/swift/src/branch/master/swift/common/utils/__init__.py
swift,openstack/swift,swift/common/utils/__init__.py,63,Import,from eventlet.event import Event,https://opendev.org/openstack/swift/src/branch/master/swift/common/utils/__init__.py
swift,openstack/swift,swift/common/utils/__init__.py,64,Import,from eventlet.green import socket,https://opendev.org/openstack/swift/src/branch/master/swift/common/utils/__init__.py
swift,openstack/swift,swift/common/utils/__init__.py,65,Import,import eventlet.hubs,https://opendev.org/openstack/swift/src/branch/master/swift/common/utils/__init__.py
swift,openstack/swift,swift/common/utils/__init__.py,66,Import,import eventlet.queue,https://opendev.org/openstack/swift/src/branch/master/swift/common/utils/__init__.py
swift,openstack/swift,swift/common/utils/__init__.py,310,"Other(""def eventlet_monkey_patch():"")",def eventlet_monkey_patch():,https://opendev.org/openstack/swift/src/branch/master/swift/common/utils/__init__.py
swift,openstack/swift,swift/common/utils/__init__.py,318,"Other(""eventlet.patcher"")","eventlet.patcher.monkey_patch(all=False, socket=True, select=True,",https://opendev.org/openstack/swift/src/branch/master/swift/common/utils/__init__.py
swift,openstack/swift,swift/common/utils/__init__.py,326,"Other(""eventlet_monkey_patch()"")",eventlet_monkey_patch(),https://opendev.org/openstack/swift/src/branch/master/swift/common/utils/__init__.py
swift,openstack/swift,swift/common/utils/__init__.py,846,"Other(""eventlet.semaphore"")",self.semaphore = eventlet.semaphore.Semaphore(value=1),https://opendev.org/openstack/swift/src/branch/master/swift/common/utils/__init__.py
swift,openstack/swift,swift/common/utils/__init__.py,922,"Other(""was re-used, eventlet would freak right out becaus"")","was re-used, eventlet would freak right out because it still",https://opendev.org/openstack/swift/src/branch/master/swift/common/utils/__init__.py
swift,openstack/swift,swift/common/utils/__init__.py,938,"Other(""right things, but eventlet doesn't do those things"")","right things, but eventlet doesn't do those things. Really, it can't",https://opendev.org/openstack/swift/src/branch/master/swift/common/utils/__init__.py
swift,openstack/swift,swift/common/utils/__init__.py,944,"Other(""As eventlet monkey patching is now done before cal"")",As eventlet monkey patching is now done before call get_hub() in wsgi.py,https://opendev.org/openstack/swift/src/branch/master/swift/common/utils/__init__.py
swift,openstack/swift,swift/common/utils/__init__.py,945,"Other(""if we use 'import select' we get the eventlet vers"")","if we use 'import select' we get the eventlet version, but since version",https://opendev.org/openstack/swift/src/branch/master/swift/common/utils/__init__.py
swift,openstack/swift,swift/common/utils/__init__.py,946,"Other(""0.20.0 eventlet removed select.poll() function in "")",0.20.0 eventlet removed select.poll() function in patched select (see:,https://opendev.org/openstack/swift/src/branch/master/swift/common/utils/__init__.py
swift,openstack/swift,swift/common/utils/__init__.py,947,"Other(""eventlet.net"")",http://eventlet.net/doc/changelog.html and,https://opendev.org/openstack/swift/src/branch/master/swift/common/utils/__init__.py
swift,openstack/swift,swift/common/utils/__init__.py,948,"Other(""https://github.com/eventlet/eventlet/commit/614a20"")",https://github.com/eventlet/eventlet/commit/614a20462).,https://opendev.org/openstack/swift/src/branch/master/swift/common/utils/__init__.py
swift,openstack/swift,swift/common/utils/__init__.py,950,"Other(""eventlet.patcher"")",We use eventlet.patcher.original function to get python select module,https://opendev.org/openstack/swift/src/branch/master/swift/common/utils/__init__.py
swift,openstack/swift,swift/common/utils/__init__.py,954,"Other(""eventlet.patcher"")",select = eventlet.patcher.original('select'),https://opendev.org/openstack/swift/src/branch/master/swift/common/utils/__init__.py
swift,openstack/swift,swift/common/utils/__init__.py,1737,Sleep,eventlet.sleep(seconds),https://opendev.org/openstack/swift/src/branch/master/swift/common/utils/__init__.py
swift,openstack/swift,swift/common/utils/__init__.py,1742,Sleep,Will eventlet.sleep() for the appropriate time so that the max_rate,https://opendev.org/openstack/swift/src/branch/master/swift/common/utils/__init__.py
swift,openstack/swift,swift/common/utils/__init__.py,1745,Sleep,as eventlet.sleep() does involve some overhead.  Returns running_time,https://opendev.org/openstack/swift/src/branch/master/swift/common/utils/__init__.py
swift,openstack/swift,swift/common/utils/__init__.py,1800,"Other(""eventlet.GreenPile"")","This is very similar in principle to eventlet.GreenPile, except it returns",https://opendev.org/openstack/swift/src/branch/master/swift/common/utils/__init__.py
swift,openstack/swift,swift/common/utils/__init__.py,1817,"Other(""eventlet.queue"")",self._responses = eventlet.queue.LightQueue(size),https://opendev.org/openstack/swift/src/branch/master/swift/common/utils/__init__.py
swift,openstack/swift,swift/common/utils/__init__.py,1825,"Other(""eventlet.hubs"")",if eventlet.hubs.get_hub().debug_exceptions:,https://opendev.org/openstack/swift/src/branch/master/swift/common/utils/__init__.py
swift,openstack/swift,swift/common/utils/__init__.py,1881,"Other(""eventlet.queue"")",except eventlet.queue.Empty:,https://opendev.org/openstack/swift/src/branch/master/swift/common/utils/__init__.py
swift,openstack/swift,swift/common/utils/__init__.py,4817,"Other(""eventlet.timeouts"")","Compared to eventlet.timeouts.Timeout, it reduces the number of context",https://opendev.org/openstack/swift/src/branch/master/swift/common/utils/__init__.py
swift,openstack/swift,swift/common/utils/__init__.py,4818,"Other(""switching in eventlet by avoiding to schedule acti"")","switching in eventlet by avoiding to schedule actions (throw an Exception),",https://opendev.org/openstack/swift/src/branch/master/swift/common/utils/__init__.py
swift,openstack/swift,swift/common/utils/__init__.py,4847,Import,from eventlet.Timeout,https://opendev.org/openstack/swift/src/branch/master/swift/common/utils/__init__.py
swift,openstack/swift,swift/common/utils/__init__.py,4854,"Other(""eventlet.greenthread"")",gth = eventlet.greenthread.getcurrent(),https://opendev.org/openstack/swift/src/branch/master/swift/common/utils/__init__.py
swift,openstack/swift,swift/common/utils/__init__.py,4887,Spawn,self._run_gth = eventlet.spawn(self.run),https://opendev.org/openstack/swift/src/branch/master/swift/common/utils/__init__.py
swift,openstack/swift,swift/common/utils/__init__.py,4914,"Other(""eventlet.hubs"")","eventlet.hubs.get_hub().schedule_call_global(0, gth.throw, e)",https://opendev.org/openstack/swift/src/branch/master/swift/common/utils/__init__.py
swift,openstack/swift,swift/common/utils/__init__.py,4938,Import,from eventlet.timeouts.Timeout,https://opendev.org/openstack/swift/src/branch/master/swift/common/utils/__init__.py
swift,openstack/swift,swift/common/utils/__init__.py,4958,"Other(""eventlet will not switch greenthreads on its own. "")",eventlet will not switch greenthreads on its own. We do it manually so that,https://opendev.org/openstack/swift/src/branch/master/swift/common/utils/__init__.py
swift,openstack/swift,swift/common/utils/logs.py,31,Import,import eventlet,https://opendev.org/openstack/swift/src/branch/master/swift/common/utils/logs.py
swift,openstack/swift,swift/common/utils/logs.py,48,Import,from eventlet.green import httplib as green_http_client,https://opendev.org/openstack/swift/src/branch/master/swift/common/utils/logs.py
swift,openstack/swift,swift/common/utils/logs.py,50,Import,from eventlet.green.http import client as green_http_client,https://opendev.org/openstack/swift/src/branch/master/swift/common/utils/logs.py
swift,openstack/swift,swift/common/utils/logs.py,52,Import,from eventlet.green import threading,https://opendev.org/openstack/swift/src/branch/master/swift/common/utils/logs.py
swift,openstack/swift,swift/common/utils/logs.py,108,"Other(""eventlet.debug"")",eventlet.debug.hub_prevent_multiple_readers(False),https://opendev.org/openstack/swift/src/branch/master/swift/common/utils/logs.py
swift,openstack/swift,swift/common/utils/logs.py,122,"Other(""eventlet.greenthread"")",current_greenthread_id = id(eventlet.greenthread.getcurrent()),https://opendev.org/openstack/swift/src/branch/master/swift/common/utils/logs.py
swift,openstack/swift,swift/common/utils/logs.py,145,"Other(""eventlet.hubs"")","eventlet.hubs.trampoline(self.rfd, read=True)",https://opendev.org/openstack/swift/src/branch/master/swift/common/utils/logs.py
swift,openstack/swift,swift/common/utils/logs.py,151,"Other(""eventlet.greenthread"")",current_greenthread_id = id(eventlet.greenthread.getcurrent()),https://opendev.org/openstack/swift/src/branch/master/swift/common/utils/logs.py
swift,openstack/swift,swift/common/utils/logs.py,221,"Other(""eventlet.debug"")",eventlet.debug.hub_prevent_multiple_readers(False),https://opendev.org/openstack/swift/src/branch/master/swift/common/utils/logs.py
swift,openstack/swift,swift/common/utils/logs.py,368,"Other(""eventlet.Timeout"")","elif isinstance(exc, eventlet.Timeout):",https://opendev.org/openstack/swift/src/branch/master/swift/common/utils/logs.py
swift,openstack/swift,swift/common/utils/logs.py,772,"Other(""\""\""\""A no-op logger for eventlet wsgi.\""\""\"""")","""""""A no-op logger for eventlet wsgi.""""""",https://opendev.org/openstack/swift/src/branch/master/swift/common/utils/logs.py
swift,openstack/swift,swift/common/wsgi.py,29,Import,import eventlet,https://opendev.org/openstack/swift/src/branch/master/swift/common/wsgi.py
swift,openstack/swift,swift/common/wsgi.py,30,Import,import eventlet.debug,https://opendev.org/openstack/swift/src/branch/master/swift/common/wsgi.py
swift,openstack/swift,swift/common/wsgi.py,31,Import,"from eventlet import greenio, GreenPool, sleep, wsgi, listen, Timeout",https://opendev.org/openstack/swift/src/branch/master/swift/common/wsgi.py
swift,openstack/swift,swift/common/wsgi.py,33,Import,"from eventlet.green import socket, ssl, os as green_os",https://opendev.org/openstack/swift/src/branch/master/swift/common/wsgi.py
swift,openstack/swift,swift/common/wsgi.py,420,"Other(""eventlet.hubs"")",eventlet.hubs.use_hub(get_hub()),https://opendev.org/openstack/swift/src/branch/master/swift/common/wsgi.py
swift,openstack/swift,swift/common/wsgi.py,421,"Other(""eventlet_debug = config_true_value(conf.get('event"")","eventlet_debug = config_true_value(conf.get('eventlet_debug', 'no'))",https://opendev.org/openstack/swift/src/branch/master/swift/common/wsgi.py
swift,openstack/swift,swift/common/wsgi.py,422,"Other(""eventlet.debug"")",eventlet.debug.hub_exceptions(eventlet_debug),https://opendev.org/openstack/swift/src/branch/master/swift/common/wsgi.py
swift,openstack/swift,swift/common/wsgi.py,424,"Other(""if eventlet_debug:"")",if eventlet_debug:,https://opendev.org/openstack/swift/src/branch/master/swift/common/wsgi.py
swift,openstack/swift,swift/container/backend.py,27,Import,from eventlet import tpool,https://opendev.org/openstack/swift/src/branch/master/swift/container/backend.py
swift,openstack/swift,swift/container/reconciler.py,21,Import,"from eventlet import GreenPile, GreenPool, Timeout",https://opendev.org/openstack/swift/src/branch/master/swift/container/reconciler.py
swift,openstack/swift,swift/container/replicator.py,19,Import,from eventlet import Timeout,https://opendev.org/openstack/swift/src/branch/master/swift/container/replicator.py
swift,openstack/swift,swift/container/server.py,22,Import,from eventlet import Timeout,https://opendev.org/openstack/swift/src/branch/master/swift/container/server.py
swift,openstack/swift,swift/container/sharder.py,29,Import,from eventlet import Timeout,https://opendev.org/openstack/swift/src/branch/master/swift/container/sharder.py
swift,openstack/swift,swift/container/sync.py,24,Import,"from eventlet import sleep, Timeout",https://opendev.org/openstack/swift/src/branch/master/swift/container/sync.py
swift,openstack/swift,swift/container/updater.py,25,Import,"from eventlet import spawn, Timeout",https://opendev.org/openstack/swift/src/branch/master/swift/container/updater.py
swift,openstack/swift,swift/container/updater.py,35,"Other(""eventlet_monkey_patch, node_to_string, parse_optio"")","eventlet_monkey_patch, node_to_string, parse_options",https://opendev.org/openstack/swift/src/branch/master/swift/container/updater.py
swift,openstack/swift,swift/container/updater.py,162,"Other(""eventlet_monkey_patch()"")",eventlet_monkey_patch(),https://opendev.org/openstack/swift/src/branch/master/swift/container/updater.py
swift,openstack/swift,swift/container/updater.py,196,"Other(""eventlet_monkey_patch()"")",eventlet_monkey_patch(),https://opendev.org/openstack/swift/src/branch/master/swift/container/updater.py
swift,openstack/swift,swift/obj/auditor.py,25,Import,from eventlet import Timeout,https://opendev.org/openstack/swift/src/branch/master/swift/obj/auditor.py
swift,openstack/swift,swift/obj/diskfile.py,53,Import,"from eventlet import Timeout, tpool",https://opendev.org/openstack/swift/src/branch/master/swift/obj/diskfile.py
swift,openstack/swift,swift/obj/diskfile.py,54,Import,from eventlet.hubs import trampoline,https://opendev.org/openstack/swift/src/branch/master/swift/obj/diskfile.py
swift,openstack/swift,swift/obj/expirer.py,25,Import,"from eventlet import sleep, Timeout",https://opendev.org/openstack/swift/src/branch/master/swift/obj/expirer.py
swift,openstack/swift,swift/obj/expirer.py,26,Import,from eventlet.greenpool import GreenPool,https://opendev.org/openstack/swift/src/branch/master/swift/obj/expirer.py
swift,openstack/swift,swift/obj/mem_diskfile.py,22,Import,from eventlet import Timeout,https://opendev.org/openstack/swift/src/branch/master/swift/obj/mem_diskfile.py
swift,openstack/swift,swift/obj/reconstructor.py,28,Import,"from eventlet import (GreenPile, GreenPool, Timeout, sleep, tpool, spawn)",https://opendev.org/openstack/swift/src/branch/master/swift/obj/reconstructor.py
swift,openstack/swift,swift/obj/reconstructor.py,29,Import,from eventlet.support.greenlets import GreenletExit,https://opendev.org/openstack/swift/src/branch/master/swift/obj/reconstructor.py
swift,openstack/swift,swift/obj/replicator.py,28,Import,import eventlet,https://opendev.org/openstack/swift/src/branch/master/swift/obj/replicator.py
swift,openstack/swift,swift/obj/replicator.py,29,Import,"from eventlet import GreenPool, queue, tpool, Timeout, sleep",https://opendev.org/openstack/swift/src/branch/master/swift/obj/replicator.py
swift,openstack/swift,swift/obj/replicator.py,30,Import,from eventlet.green import subprocess,https://opendev.org/openstack/swift/src/branch/master/swift/obj/replicator.py
swift,openstack/swift,swift/obj/replicator.py,814,Sleep,eventlet.sleep(self.stats_interval),https://opendev.org/openstack/swift/src/branch/master/swift/obj/replicator.py
swift,openstack/swift,swift/obj/replicator.py,963,Spawn,stats = eventlet.spawn(self.heartbeat),https://opendev.org/openstack/swift/src/branch/master/swift/obj/replicator.py
swift,openstack/swift,swift/obj/replicator.py,964,Sleep,eventlet.sleep()  # Give spawns a cycle,https://opendev.org/openstack/swift/src/branch/master/swift/obj/replicator.py
swift,openstack/swift,swift/obj/replicator.py,1093,Spawn,rsync_reaper = eventlet.spawn(self._child_process_reaper),https://opendev.org/openstack/swift/src/branch/master/swift/obj/replicator.py
swift,openstack/swift,swift/obj/replicator.py,1139,"Other(""eventlet.spawn_n"")",eventlet.spawn_n(self._child_process_reaper),https://opendev.org/openstack/swift/src/branch/master/swift/obj/replicator.py
swift,openstack/swift,swift/obj/server.py,29,Import,"from eventlet import sleep, wsgi, Timeout, tpool",https://opendev.org/openstack/swift/src/branch/master/swift/obj/server.py
swift,openstack/swift,swift/obj/server.py,30,Import,from eventlet.greenthread import spawn,https://opendev.org/openstack/swift/src/branch/master/swift/obj/server.py
swift,openstack/swift,swift/obj/server.py,121,Wsgi,eventlet.wsgi.MINIMUM_CHUNK_SIZE bytes or the app iter is exhausted.,https://opendev.org/openstack/swift/src/branch/master/swift/obj/server.py
swift,openstack/swift,swift/obj/server.py,124,Wsgi,"eventlet.wsgi to force the headers out, so we use an",https://opendev.org/openstack/swift/src/branch/master/swift/obj/server.py
swift,openstack/swift,swift/obj/server.py,254,"Other(""conf.get('eventlet_tpool_num_threads'),"")","conf.get('eventlet_tpool_num_threads'),",https://opendev.org/openstack/swift/src/branch/master/swift/obj/server.py
swift,openstack/swift,swift/obj/ssync_receiver.py,17,Import,import eventlet.greenio,https://opendev.org/openstack/swift/src/branch/master/swift/obj/ssync_receiver.py
swift,openstack/swift,swift/obj/ssync_receiver.py,18,Wsgi,import eventlet.wsgi,https://opendev.org/openstack/swift/src/branch/master/swift/obj/ssync_receiver.py
swift,openstack/swift,swift/obj/ssync_receiver.py,19,Import,from eventlet import sleep,https://opendev.org/openstack/swift/src/branch/master/swift/obj/ssync_receiver.py
swift,openstack/swift,swift/obj/ssync_receiver.py,231,"Other(""eventlet.greenio"")",eventlet.greenio.shutdown_safe(socket),https://opendev.org/openstack/swift/src/branch/master/swift/obj/ssync_receiver.py
swift,openstack/swift,swift/obj/ssync_receiver.py,246,"Other(""eventlet.minimum_write_chunk_size"")",self.request.environ['eventlet.minimum_write_chunk_size'] = 0,https://opendev.org/openstack/swift/src/branch/master/swift/obj/ssync_receiver.py
swift,openstack/swift,swift/obj/ssync_receiver.py,272,Wsgi,"except (eventlet.wsgi.ChunkReadError, IOError) as err:",https://opendev.org/openstack/swift/src/branch/master/swift/obj/ssync_receiver.py
swift,openstack/swift,swift/obj/ssync_sender.py,16,Import,from eventlet import sleep,https://opendev.org/openstack/swift/src/branch/master/swift/obj/ssync_sender.py
swift,openstack/swift,swift/obj/updater.py,27,Import,"from eventlet import spawn, Timeout",https://opendev.org/openstack/swift/src/branch/master/swift/obj/updater.py
swift,openstack/swift,swift/obj/updater.py,35,"Other(""eventlet_monkey_patch, get_redirect_data, ContextP"")","eventlet_monkey_patch, get_redirect_data, ContextPool, hash_path, \",https://opendev.org/openstack/swift/src/branch/master/swift/obj/updater.py
swift,openstack/swift,swift/obj/updater.py,385,"Other(""eventlet_monkey_patch()"")",eventlet_monkey_patch(),https://opendev.org/openstack/swift/src/branch/master/swift/obj/updater.py
swift,openstack/swift,swift/obj/watchers/dark_data.py,59,Import,from eventlet import Timeout,https://opendev.org/openstack/swift/src/branch/master/swift/obj/watchers/dark_data.py
swift,openstack/swift,swift/proxy/controllers/base.py,39,Import,from eventlet.timeout import Timeout,https://opendev.org/openstack/swift/src/branch/master/swift/proxy/controllers/base.py
swift,openstack/swift,swift/proxy/controllers/base.py,1766,"Other(""socket IO and eventlet, and the phase of the moon."")","socket IO and eventlet, and the phase of the moon.)",https://opendev.org/openstack/swift/src/branch/master/swift/proxy/controllers/base.py
swift,openstack/swift,swift/proxy/controllers/obj.py,41,Import,from eventlet import GreenPile,https://opendev.org/openstack/swift/src/branch/master/swift/proxy/controllers/obj.py
swift,openstack/swift,swift/proxy/controllers/obj.py,42,Import,"from eventlet.queue import Queue, Empty",https://opendev.org/openstack/swift/src/branch/master/swift/proxy/controllers/obj.py
swift,openstack/swift,swift/proxy/controllers/obj.py,43,Import,from eventlet.timeout import Timeout,https://opendev.org/openstack/swift/src/branch/master/swift/proxy/controllers/obj.py
swift,openstack/swift,swift/proxy/server.py,27,Import,from eventlet import Timeout,https://opendev.org/openstack/swift/src/branch/master/swift/proxy/server.py
swift,openstack/swift,test/__init__.py,45,Import,from eventlet.green import socket,https://opendev.org/openstack/swift/src/branch/master/test/__init__.py
swift,openstack/swift,test/__init__.py,85,Listen,"The eventlet.listen() always sets SO_REUSEPORT, so when called with",https://opendev.org/openstack/swift/src/branch/master/test/__init__.py
swift,openstack/swift,test/functional/__init__.py,29,Import,import eventlet,https://opendev.org/openstack/swift/src/branch/master/test/functional/__init__.py
swift,openstack/swift,test/functional/__init__.py,30,Import,import eventlet.debug,https://opendev.org/openstack/swift/src/branch/master/test/functional/__init__.py
swift,openstack/swift,test/functional/__init__.py,77,"Other(""eventlet.hubs"")",eventlet.hubs.use_hub(utils.get_hub()),https://opendev.org/openstack/swift/src/branch/master/test/functional/__init__.py
swift,openstack/swift,test/functional/__init__.py,78,"Other(""eventlet.patcher"")","eventlet.patcher.monkey_patch(all=False, socket=True)",https://opendev.org/openstack/swift/src/branch/master/test/functional/__init__.py
swift,openstack/swift,test/functional/__init__.py,79,"Other(""eventlet.debug"")",eventlet.debug.hub_exceptions(False),https://opendev.org/openstack/swift/src/branch/master/test/functional/__init__.py
swift,openstack/swift,test/functional/__init__.py,686,Wsgi,"prospa = eventlet.spawn(eventlet.wsgi.server, prolis, app, nl,",https://opendev.org/openstack/swift/src/branch/master/test/functional/__init__.py
swift,openstack/swift,test/functional/__init__.py,688,Wsgi,"acc1spa = eventlet.spawn(eventlet.wsgi.server, acc1lis, acc1srv, nl,",https://opendev.org/openstack/swift/src/branch/master/test/functional/__init__.py
swift,openstack/swift,test/functional/__init__.py,690,Wsgi,"acc2spa = eventlet.spawn(eventlet.wsgi.server, acc2lis, acc2srv, nl,",https://opendev.org/openstack/swift/src/branch/master/test/functional/__init__.py
swift,openstack/swift,test/functional/__init__.py,692,Wsgi,"con1spa = eventlet.spawn(eventlet.wsgi.server, con1lis, con1srv, nl,",https://opendev.org/openstack/swift/src/branch/master/test/functional/__init__.py
swift,openstack/swift,test/functional/__init__.py,694,Wsgi,"con2spa = eventlet.spawn(eventlet.wsgi.server, con2lis, con2srv, nl,",https://opendev.org/openstack/swift/src/branch/master/test/functional/__init__.py
swift,openstack/swift,test/functional/__init__.py,697,Wsgi,"objspa = [eventlet.spawn(eventlet.wsgi.server, objsrv[0], objsrv[1], nl,",https://opendev.org/openstack/swift/src/branch/master/test/functional/__init__.py
swift,openstack/swift,test/probe/__init__.py,17,Import,import eventlet,https://opendev.org/openstack/swift/src/branch/master/test/probe/__init__.py
swift,openstack/swift,test/probe/__init__.py,18,MonkeyPatch,eventlet.monkey_patch(),https://opendev.org/openstack/swift/src/branch/master/test/probe/__init__.py
swift,openstack/swift,test/unit/__init__.py,34,Import,import eventlet,https://opendev.org/openstack/swift/src/branch/master/test/unit/__init__.py
swift,openstack/swift,test/unit/__init__.py,35,Import,"from eventlet import greenpool, debug as eventlet_debug",https://opendev.org/openstack/swift/src/branch/master/test/unit/__init__.py
swift,openstack/swift,test/unit/__init__.py,36,Import,from eventlet.green import socket,https://opendev.org/openstack/swift/src/branch/master/test/unit/__init__.py
swift,openstack/swift,test/unit/__init__.py,522,"Other(""eventlet.Timeout"")",with eventlet.Timeout(timeout):,https://opendev.org/openstack/swift/src/branch/master/test/unit/__init__.py
swift,openstack/swift,test/unit/__init__.py,630,"Other(""def quiet_eventlet_exceptions():"")",def quiet_eventlet_exceptions():,https://opendev.org/openstack/swift/src/branch/master/test/unit/__init__.py
swift,openstack/swift,test/unit/__init__.py,632,"Other(""eventlet_debug.hub_exceptions(False)"")",eventlet_debug.hub_exceptions(False),https://opendev.org/openstack/swift/src/branch/master/test/unit/__init__.py
swift,openstack/swift,test/unit/__init__.py,636,"Other(""eventlet_debug.hub_exceptions(orig_state)"")",eventlet_debug.hub_exceptions(orig_state),https://opendev.org/openstack/swift/src/branch/master/test/unit/__init__.py
swift,openstack/swift,test/unit/__init__.py,691,"Other(""add some eventlet sleep to the expect and response"")",add some eventlet sleep to the expect and response stages of the,https://opendev.org/openstack/swift/src/branch/master/test/unit/__init__.py
swift,openstack/swift,test/unit/__init__.py,699,"Other("":param expect_sleep: float, time to eventlet sleep"")",":param expect_sleep: float, time to eventlet sleep during expect, can",https://opendev.org/openstack/swift/src/branch/master/test/unit/__init__.py
swift,openstack/swift,test/unit/__init__.py,701,"Other("":param response_sleep: float, time to eventlet sle"")",":param response_sleep: float, time to eventlet sleep during response",https://opendev.org/openstack/swift/src/branch/master/test/unit/__init__.py
swift,openstack/swift,test/unit/__init__.py,706,"Other(""eventlet.Timeout"")","if isinstance(status, (Exception, eventlet.Timeout)):",https://opendev.org/openstack/swift/src/branch/master/test/unit/__init__.py
swift,openstack/swift,test/unit/__init__.py,744,Sleep,eventlet.sleep(self.response_sleep),https://opendev.org/openstack/swift/src/branch/master/test/unit/__init__.py
swift,openstack/swift,test/unit/__init__.py,748,"Other(""eventlet.Timeout"")","if isinstance(self.status, (Exception, eventlet.Timeout)):",https://opendev.org/openstack/swift/src/branch/master/test/unit/__init__.py
swift,openstack/swift,test/unit/__init__.py,755,Sleep,eventlet.sleep(expect_sleep),https://opendev.org/openstack/swift/src/branch/master/test/unit/__init__.py
swift,openstack/swift,test/unit/__init__.py,757,"Other(""eventlet.Timeout"")","if isinstance(expect_status, (Exception, eventlet.Timeout)):",https://opendev.org/openstack/swift/src/branch/master/test/unit/__init__.py
swift,openstack/swift,test/unit/__init__.py,779,Sleep,eventlet.sleep(self.slowness),https://opendev.org/openstack/swift/src/branch/master/test/unit/__init__.py
swift,openstack/swift,test/unit/__init__.py,839,Sleep,eventlet.sleep(),https://opendev.org/openstack/swift/src/branch/master/test/unit/__init__.py
swift,openstack/swift,test/unit/__init__.py,844,"Other(""eventlet.Timeout"")","if isinstance(exc, (Exception, eventlet.Timeout)):",https://opendev.org/openstack/swift/src/branch/master/test/unit/__init__.py
swift,openstack/swift,test/unit/__init__.py,848,"Other(""eventlet.Timeout"")",raise eventlet.Timeout(),https://opendev.org/openstack/swift/src/branch/master/test/unit/__init__.py
swift,openstack/swift,test/unit/__init__.py,916,Sleep,eventlet.sleep(value),https://opendev.org/openstack/swift/src/branch/master/test/unit/__init__.py
swift,openstack/swift,test/unit/__init__.py,932,Sleep,eventlet.sleep(value),https://opendev.org/openstack/swift/src/branch/master/test/unit/__init__.py
swift,openstack/swift,test/unit/__init__.py,971,Sleep,eventlet.sleep(0.1),https://opendev.org/openstack/swift/src/branch/master/test/unit/__init__.py
swift,openstack/swift,test/unit/__init__.py,1134,Sleep,eventlet.sleep(wait),https://opendev.org/openstack/swift/src/branch/master/test/unit/__init__.py
swift,openstack/swift,test/unit/common/middleware/helpers.py,261,"Other(""req_body = None  # generally, we don't care and le"")","req_body = None  # generally, we don't care and let eventlet discard()",https://opendev.org/openstack/swift/src/branch/master/test/unit/common/middleware/helpers.py
swift,openstack/swift,test/unit/helpers.py,30,Import,"from eventlet import spawn, wsgi",https://opendev.org/openstack/swift/src/branch/master/test/unit/helpers.py
swift,openstack/swift,test/unit/helpers.py,221,"Other(""'ignore', module='eventlet',"")","'ignore', module='eventlet',",https://opendev.org/openstack/swift/src/branch/master/test/unit/helpers.py
swift,openstack/swift,tools/playbooks/common/install_dependencies.yaml,38,"Other(""- eventlet"")",- eventlet,https://opendev.org/openstack/swift/src/branch/master/tools/playbooks/common/install_dependencies.yaml
swift-bench,openstack/swift-bench,CHANGELOG,9,"Other(""* eventlet dependency has been raised to >=0.17.4"")",* eventlet dependency has been raised to >=0.17.4,https://opendev.org/openstack/swift-bench/src/branch/master/CHANGELOG
swift-bench,openstack/swift-bench,requirements.txt,2,"Other(""eventlet>=0.17.4  # MIT"")",eventlet>=0.17.4  # MIT,https://opendev.org/openstack/swift-bench/src/branch/master/requirements.txt
swift-bench,openstack/swift-bench,swiftbench/bench.py,31,Import,import eventlet,https://opendev.org/openstack/swift-bench/src/branch/master/swiftbench/bench.py
swift-bench,openstack/swift-bench,swiftbench/bench.py,32,Import,import eventlet.pools,https://opendev.org/openstack/swift-bench/src/branch/master/swiftbench/bench.py
swift-bench,openstack/swift-bench,swiftbench/bench.py,33,Import,from eventlet.green.httplib import CannotSendRequest,https://opendev.org/openstack/swift-bench/src/branch/master/swiftbench/bench.py
swift-bench,openstack/swift-bench,swiftbench/bench.py,55,Pool,"pool = eventlet.GreenPool(int(getattr(conf, concurrency_key)))",https://opendev.org/openstack/swift-bench/src/branch/master/swiftbench/bench.py
swift-bench,openstack/swift-bench,swiftbench/bench.py,125,Pool,class ConnectionPool(eventlet.pools.Pool):,https://opendev.org/openstack/swift-bench/src/branch/master/swiftbench/bench.py
swift-bench,openstack/swift-bench,swiftbench/bench.py,129,Pool,"eventlet.pools.Pool.__init__(self, size, size)",https://opendev.org/openstack/swift-bench/src/branch/master/swiftbench/bench.py
swift-bench,openstack/swift-bench,swiftbench/bench.py,279,Pool,pool = eventlet.GreenPool(self.concurrency),https://opendev.org/openstack/swift-bench/src/branch/master/swiftbench/bench.py
swift-bench,openstack/swift-bench,swiftbench/bench.py,302,"Other(""swift-bench-client processes, each of which use ev"")","swift-bench-client processes, each of which use eventlet for concurrency.",https://opendev.org/openstack/swift-bench/src/branch/master/swiftbench/bench.py
swift-bench,openstack/swift-bench,swiftbench/bench.py,338,"Other(""eventlet.patcher"")",eventlet.patcher.monkey_patch(socket=True),https://opendev.org/openstack/swift-bench/src/branch/master/swiftbench/bench.py
swift-bench,openstack/swift-bench,swiftbench/bench.py,339,Pool,pool = eventlet.GreenPool(size=len(self.clients)),https://opendev.org/openstack/swift-bench/src/branch/master/swiftbench/bench.py
swift-bench,openstack/swift-bench,swiftbench/bench.py,340,"Other(""eventlet.GreenPile"")",pile = eventlet.GreenPile(pool),https://opendev.org/openstack/swift-bench/src/branch/master/swiftbench/bench.py
swift-bench,openstack/swift-bench,swiftbench/bench.py,410,"Other(""eventlet.patcher"")",eventlet.patcher.monkey_patch(socket=True),https://opendev.org/openstack/swift-bench/src/branch/master/swiftbench/bench.py
tacker,openstack/tacker,doc/source/contributor/api_layer.rst,22,"Other(""eventlet.net"")",.. _Eventlet: https://eventlet.net/,https://opendev.org/openstack/tacker/src/branch/master/doc/source/contributor/api_layer.rst
tacker,openstack/tacker,doc/source/contributor/api_layer.rst,24,"Other(""eventlet.net"")",.. _GreenPool: https://eventlet.net/doc/modules/greenpool.html,https://opendev.org/openstack/tacker/src/branch/master/doc/source/contributor/api_layer.rst
tacker,openstack/tacker,requirements.txt,13,"Other(""eventlet>=0.30.1 # MIT"")",eventlet>=0.30.1 # MIT,https://opendev.org/openstack/tacker/src/branch/master/requirements.txt
tacker,openstack/tacker,samples/free5gc/cnf/sample_free5gc_cnf_package/Scripts/free5gc_mgmt_cnf.py,17,Import,import eventlet,https://opendev.org/openstack/tacker/src/branch/master/samples/free5gc/cnf/sample_free5gc_cnf_package/Scripts/free5gc_mgmt_cnf.py
tacker,openstack/tacker,samples/free5gc/cnf/sample_free5gc_cnf_package/Scripts/free5gc_mgmt_cnf.py,150,MonkeyPatch,eventlet.monkey_patch(),https://opendev.org/openstack/tacker/src/branch/master/samples/free5gc/cnf/sample_free5gc_cnf_package/Scripts/free5gc_mgmt_cnf.py
tacker,openstack/tacker,samples/free5gc/cnf/sample_free5gc_cnf_package/Scripts/free5gc_mgmt_cnf.py,153,"Other(""eventlet.Timeout"")","with eventlet.Timeout(timeout, True):",https://opendev.org/openstack/tacker/src/branch/master/samples/free5gc/cnf/sample_free5gc_cnf_package/Scripts/free5gc_mgmt_cnf.py
tacker,openstack/tacker,samples/free5gc/cnf/sample_free5gc_cnf_package/Scripts/free5gc_mgmt_cnf.py,157,"Other(""eventlet.timeout"")",except eventlet.timeout.Timeout:,https://opendev.org/openstack/tacker/src/branch/master/samples/free5gc/cnf/sample_free5gc_cnf_package/Scripts/free5gc_mgmt_cnf.py
tacker,openstack/tacker,samples/free5gc/cnf_on_vm/no_affinity/sample_free5gc_cnf_on_vm_package/Scripts/kubernetes_mgmt_free5gc.py,14,Import,import eventlet,https://opendev.org/openstack/tacker/src/branch/master/samples/free5gc/cnf_on_vm/no_affinity/sample_free5gc_cnf_on_vm_package/Scripts/kubernetes_mgmt_free5gc.py
tacker,openstack/tacker,samples/free5gc/cnf_on_vm/no_affinity/sample_free5gc_cnf_on_vm_package/Scripts/kubernetes_mgmt_free5gc.py,75,MonkeyPatch,eventlet.monkey_patch(),https://opendev.org/openstack/tacker/src/branch/master/samples/free5gc/cnf_on_vm/no_affinity/sample_free5gc_cnf_on_vm_package/Scripts/kubernetes_mgmt_free5gc.py
tacker,openstack/tacker,samples/free5gc/cnf_on_vm/no_affinity/sample_free5gc_cnf_on_vm_package/Scripts/kubernetes_mgmt_free5gc.py,78,"Other(""eventlet.Timeout"")","with eventlet.Timeout(timeout, True):",https://opendev.org/openstack/tacker/src/branch/master/samples/free5gc/cnf_on_vm/no_affinity/sample_free5gc_cnf_on_vm_package/Scripts/kubernetes_mgmt_free5gc.py
tacker,openstack/tacker,samples/free5gc/cnf_on_vm/no_affinity/sample_free5gc_cnf_on_vm_package/Scripts/kubernetes_mgmt_free5gc.py,82,"Other(""eventlet.timeout"")",except eventlet.timeout.Timeout:,https://opendev.org/openstack/tacker/src/branch/master/samples/free5gc/cnf_on_vm/no_affinity/sample_free5gc_cnf_on_vm_package/Scripts/kubernetes_mgmt_free5gc.py
tacker,openstack/tacker,samples/free5gc/cnf_on_vm/no_affinity/sample_free5gc_cnf_package/Scripts/free5gc_mgmt_cnf.py,17,Import,import eventlet,https://opendev.org/openstack/tacker/src/branch/master/samples/free5gc/cnf_on_vm/no_affinity/sample_free5gc_cnf_package/Scripts/free5gc_mgmt_cnf.py
tacker,openstack/tacker,samples/free5gc/cnf_on_vm/no_affinity/sample_free5gc_cnf_package/Scripts/free5gc_mgmt_cnf.py,150,MonkeyPatch,eventlet.monkey_patch(),https://opendev.org/openstack/tacker/src/branch/master/samples/free5gc/cnf_on_vm/no_affinity/sample_free5gc_cnf_package/Scripts/free5gc_mgmt_cnf.py
tacker,openstack/tacker,samples/free5gc/cnf_on_vm/no_affinity/sample_free5gc_cnf_package/Scripts/free5gc_mgmt_cnf.py,153,"Other(""eventlet.Timeout"")","with eventlet.Timeout(timeout, True):",https://opendev.org/openstack/tacker/src/branch/master/samples/free5gc/cnf_on_vm/no_affinity/sample_free5gc_cnf_package/Scripts/free5gc_mgmt_cnf.py
tacker,openstack/tacker,samples/free5gc/cnf_on_vm/no_affinity/sample_free5gc_cnf_package/Scripts/free5gc_mgmt_cnf.py,157,"Other(""eventlet.timeout"")",except eventlet.timeout.Timeout:,https://opendev.org/openstack/tacker/src/branch/master/samples/free5gc/cnf_on_vm/no_affinity/sample_free5gc_cnf_package/Scripts/free5gc_mgmt_cnf.py
tacker,openstack/tacker,samples/free5gc/vnf/Affinity_Anti-Affinity/VNF/sample_free5gc_vnf_package_scope_nfvi_node/Scripts/free5gc_mgmt.py,14,Import,import eventlet,https://opendev.org/openstack/tacker/src/branch/master/samples/free5gc/vnf/Affinity_Anti-Affinity/VNF/sample_free5gc_vnf_package_scope_nfvi_node/Scripts/free5gc_mgmt.py
tacker,openstack/tacker,samples/free5gc/vnf/Affinity_Anti-Affinity/VNF/sample_free5gc_vnf_package_scope_nfvi_node/Scripts/free5gc_mgmt.py,140,MonkeyPatch,eventlet.monkey_patch(),https://opendev.org/openstack/tacker/src/branch/master/samples/free5gc/vnf/Affinity_Anti-Affinity/VNF/sample_free5gc_vnf_package_scope_nfvi_node/Scripts/free5gc_mgmt.py
tacker,openstack/tacker,samples/free5gc/vnf/Affinity_Anti-Affinity/VNF/sample_free5gc_vnf_package_scope_nfvi_node/Scripts/free5gc_mgmt.py,143,"Other(""eventlet.Timeout"")","with eventlet.Timeout(timeout, True):",https://opendev.org/openstack/tacker/src/branch/master/samples/free5gc/vnf/Affinity_Anti-Affinity/VNF/sample_free5gc_vnf_package_scope_nfvi_node/Scripts/free5gc_mgmt.py
tacker,openstack/tacker,samples/free5gc/vnf/Affinity_Anti-Affinity/VNF/sample_free5gc_vnf_package_scope_nfvi_node/Scripts/free5gc_mgmt.py,147,"Other(""eventlet.timeout"")",except eventlet.timeout.Timeout:,https://opendev.org/openstack/tacker/src/branch/master/samples/free5gc/vnf/Affinity_Anti-Affinity/VNF/sample_free5gc_vnf_package_scope_nfvi_node/Scripts/free5gc_mgmt.py
tacker,openstack/tacker,samples/free5gc/vnf/Affinity_Anti-Affinity/VNF/sample_free5gc_vnf_package_scope_zone/Scripts/free5gc_mgmt.py,14,Import,import eventlet,https://opendev.org/openstack/tacker/src/branch/master/samples/free5gc/vnf/Affinity_Anti-Affinity/VNF/sample_free5gc_vnf_package_scope_zone/Scripts/free5gc_mgmt.py
tacker,openstack/tacker,samples/free5gc/vnf/Affinity_Anti-Affinity/VNF/sample_free5gc_vnf_package_scope_zone/Scripts/free5gc_mgmt.py,140,MonkeyPatch,eventlet.monkey_patch(),https://opendev.org/openstack/tacker/src/branch/master/samples/free5gc/vnf/Affinity_Anti-Affinity/VNF/sample_free5gc_vnf_package_scope_zone/Scripts/free5gc_mgmt.py
tacker,openstack/tacker,samples/free5gc/vnf/Affinity_Anti-Affinity/VNF/sample_free5gc_vnf_package_scope_zone/Scripts/free5gc_mgmt.py,143,"Other(""eventlet.Timeout"")","with eventlet.Timeout(timeout, True):",https://opendev.org/openstack/tacker/src/branch/master/samples/free5gc/vnf/Affinity_Anti-Affinity/VNF/sample_free5gc_vnf_package_scope_zone/Scripts/free5gc_mgmt.py
tacker,openstack/tacker,samples/free5gc/vnf/Affinity_Anti-Affinity/VNF/sample_free5gc_vnf_package_scope_zone/Scripts/free5gc_mgmt.py,147,"Other(""eventlet.timeout"")",except eventlet.timeout.Timeout:,https://opendev.org/openstack/tacker/src/branch/master/samples/free5gc/vnf/Affinity_Anti-Affinity/VNF/sample_free5gc_vnf_package_scope_zone/Scripts/free5gc_mgmt.py
tacker,openstack/tacker,samples/free5gc/vnf/Affinity_Anti-Affinity/VNF/sample_free5gc_vnf_package_scope_zone_old/Scripts/free5gc_mgmt.py,14,Import,import eventlet,https://opendev.org/openstack/tacker/src/branch/master/samples/free5gc/vnf/Affinity_Anti-Affinity/VNF/sample_free5gc_vnf_package_scope_zone_old/Scripts/free5gc_mgmt.py
tacker,openstack/tacker,samples/free5gc/vnf/Affinity_Anti-Affinity/VNF/sample_free5gc_vnf_package_scope_zone_old/Scripts/free5gc_mgmt.py,140,MonkeyPatch,eventlet.monkey_patch(),https://opendev.org/openstack/tacker/src/branch/master/samples/free5gc/vnf/Affinity_Anti-Affinity/VNF/sample_free5gc_vnf_package_scope_zone_old/Scripts/free5gc_mgmt.py
tacker,openstack/tacker,samples/free5gc/vnf/Affinity_Anti-Affinity/VNF/sample_free5gc_vnf_package_scope_zone_old/Scripts/free5gc_mgmt.py,143,"Other(""eventlet.Timeout"")","with eventlet.Timeout(timeout, True):",https://opendev.org/openstack/tacker/src/branch/master/samples/free5gc/vnf/Affinity_Anti-Affinity/VNF/sample_free5gc_vnf_package_scope_zone_old/Scripts/free5gc_mgmt.py
tacker,openstack/tacker,samples/free5gc/vnf/Affinity_Anti-Affinity/VNF/sample_free5gc_vnf_package_scope_zone_old/Scripts/free5gc_mgmt.py,147,"Other(""eventlet.timeout"")",except eventlet.timeout.Timeout:,https://opendev.org/openstack/tacker/src/branch/master/samples/free5gc/vnf/Affinity_Anti-Affinity/VNF/sample_free5gc_vnf_package_scope_zone_old/Scripts/free5gc_mgmt.py
tacker,openstack/tacker,samples/free5gc/vnf/change_ext_conn/Scripts/free5gc_mgmt.py,14,Import,import eventlet,https://opendev.org/openstack/tacker/src/branch/master/samples/free5gc/vnf/change_ext_conn/Scripts/free5gc_mgmt.py
tacker,openstack/tacker,samples/free5gc/vnf/change_ext_conn/Scripts/free5gc_mgmt.py,140,MonkeyPatch,eventlet.monkey_patch(),https://opendev.org/openstack/tacker/src/branch/master/samples/free5gc/vnf/change_ext_conn/Scripts/free5gc_mgmt.py
tacker,openstack/tacker,samples/free5gc/vnf/change_ext_conn/Scripts/free5gc_mgmt.py,143,"Other(""eventlet.Timeout"")","with eventlet.Timeout(timeout, True):",https://opendev.org/openstack/tacker/src/branch/master/samples/free5gc/vnf/change_ext_conn/Scripts/free5gc_mgmt.py
tacker,openstack/tacker,samples/free5gc/vnf/change_ext_conn/Scripts/free5gc_mgmt.py,147,"Other(""eventlet.timeout"")",except eventlet.timeout.Timeout:,https://opendev.org/openstack/tacker/src/branch/master/samples/free5gc/vnf/change_ext_conn/Scripts/free5gc_mgmt.py
tacker,openstack/tacker,samples/free5gc/vnf/sample_free5gc_vnf_package/Scripts/free5gc_mgmt.py,14,Import,import eventlet,https://opendev.org/openstack/tacker/src/branch/master/samples/free5gc/vnf/sample_free5gc_vnf_package/Scripts/free5gc_mgmt.py
tacker,openstack/tacker,samples/free5gc/vnf/sample_free5gc_vnf_package/Scripts/free5gc_mgmt.py,140,MonkeyPatch,eventlet.monkey_patch(),https://opendev.org/openstack/tacker/src/branch/master/samples/free5gc/vnf/sample_free5gc_vnf_package/Scripts/free5gc_mgmt.py
tacker,openstack/tacker,samples/free5gc/vnf/sample_free5gc_vnf_package/Scripts/free5gc_mgmt.py,143,"Other(""eventlet.Timeout"")","with eventlet.Timeout(timeout, True):",https://opendev.org/openstack/tacker/src/branch/master/samples/free5gc/vnf/sample_free5gc_vnf_package/Scripts/free5gc_mgmt.py
tacker,openstack/tacker,samples/free5gc/vnf/sample_free5gc_vnf_package/Scripts/free5gc_mgmt.py,147,"Other(""eventlet.timeout"")",except eventlet.timeout.Timeout:,https://opendev.org/openstack/tacker/src/branch/master/samples/free5gc/vnf/sample_free5gc_vnf_package/Scripts/free5gc_mgmt.py
tacker,openstack/tacker,samples/mgmt_driver/kubernetes/kubernetes_mgmt.py,16,Import,import eventlet,https://opendev.org/openstack/tacker/src/branch/master/samples/mgmt_driver/kubernetes/kubernetes_mgmt.py
tacker,openstack/tacker,samples/mgmt_driver/kubernetes/kubernetes_mgmt.py,91,MonkeyPatch,eventlet.monkey_patch(),https://opendev.org/openstack/tacker/src/branch/master/samples/mgmt_driver/kubernetes/kubernetes_mgmt.py
tacker,openstack/tacker,samples/mgmt_driver/kubernetes/kubernetes_mgmt.py,94,"Other(""eventlet.Timeout"")","with eventlet.Timeout(timeout, True):",https://opendev.org/openstack/tacker/src/branch/master/samples/mgmt_driver/kubernetes/kubernetes_mgmt.py
tacker,openstack/tacker,samples/mgmt_driver/kubernetes/kubernetes_mgmt.py,98,"Other(""eventlet.timeout"")",except eventlet.timeout.Timeout:,https://opendev.org/openstack/tacker/src/branch/master/samples/mgmt_driver/kubernetes/kubernetes_mgmt.py
tacker,openstack/tacker,samples/mgmt_driver/kubernetes/kubespray/cnf_nodeport_setting/cnf_nodeport_mgmt.py,20,Import,import eventlet,https://opendev.org/openstack/tacker/src/branch/master/samples/mgmt_driver/kubernetes/kubespray/cnf_nodeport_setting/cnf_nodeport_mgmt.py
tacker,openstack/tacker,samples/mgmt_driver/kubernetes/kubespray/cnf_nodeport_setting/cnf_nodeport_mgmt.py,133,MonkeyPatch,eventlet.monkey_patch(),https://opendev.org/openstack/tacker/src/branch/master/samples/mgmt_driver/kubernetes/kubespray/cnf_nodeport_setting/cnf_nodeport_mgmt.py
tacker,openstack/tacker,samples/mgmt_driver/kubernetes/kubespray/cnf_nodeport_setting/cnf_nodeport_mgmt.py,136,"Other(""eventlet.Timeout"")","with eventlet.Timeout(timeout, True):",https://opendev.org/openstack/tacker/src/branch/master/samples/mgmt_driver/kubernetes/kubespray/cnf_nodeport_setting/cnf_nodeport_mgmt.py
tacker,openstack/tacker,samples/mgmt_driver/kubernetes/kubespray/cnf_nodeport_setting/cnf_nodeport_mgmt.py,140,"Other(""eventlet.timeout"")",except eventlet.timeout.Timeout:,https://opendev.org/openstack/tacker/src/branch/master/samples/mgmt_driver/kubernetes/kubespray/cnf_nodeport_setting/cnf_nodeport_mgmt.py
tacker,openstack/tacker,samples/mgmt_driver/kubernetes/kubespray/kubespray_mgmt.py,21,Import,import eventlet,https://opendev.org/openstack/tacker/src/branch/master/samples/mgmt_driver/kubernetes/kubespray/kubespray_mgmt.py
tacker,openstack/tacker,samples/mgmt_driver/kubernetes/kubespray/kubespray_mgmt.py,306,MonkeyPatch,eventlet.monkey_patch(),https://opendev.org/openstack/tacker/src/branch/master/samples/mgmt_driver/kubernetes/kubespray/kubespray_mgmt.py
tacker,openstack/tacker,samples/mgmt_driver/kubernetes/kubespray/kubespray_mgmt.py,309,"Other(""eventlet.Timeout"")","with eventlet.Timeout(timeout, True):",https://opendev.org/openstack/tacker/src/branch/master/samples/mgmt_driver/kubernetes/kubespray/kubespray_mgmt.py
tacker,openstack/tacker,samples/mgmt_driver/kubernetes/kubespray/kubespray_mgmt.py,313,"Other(""eventlet.timeout"")",except eventlet.timeout.Timeout:,https://opendev.org/openstack/tacker/src/branch/master/samples/mgmt_driver/kubernetes/kubespray/kubespray_mgmt.py
tacker,openstack/tacker,samples/mgmt_driver/kubernetes/kubespray/kubespray_mgmt.py,835,"Other(""eventlet.Timeout"")","with eventlet.Timeout(K8S_INSTALL_TIMEOUT, True):",https://opendev.org/openstack/tacker/src/branch/master/samples/mgmt_driver/kubernetes/kubespray/kubespray_mgmt.py
tacker,openstack/tacker,samples/mgmt_driver/kubernetes/kubespray/kubespray_mgmt.py,845,"Other(""eventlet.timeout"")",except eventlet.timeout.Timeout:,https://opendev.org/openstack/tacker/src/branch/master/samples/mgmt_driver/kubernetes/kubespray/kubespray_mgmt.py
tacker,openstack/tacker,samples/mgmt_driver/kubernetes/private_registry_mgmt.py,19,Import,import eventlet,https://opendev.org/openstack/tacker/src/branch/master/samples/mgmt_driver/kubernetes/private_registry_mgmt.py
tacker,openstack/tacker,samples/mgmt_driver/kubernetes/private_registry_mgmt.py,96,MonkeyPatch,eventlet.monkey_patch(),https://opendev.org/openstack/tacker/src/branch/master/samples/mgmt_driver/kubernetes/private_registry_mgmt.py
tacker,openstack/tacker,samples/mgmt_driver/kubernetes/private_registry_mgmt.py,99,"Other(""eventlet.Timeout"")","with eventlet.Timeout(timeout, True):",https://opendev.org/openstack/tacker/src/branch/master/samples/mgmt_driver/kubernetes/private_registry_mgmt.py
tacker,openstack/tacker,samples/mgmt_driver/kubernetes/private_registry_mgmt.py,104,"Other(""eventlet.timeout"")",except eventlet.timeout.Timeout:,https://opendev.org/openstack/tacker/src/branch/master/samples/mgmt_driver/kubernetes/private_registry_mgmt.py
tacker,openstack/tacker,setup.cfg,45,"Other(""eventlet.tacker_server"")",tacker-server = tacker.cmd.eventlet.tacker_server:main,https://opendev.org/openstack/tacker/src/branch/master/setup.cfg
tacker,openstack/tacker,setup.cfg,46,"Other(""eventlet.conductor"")",tacker-conductor = tacker.cmd.eventlet.conductor:main,https://opendev.org/openstack/tacker/src/branch/master/setup.cfg
tacker,openstack/tacker,tacker/agent/linux/utils.py,19,Import,from eventlet.green import subprocess,https://opendev.org/openstack/tacker/src/branch/master/tacker/agent/linux/utils.py
tacker,openstack/tacker,tacker/agent/linux/utils.py,20,Import,from eventlet import greenthread,https://opendev.org/openstack/tacker/src/branch/master/tacker/agent/linux/utils.py
tacker,openstack/tacker,tacker/cmd/eventlet/__init__.py,15,Import,from tacker.common import eventlet_utils,https://opendev.org/openstack/tacker/src/branch/master/tacker/cmd/eventlet/__init__.py
tacker,openstack/tacker,tacker/cmd/eventlet/__init__.py,17,"Other(""eventlet_utils.monkey_patch()"")",eventlet_utils.monkey_patch(),https://opendev.org/openstack/tacker/src/branch/master/tacker/cmd/eventlet/__init__.py
tacker,openstack/tacker,tacker/common/eventlet_utils.py,18,Import,import eventlet,https://opendev.org/openstack/tacker/src/branch/master/tacker/common/eventlet_utils.py
tacker,openstack/tacker,tacker/common/eventlet_utils.py,23,MonkeyPatch,eventlet.monkey_patch(),https://opendev.org/openstack/tacker/src/branch/master/tacker/common/eventlet_utils.py
tacker,openstack/tacker,tacker/common/rpc.py,210,"Other(""'eventlet', serializer,"")","'eventlet', serializer,",https://opendev.org/openstack/tacker/src/branch/master/tacker/common/rpc.py
tacker,openstack/tacker,tacker/common/utils.py,33,Import,from eventlet.green import subprocess,https://opendev.org/openstack/tacker/src/branch/master/tacker/common/utils.py
tacker,openstack/tacker,tacker/common/utils.py,43,Import,from eventlet import sleep,https://opendev.org/openstack/tacker/src/branch/master/tacker/common/utils.py
tacker,openstack/tacker,tacker/common/utils.py,293,"Other(""\""\""\""Prevent eventlet thread starvation during itera"")","""""""Prevent eventlet thread starvation during iteration",https://opendev.org/openstack/tacker/src/branch/master/tacker/common/utils.py
tacker,openstack/tacker,tacker/common/utils.py,296,"Other(""iteration. This can prevent eventlet thread starva"")",iteration. This can prevent eventlet thread starvation.,https://opendev.org/openstack/tacker/src/branch/master/tacker/common/utils.py
tacker,openstack/tacker,tacker/common/utils.py,311,"Other(""\""\""\""Prevent eventlet thread starvationafter each re"")","""""""Prevent eventlet thread starvationafter each read operation.",https://opendev.org/openstack/tacker/src/branch/master/tacker/common/utils.py
tacker,openstack/tacker,tacker/common/utils.py,314,"Other(""after each read. This can prevent eventlet thread "")",after each read. This can prevent eventlet thread starvation.,https://opendev.org/openstack/tacker/src/branch/master/tacker/common/utils.py
tacker,openstack/tacker,tacker/common/utils.py,507,"Other(""\""\""\""An eventlet thread friendly class for reading i"")","""""""An eventlet thread friendly class for reading in image data.",https://opendev.org/openstack/tacker/src/branch/master/tacker/common/utils.py
tacker,openstack/tacker,tacker/common/utils.py,511,"Other(""one image being uploaded/downloaded this prevents "")",one image being uploaded/downloaded this prevents eventlet thread,https://opendev.org/openstack/tacker/src/branch/master/tacker/common/utils.py
tacker,openstack/tacker,tacker/nfvo/nfvo_plugin.py,19,Import,import eventlet,https://opendev.org/openstack/tacker/src/branch/master/tacker/nfvo/nfvo_plugin.py
tacker,openstack/tacker,tacker/nfvo/nfvo_plugin.py,63,Pool,self._pool = eventlet.GreenPool(),https://opendev.org/openstack/tacker/src/branch/master/tacker/nfvo/nfvo_plugin.py
tacker,openstack/tacker,tacker/sol_refactored/infra_drivers/openstack/openstack.py,26,Import,import eventlet,https://opendev.org/openstack/tacker/src/branch/master/tacker/sol_refactored/infra_drivers/openstack/openstack.py
tacker,openstack/tacker,tacker/sol_refactored/infra_drivers/openstack/openstack.py,139,Sleep,eventlet.sleep(timeout),https://opendev.org/openstack/tacker/src/branch/master/tacker/sol_refactored/infra_drivers/openstack/openstack.py
tacker,openstack/tacker,tacker/vnfm/infra_drivers/kubernetes/helm/helm_client.py,19,Import,import eventlet,https://opendev.org/openstack/tacker/src/branch/master/tacker/vnfm/infra_drivers/kubernetes/helm/helm_client.py
tacker,openstack/tacker,tacker/vnfm/infra_drivers/kubernetes/helm/helm_client.py,51,MonkeyPatch,eventlet.monkey_patch(),https://opendev.org/openstack/tacker/src/branch/master/tacker/vnfm/infra_drivers/kubernetes/helm/helm_client.py
tacker,openstack/tacker,tacker/vnfm/infra_drivers/kubernetes/helm/helm_client.py,54,"Other(""eventlet.Timeout"")","with eventlet.Timeout(timeout, True):",https://opendev.org/openstack/tacker/src/branch/master/tacker/vnfm/infra_drivers/kubernetes/helm/helm_client.py
tacker,openstack/tacker,tacker/vnfm/infra_drivers/kubernetes/helm/helm_client.py,58,"Other(""eventlet.timeout"")",except eventlet.timeout.Timeout:,https://opendev.org/openstack/tacker/src/branch/master/tacker/vnfm/infra_drivers/kubernetes/helm/helm_client.py
tacker,openstack/tacker,tacker/vnfm/infra_drivers/openstack/openstack.py,18,Import,import eventlet,https://opendev.org/openstack/tacker/src/branch/master/tacker/vnfm/infra_drivers/openstack/openstack.py
tacker,openstack/tacker,tacker/vnfm/infra_drivers/openstack/openstack.py,57,"Other(""eventlet.monkey_patch"")",eventlet.monkey_patch(time=True),https://opendev.org/openstack/tacker/src/branch/master/tacker/vnfm/infra_drivers/openstack/openstack.py
tacker,openstack/tacker,tacker/vnfm/infra_drivers/openstack/openstack.py,231,"Other(""eventlet.timeout"")","with eventlet.timeout.Timeout(USER_DATA_TIMEOUT, False):",https://opendev.org/openstack/tacker/src/branch/master/tacker/vnfm/infra_drivers/openstack/openstack.py
tacker,openstack/tacker,tacker/wsgi.py,30,Wsgi,import eventlet.wsgi,https://opendev.org/openstack/tacker/src/branch/master/tacker/wsgi.py
tacker,openstack/tacker,tacker/wsgi.py,171,Wsgi,eventlet.wsgi.MAX_HEADER_LINE = CONF.max_header_line,https://opendev.org/openstack/tacker/src/branch/master/tacker/wsgi.py
tacker,openstack/tacker,tacker/wsgi.py,172,Pool,self.pool = eventlet.GreenPool(threads),https://opendev.org/openstack/tacker/src/branch/master/tacker/wsgi.py
tacker,openstack/tacker,tacker/wsgi.py,226,Listen,"sock = eventlet.listen(bind_addr,",https://opendev.org/openstack/tacker/src/branch/master/tacker/wsgi.py
tacker,openstack/tacker,tacker/wsgi.py,235,Sleep,eventlet.sleep(0.1),https://opendev.org/openstack/tacker/src/branch/master/tacker/wsgi.py
tacker,openstack/tacker,tacker/wsgi.py,288,Wsgi,"eventlet.wsgi.server(socket, application, custom_pool=self.pool,",https://opendev.org/openstack/tacker/src/branch/master/tacker/wsgi.py
taskflow,openstack/taskflow,README.rst,45,"Other(""you want to use the feature in question (`eventlet"")",you want to use the feature in question (`eventlet`_ or the worker based engine,https://opendev.org/openstack/taskflow/src/branch/master/README.rst
taskflow,openstack/taskflow,README.rst,72,"Other(""eventlet.net"")",.. _eventlet: http://eventlet.net/,https://opendev.org/openstack/taskflow/src/branch/master/README.rst
taskflow,openstack/taskflow,doc/source/user/engines.rst,154,"Other(""If eventlet is used then this engine will not bloc"")",If eventlet is used then this engine will not block other threads,https://opendev.org/openstack/taskflow/src/branch/master/doc/source/user/engines.rst
taskflow,openstack/taskflow,doc/source/user/engines.rst,155,"Other(""from running as eventlet automatically creates a i"")",from running as eventlet automatically creates a implicit co-routine,https://opendev.org/openstack/taskflow/src/branch/master/doc/source/user/engines.rst
taskflow,openstack/taskflow,doc/source/user/engines.rst,157,"Other(""eventlet.net"")",`eventlet <http://eventlet.net/>`_ and,https://opendev.org/openstack/taskflow/src/branch/master/doc/source/user/engines.rst
taskflow,openstack/taskflow,doc/source/user/jobs.rst,269,"Other(""when your program uses eventlet and you want to in"")",when your program uses eventlet and you want to instruct kazoo to use an,https://opendev.org/openstack/taskflow/src/branch/master/doc/source/user/jobs.rst
taskflow,openstack/taskflow,doc/source/user/jobs.rst,270,"Other(""eventlet compatible handler."")",eventlet compatible handler.,https://opendev.org/openstack/taskflow/src/branch/master/doc/source/user/jobs.rst
taskflow,openstack/taskflow,doc/source/user/utils.rst,24,"Other("".. automodule:: taskflow.utils.eventlet_utils"")",.. automodule:: taskflow.utils.eventlet_utils,https://opendev.org/openstack/taskflow/src/branch/master/doc/source/user/utils.rst
taskflow,openstack/taskflow,setup.cfg,71,"Other(""eventlet ="")",eventlet =,https://opendev.org/openstack/taskflow/src/branch/master/setup.cfg
taskflow,openstack/taskflow,setup.cfg,72,"Other(""eventlet>=0.18.2 # MIT"")",eventlet>=0.18.2 # MIT,https://opendev.org/openstack/taskflow/src/branch/master/setup.cfg
taskflow,openstack/taskflow,taskflow/conductors/backends/impl_executor.py,90,"Other(""an eventlet *green* event works better for the con"")","an eventlet *green* event works better for the conductor user).""""""",https://opendev.org/openstack/taskflow/src/branch/master/taskflow/conductors/backends/impl_executor.py
taskflow,openstack/taskflow,taskflow/engines/__init__.py,17,Import,from oslo_utils import eventletutils as _eventletutils,https://opendev.org/openstack/taskflow/src/branch/master/taskflow/engines/__init__.py
taskflow,openstack/taskflow,taskflow/engines/__init__.py,22,"Other(""_eventletutils.warn_eventlet_not_patched("")",_eventletutils.warn_eventlet_not_patched(,https://opendev.org/openstack/taskflow/src/branch/master/taskflow/engines/__init__.py
taskflow,openstack/taskflow,taskflow/engines/action_engine/executor.py,226,"Other(""is more of a guess/somewhat arbitrary, but it does"")","is more of a guess/somewhat arbitrary, but it does match what the eventlet",https://opendev.org/openstack/taskflow/src/branch/master/taskflow/engines/action_engine/executor.py
taskflow,openstack/taskflow,taskflow/engines/action_engine/executor.py,227,"Other(""greenpool default size is (so at least it's consis"")",greenpool default size is (so at least it's consistent with what eventlet,https://opendev.org/openstack/taskflow/src/branch/master/taskflow/engines/action_engine/executor.py
taskflow,openstack/taskflow,taskflow/examples/hello_world.py,83,Import,import eventlet as _eventlet  # noqa,https://opendev.org/openstack/taskflow/src/branch/master/taskflow/examples/hello_world.py
taskflow,openstack/taskflow,taskflow/examples/hello_world.py,88,"Other(""print(\""-- Running in parallel using eventlet --\"")"")","print(""-- Running in parallel using eventlet --"")",https://opendev.org/openstack/taskflow/src/branch/master/taskflow/examples/hello_world.py
taskflow,openstack/taskflow,taskflow/examples/jobboard_produce_consume_colors.py,154,Import,from taskflow.utils import eventlet_utils as _eu  # noqa,https://opendev.org/openstack/taskflow/src/branch/master/taskflow/examples/jobboard_produce_consume_colors.py
taskflow,openstack/taskflow,taskflow/examples/jobboard_produce_consume_colors.py,156,Import,import eventlet as _eventlet  # noqa,https://opendev.org/openstack/taskflow/src/branch/master/taskflow/examples/jobboard_produce_consume_colors.py
taskflow,openstack/taskflow,taskflow/persistence/backends/impl_sqlalchemy.py,34,Import,from taskflow.utils import eventlet_utils,https://opendev.org/openstack/taskflow/src/branch/master/taskflow/persistence/backends/impl_sqlalchemy.py
taskflow,openstack/taskflow,taskflow/persistence/backends/impl_sqlalchemy.py,139,MonkeyPatch,"If we use eventlet.monkey_patch(), eventlet.greenthread.sleep(0) will",https://opendev.org/openstack/taskflow/src/branch/master/taskflow/persistence/backends/impl_sqlalchemy.py
taskflow,openstack/taskflow,taskflow/persistence/backends/impl_sqlalchemy.py,144,"Other(""implemented by C libraries that eventlet cannot mo"")",implemented by C libraries that eventlet cannot monkey patch.,https://opendev.org/openstack/taskflow/src/branch/master/taskflow/persistence/backends/impl_sqlalchemy.py
taskflow,openstack/taskflow,taskflow/persistence/backends/impl_sqlalchemy.py,309,"Other(""eventlet_utils.EVENTLET_AVAILABLE)"")",eventlet_utils.EVENTLET_AVAILABLE),https://opendev.org/openstack/taskflow/src/branch/master/taskflow/persistence/backends/impl_sqlalchemy.py
taskflow,openstack/taskflow,taskflow/utils/eventlet_utils.py,19,"Other(""_eventlet = importutils.try_import('eventlet')"")",_eventlet = importutils.try_import('eventlet'),https://opendev.org/openstack/taskflow/src/branch/master/taskflow/utils/eventlet_utils.py
taskflow,openstack/taskflow,taskflow/utils/eventlet_utils.py,21,"Other(""EVENTLET_AVAILABLE = bool(_eventlet)"")",EVENTLET_AVAILABLE = bool(_eventlet),https://opendev.org/openstack/taskflow/src/branch/master/taskflow/utils/eventlet_utils.py
taskflow,openstack/taskflow,taskflow/utils/eventlet_utils.py,24,"Other(""def check_for_eventlet(exc=None):"")",def check_for_eventlet(exc=None):,https://opendev.org/openstack/taskflow/src/branch/master/taskflow/utils/eventlet_utils.py
taskflow,openstack/taskflow,taskflow/utils/eventlet_utils.py,25,"Other(""\""\""\""Check if eventlet is available and if not raise"")","""""""Check if eventlet is available and if not raise a runtime error.",https://opendev.org/openstack/taskflow/src/branch/master/taskflow/utils/eventlet_utils.py
taskflow,openstack/taskflow,taskflow/utils/kazoo_utils.py,185,"Other(""based, but `gevent`_, or `eventlet`_ ones can be p"")","based, but `gevent`_, or `eventlet`_ ones can be provided as needed)",https://opendev.org/openstack/taskflow/src/branch/master/taskflow/utils/kazoo_utils.py
taskflow,openstack/taskflow,taskflow/utils/kazoo_utils.py,199,"Other("".. _eventlet: https://kazoo.readthedocs.io/en/late"")",.. _eventlet: https://kazoo.readthedocs.io/en/latest/api/\,https://opendev.org/openstack/taskflow/src/branch/master/taskflow/utils/kazoo_utils.py
taskflow,openstack/taskflow,taskflow/utils/kazoo_utils.py,200,"Other(""eventlet.html"")",handlers/eventlet.html,https://opendev.org/openstack/taskflow/src/branch/master/taskflow/utils/kazoo_utils.py
taskflow,openstack/taskflow,taskflow/utils/misc.py,480,"Other(""run. This can happen when eventlet switches greent"")",run. This can happen when eventlet switches greenthreads or when running an,https://opendev.org/openstack/taskflow/src/branch/master/taskflow/utils/misc.py
taskflow,openstack/taskflow,test-requirements.txt,19,"Other(""eventlet>=0.18.2 # MIT"")",eventlet>=0.18.2 # MIT,https://opendev.org/openstack/taskflow/src/branch/master/test-requirements.txt
telemetry-specs,openstack/telemetry-specs,specs/liberty/remove-web-eventlet.rst,11,"Other(""https://blueprints.launchpad.net/ceilometer/+spec/"")",https://blueprints.launchpad.net/ceilometer/+spec/remove-web-eventlet,https://opendev.org/openstack/telemetry-specs/src/branch/master/specs/liberty/remove-web-eventlet.rst
telemetry-specs,openstack/telemetry-specs,specs/liberty/remove-web-eventlet.rst,17,"Other(""monkeypatched to use eventlet."")",monkeypatched to use eventlet.,https://opendev.org/openstack/telemetry-specs/src/branch/master/specs/liberty/remove-web-eventlet.rst
telemetry-specs,openstack/telemetry-specs,specs/liberty/remove-web-eventlet.rst,23,"Other(""unusual behaviors when it is monkeypatched to use "")",unusual behaviors when it is monkeypatched to use eventlet. Since the Werkzeug,https://opendev.org/openstack/telemetry-specs/src/branch/master/specs/liberty/remove-web-eventlet.rst
telemetry-specs,openstack/telemetry-specs,specs/liberty/remove-web-eventlet.rst,25,"Other(""multi-threaded interactions, the inclusion of even"")","multi-threaded interactions, the inclusion of eventlet should be removed.",https://opendev.org/openstack/telemetry-specs/src/branch/master/specs/liberty/remove-web-eventlet.rst
telemetry-specs,openstack/telemetry-specs,specs/liberty/remove-web-eventlet.rst,35,"Other(""eventlet in place. We want our tooling to be as us"")",eventlet in place. We want our tooling to be as useful as possible *especially*,https://opendev.org/openstack/telemetry-specs/src/branch/master/specs/liberty/remove-web-eventlet.rst
telemetry-specs,openstack/telemetry-specs,specs/liberty/remove-web-eventlet.rst,38,"Other(""When using the Werkzeug service, using eventlet is"")","When using the Werkzeug service, using eventlet is fairly redundant as the",https://opendev.org/openstack/telemetry-specs/src/branch/master/specs/liberty/remove-web-eventlet.rst
telemetry-specs,openstack/telemetry-specs,specs/liberty/remove-web-eventlet.rst,44,"Other(""We can resolve this problem relatively easily. At "")",We can resolve this problem relatively easily. At the moment eventlet monkey,https://opendev.org/openstack/telemetry-specs/src/branch/master/specs/liberty/remove-web-eventlet.rst
telemetry-specs,openstack/telemetry-specs,specs/liberty/remove-web-eventlet.rst,121,"Other(""* Separate eventlet and non-eventlet commands into"")",* Separate eventlet and non-eventlet commands into two different module,https://opendev.org/openstack/telemetry-specs/src/branch/master/specs/liberty/remove-web-eventlet.rst
telemetry-specs,openstack/telemetry-specs,specs/liberty/remove-web-eventlet.rst,123,"Other(""* Compare and contrast performance of the API serv"")",* Compare and contrast performance of the API server with and without eventlet,https://opendev.org/openstack/telemetry-specs/src/branch/master/specs/liberty/remove-web-eventlet.rst
telemetry-specs,openstack/telemetry-specs,specs/liberty/remove-web-eventlet.rst,125,"Other(""Bayer has pointed out that removing eventlet has l"")",Bayer has pointed out that removing eventlet has little impact on a properly,https://opendev.org/openstack/telemetry-specs/src/branch/master/specs/liberty/remove-web-eventlet.rst
telemetry-specs,openstack/telemetry-specs,specs/liberty/remove-web-eventlet.rst,128,"Other(""Werkzeug with eventlet, Werkzeug without eventlet."")","Werkzeug with eventlet, Werkzeug without eventlet.",https://opendev.org/openstack/telemetry-specs/src/branch/master/specs/liberty/remove-web-eventlet.rst
telemetry-specs,openstack/telemetry-specs,specs/liberty/remove-web-eventlet.rst,136,"Other(""Ceilometer project. Once the API server is not usi"")",Ceilometer project. Once the API server is not using eventlet we can,https://opendev.org/openstack/telemetry-specs/src/branch/master/specs/liberty/remove-web-eventlet.rst
tooz,openstack/tooz,tooz/drivers/zookeeper.py,21,Import,from kazoo.handlers import eventlet as eventlet_handler,https://opendev.org/openstack/tooz/src/branch/master/tooz/drivers/zookeeper.py
tooz,openstack/tooz,tooz/drivers/zookeeper.py,23,"Other(""eventlet_handler = None"")",eventlet_handler = None,https://opendev.org/openstack/tooz/src/branch/master/tooz/drivers/zookeeper.py
tooz,openstack/tooz,tooz/drivers/zookeeper.py,122,"Other(""if eventlet_handler:"")",if eventlet_handler:,https://opendev.org/openstack/tooz/src/branch/master/tooz/drivers/zookeeper.py
tooz,openstack/tooz,tooz/drivers/zookeeper.py,123,"Other(""HANDLERS['eventlet'] = eventlet_handler.Sequential"")",HANDLERS['eventlet'] = eventlet_handler.SequentialEventletHandler,https://opendev.org/openstack/tooz/src/branch/master/tooz/drivers/zookeeper.py
trove,openstack/trove,integration/scripts/files/deprecated-elements/fedora-guest/install.d/15-trove-dep,11,"Other(""python-routes python-eventlet python-webob \\"")",python-routes python-eventlet python-webob \,https://opendev.org/openstack/trove/src/branch/master/integration/scripts/files/deprecated-elements/fedora-guest/install.d/15-trove-dep
trove,openstack/trove,requirements.txt,3,"Other(""eventlet!=0.18.3,!=0.20.1,>=0.18.2 # MIT"")","eventlet!=0.18.3,!=0.20.1,>=0.18.2 # MIT",https://opendev.org/openstack/trove/src/branch/master/requirements.txt
trove,openstack/trove,tools/trove-pylint.config,1053,"Other(""eventlet.green"")","""Module 'eventlet.green.subprocess' has no 'PIPE' member"",",https://opendev.org/openstack/trove/src/branch/master/tools/trove-pylint.config
trove,openstack/trove,tools/trove-pylint.config,1083,"Other(""eventlet.green"")","""Module 'eventlet.green.subprocess' has no 'PIPE' member"",",https://opendev.org/openstack/trove/src/branch/master/tools/trove-pylint.config
trove,openstack/trove,tools/trove-pylint.config,1101,"Other(""eventlet.green"")","""Module 'eventlet.green.subprocess' has no 'PIPE' member"",",https://opendev.org/openstack/trove/src/branch/master/tools/trove-pylint.config
trove,openstack/trove,tools/trove-pylint.config,1119,"Other(""eventlet.green"")","""Module 'eventlet.green.subprocess' has no 'PIPE' member"",",https://opendev.org/openstack/trove/src/branch/master/tools/trove-pylint.config
trove,openstack/trove,tools/trove-pylint.config,1137,"Other(""eventlet.green"")","""Module 'eventlet.green.subprocess' has no 'PIPE' member"",",https://opendev.org/openstack/trove/src/branch/master/tools/trove-pylint.config
trove,openstack/trove,tools/trove-pylint.config,1155,"Other(""eventlet.green"")","""Module 'eventlet.green.subprocess' has no 'PIPE' member"",",https://opendev.org/openstack/trove/src/branch/master/tools/trove-pylint.config
trove,openstack/trove,trove/cmd/__init__.py,27,Import,import eventlet,https://opendev.org/openstack/trove/src/branch/master/trove/cmd/__init__.py
trove,openstack/trove,trove/cmd/__init__.py,28,"Other(""eventlet.monkey_patch"")",eventlet.monkey_patch(all=True),https://opendev.org/openstack/trove/src/branch/master/trove/cmd/__init__.py
trove,openstack/trove,trove/common/base_wsgi.py,18,Import,import eventlet,https://opendev.org/openstack/trove/src/branch/master/trove/common/base_wsgi.py
trove,openstack/trove,trove/common/base_wsgi.py,19,"Other(""eventlet.patcher"")","eventlet.patcher.monkey_patch(all=False, socket=True)",https://opendev.org/openstack/trove/src/branch/master/trove/common/base_wsgi.py
trove,openstack/trove,trove/common/base_wsgi.py,27,Wsgi,import eventlet.wsgi,https://opendev.org/openstack/trove/src/branch/master/trove/common/base_wsgi.py
trove,openstack/trove,trove/common/base_wsgi.py,63,Listen,"sock = eventlet.listen(('0.0.0.0', port))",https://opendev.org/openstack/trove/src/branch/master/trove/common/base_wsgi.py
trove,openstack/trove,trove/common/base_wsgi.py,64,Wsgi,"eventlet.wsgi.server(sock, application, **kwargs)",https://opendev.org/openstack/trove/src/branch/master/trove/common/base_wsgi.py
trove,openstack/trove,trove/common/base_wsgi.py,99,Listen,"sock = eventlet.listen(bind_addr,",https://opendev.org/openstack/trove/src/branch/master/trove/common/base_wsgi.py
trove,openstack/trove,trove/common/base_wsgi.py,108,Sleep,eventlet.sleep(0.1),https://opendev.org/openstack/trove/src/branch/master/trove/common/base_wsgi.py
trove,openstack/trove,trove/common/base_wsgi.py,156,Wsgi,logger = logging.getLogger('eventlet.wsgi'),https://opendev.org/openstack/trove/src/branch/master/trove/common/base_wsgi.py
trove,openstack/trove,trove/common/base_wsgi.py,157,Wsgi,"eventlet.wsgi.server(socket,",https://opendev.org/openstack/trove/src/branch/master/trove/common/base_wsgi.py
trove,openstack/trove,trove/common/debug_utils.py,98,"Other(""eventlet.green"")",if threading.current_thread.__module__ == 'eventlet.green.threading':,https://opendev.org/openstack/trove/src/branch/master/trove/common/debug_utils.py
trove,openstack/trove,trove/common/debug_utils.py,99,"Other(""LOG.warning(\""Enabling debugging with eventlet monk"")","LOG.warning(""Enabling debugging with eventlet monkey""",https://opendev.org/openstack/trove/src/branch/master/trove/common/debug_utils.py
trove,openstack/trove,trove/common/strategies/cluster/experimental/cassandra/taskmanager.py,16,Import,from eventlet.timeout import Timeout,https://opendev.org/openstack/trove/src/branch/master/trove/common/strategies/cluster/experimental/cassandra/taskmanager.py
trove,openstack/trove,trove/common/strategies/cluster/experimental/galera_common/taskmanager.py,15,Import,from eventlet.timeout import Timeout,https://opendev.org/openstack/trove/src/branch/master/trove/common/strategies/cluster/experimental/galera_common/taskmanager.py
trove,openstack/trove,trove/common/strategies/cluster/experimental/mongodb/taskmanager.py,16,Import,from eventlet.timeout import Timeout,https://opendev.org/openstack/trove/src/branch/master/trove/common/strategies/cluster/experimental/mongodb/taskmanager.py
trove,openstack/trove,trove/common/strategies/cluster/experimental/redis/taskmanager.py,14,Import,from eventlet.timeout import Timeout,https://opendev.org/openstack/trove/src/branch/master/trove/common/strategies/cluster/experimental/redis/taskmanager.py
trove,openstack/trove,trove/common/strategies/cluster/experimental/vertica/taskmanager.py,14,Import,from eventlet.timeout import Timeout,https://opendev.org/openstack/trove/src/branch/master/trove/common/strategies/cluster/experimental/vertica/taskmanager.py
trove,openstack/trove,trove/common/utils.py,25,Import,from eventlet.timeout import Timeout,https://opendev.org/openstack/trove/src/branch/master/trove/common/utils.py
trove,openstack/trove,trove/common/wsgi.py,23,Wsgi,import eventlet.wsgi,https://opendev.org/openstack/trove/src/branch/master/trove/common/wsgi.py
trove,openstack/trove,trove/common/wsgi.py,51,Wsgi,eventlet.wsgi.MAX_HEADER_LINE = CONF.max_header_line,https://opendev.org/openstack/trove/src/branch/master/trove/common/wsgi.py
trove,openstack/trove,trove/common/wsgi.py,53,"Other(""eventlet.patcher"")","eventlet.patcher.monkey_patch(all=False, socket=True)",https://opendev.org/openstack/trove/src/branch/master/trove/common/wsgi.py
trove,openstack/trove,trove/guestagent/api.py,20,Import,from eventlet import Timeout,https://opendev.org/openstack/trove/src/branch/master/trove/guestagent/api.py
trove,openstack/trove,trove/rpc.py,121,"Other(""executor = \""blocking\"" if debug_utils.enabled() els"")","executor = ""blocking"" if debug_utils.enabled() else ""eventlet""",https://opendev.org/openstack/trove/src/branch/master/trove/rpc.py
trove,openstack/trove,trove/taskmanager/models.py,20,Import,from eventlet import greenthread,https://opendev.org/openstack/trove/src/branch/master/trove/taskmanager/models.py
trove,openstack/trove,trove/taskmanager/models.py,21,Import,from eventlet.timeout import Timeout,https://opendev.org/openstack/trove/src/branch/master/trove/taskmanager/models.py
upstream-institute-virtual-environment,openstack/upstream-institute-virtual-environment,elements/upstream-training/static/tmp/requirements.txt,59,"Other(""eventlet==0.26.1"")",eventlet==0.26.1,https://opendev.org/openstack/upstream-institute-virtual-environment/src/branch/master/elements/upstream-training/static/tmp/requirements.txt
venus,openstack/venus,etc/venus/logging_sample.conf,54,"Other(""[logger_eventletwsgi]"")",[logger_eventletwsgi],https://opendev.org/openstack/venus/src/branch/master/etc/venus/logging_sample.conf
venus,openstack/venus,etc/venus/logging_sample.conf,57,Wsgi,qualname = eventlet.wsgi.server,https://opendev.org/openstack/venus/src/branch/master/etc/venus/logging_sample.conf
venus,openstack/venus,openstack_venus.egg-info/SOURCES.txt,217,"Other(""venus/wsgi/eventlet_server.py"")",venus/wsgi/eventlet_server.py,https://opendev.org/openstack/venus/src/branch/master/openstack_venus.egg-info/SOURCES.txt
venus,openstack/venus,openstack_venus.egg-info/SOURCES.txt,306,"Other(""venus/wsgi/eventlet_server.py"")",venus/wsgi/eventlet_server.py,https://opendev.org/openstack/venus/src/branch/master/openstack_venus.egg-info/SOURCES.txt
venus,openstack/venus,openstack_venus.egg-info/requires.txt,4,"Other(""eventlet>=0.26.0"")",eventlet>=0.26.0,https://opendev.org/openstack/venus/src/branch/master/openstack_venus.egg-info/requires.txt
venus,openstack/venus,requirements.txt,8,"Other(""eventlet>=0.26.0 # MIT"")",eventlet>=0.26.0 # MIT,https://opendev.org/openstack/venus/src/branch/master/requirements.txt
venus,openstack/venus,venus/rpc.py,157,Executor,"executor='eventlet',",https://opendev.org/openstack/venus/src/branch/master/venus/rpc.py
venus,openstack/venus,venus/service.py,41,Import,from venus.wsgi import eventlet_server as wsgi,https://opendev.org/openstack/venus/src/branch/master/venus/service.py
venus,openstack/venus,venus/wsgi/eventlet_server.py,15,"Other(""\""\""\""Methods for working with eventlet WSGI servers."")","""""""Methods for working with eventlet WSGI servers.""""""",https://opendev.org/openstack/venus/src/branch/master/venus/wsgi/eventlet_server.py
venus,openstack/venus,venus/wsgi/eventlet_server.py,25,Import,import eventlet,https://opendev.org/openstack/venus/src/branch/master/venus/wsgi/eventlet_server.py
venus,openstack/venus,venus/wsgi/eventlet_server.py,26,Wsgi,import eventlet.wsgi,https://opendev.org/openstack/venus/src/branch/master/venus/wsgi/eventlet_server.py
venus,openstack/venus,venus/wsgi/eventlet_server.py,46,Wsgi,"protocol=eventlet.wsgi.HttpProtocol, backlog=128):",https://opendev.org/openstack/venus/src/branch/master/venus/wsgi/eventlet_server.py
venus,openstack/venus,venus/wsgi/eventlet_server.py,53,"Other("":param pool_size: Maximum number of eventlets to s"")",:param pool_size: Maximum number of eventlets to spawn concurrently.,https://opendev.org/openstack/venus/src/branch/master/venus/wsgi/eventlet_server.py
venus,openstack/venus,venus/wsgi/eventlet_server.py,58,Wsgi,eventlet.wsgi.MAX_HEADER_LINE = CONF.max_header_line,https://opendev.org/openstack/venus/src/branch/master/venus/wsgi/eventlet_server.py
venus,openstack/venus,venus/wsgi/eventlet_server.py,68,Pool,self._pool = eventlet.GreenPool(self.pool_size),https://opendev.org/openstack/venus/src/branch/master/venus/wsgi/eventlet_server.py
venus,openstack/venus,venus/wsgi/eventlet_server.py,69,Wsgi,"self._logger = logging.getLogger(""eventlet.wsgi.server"")",https://opendev.org/openstack/venus/src/branch/master/venus/wsgi/eventlet_server.py
venus,openstack/venus,venus/wsgi/eventlet_server.py,114,Listen,"self._socket = eventlet.listen(bind_addr, backlog=backlog,",https://opendev.org/openstack/venus/src/branch/master/venus/wsgi/eventlet_server.py
venus,openstack/venus,venus/wsgi/eventlet_server.py,119,Sleep,eventlet.sleep(0.1),https://opendev.org/openstack/venus/src/branch/master/venus/wsgi/eventlet_server.py
venus,openstack/venus,venus/wsgi/eventlet_server.py,178,Wsgi,"'func': eventlet.wsgi.server,",https://opendev.org/openstack/venus/src/branch/master/venus/wsgi/eventlet_server.py
venus,openstack/venus,venus/wsgi/eventlet_server.py,188,Spawn,self._server = eventlet.spawn(**wsgi_kwargs),https://opendev.org/openstack/venus/src/branch/master/venus/wsgi/eventlet_server.py
venus,openstack/venus,venus/wsgi/eventlet_server.py,202,"Other(""server is stopped is by killing its eventlet."")",server is stopped is by killing its eventlet.,https://opendev.org/openstack/venus/src/branch/master/venus/wsgi/eventlet_server.py
venus,openstack/venus,venus/wsgi/eventlet_server.py,216,"Other(""Waits on the server's eventlet to finish, then ret"")","Waits on the server's eventlet to finish, then returns.",https://opendev.org/openstack/venus/src/branch/master/venus/wsgi/eventlet_server.py
vitrage,openstack/vitrage,releasenotes/notes/services-management-improvements-899c011e57002e84.yaml,8,"Other(""eventlets and timers."")",eventlets and timers.,https://opendev.org/openstack/vitrage/src/branch/master/releasenotes/notes/services-management-improvements-899c011e57002e84.yaml
vitrage,openstack/vitrage,requirements.txt,38,"Other(""eventlet!=0.20.1,>=0.20.0 # MIT"")","eventlet!=0.20.1,>=0.20.0 # MIT",https://opendev.org/openstack/vitrage/src/branch/master/requirements.txt
watcher,openstack/watcher,watcher/applier/workflow_engine/base.py,22,Import,import eventlet,https://opendev.org/openstack/watcher/src/branch/master/watcher/applier/workflow_engine/base.py
watcher,openstack/watcher,watcher/applier/workflow_engine/base.py,205,Spawn,"et = eventlet.spawn(_do_execute_action, *args, **kwargs)",https://opendev.org/openstack/watcher/src/branch/master/watcher/applier/workflow_engine/base.py
watcher,openstack/watcher,watcher/applier/workflow_engine/base.py,236,"Other(""eventlet.greenlet"")",except eventlet.greenlet.GreenletExit:,https://opendev.org/openstack/watcher/src/branch/master/watcher/applier/workflow_engine/base.py
watcher,openstack/watcher,watcher/cmd/__init__.py,18,Import,import eventlet,https://opendev.org/openstack/watcher/src/branch/master/watcher/cmd/__init__.py
watcher,openstack/watcher,watcher/cmd/__init__.py,20,MonkeyPatch,eventlet.monkey_patch(),https://opendev.org/openstack/watcher/src/branch/master/watcher/cmd/__init__.py
watcher,openstack/watcher,watcher/common/rpc.py,140,Executor,"executor='eventlet',",https://opendev.org/openstack/watcher/src/branch/master/watcher/common/rpc.py
watcher,openstack/watcher,watcher/common/rpc.py,154,Executor,"executor='eventlet',",https://opendev.org/openstack/watcher/src/branch/master/watcher/common/rpc.py
watcher,openstack/watcher,watcher/common/service.py,61,Wsgi,"'eventlet.wsgi.server=WARN', 'iso8601=WARN',",https://opendev.org/openstack/watcher/src/branch/master/watcher/common/service.py
watcher,openstack/watcher,watcher/common/utils.py,27,Import,import eventlet,https://opendev.org/openstack/watcher/src/branch/master/watcher/common/utils.py
watcher,openstack/watcher,watcher/common/utils.py,28,Import,from eventlet import tpool,https://opendev.org/openstack/watcher/src/branch/master/watcher/common/utils.py
watcher,openstack/watcher,watcher/common/utils.py,199,"Other(""eventlet.timeout"")",with eventlet.timeout.Timeout(,https://opendev.org/openstack/watcher/src/branch/master/watcher/common/utils.py
watcher,openstack/watcher,watcher/decision_engine/scheduling.py,19,Import,import eventlet,https://opendev.org/openstack/watcher/src/branch/master/watcher/decision_engine/scheduling.py
watcher,openstack/watcher,watcher/decision_engine/scheduling.py,58,"Other(""eventlet.Timeout"")",with eventlet.Timeout(,https://opendev.org/openstack/watcher/src/branch/master/watcher/decision_engine/scheduling.py
zun,openstack/zun,contrib/nova-docker/nova/virt/zun/driver.py,27,Import,import eventlet,https://opendev.org/openstack/zun/src/branch/master/contrib/nova-docker/nova/virt/zun/driver.py
zun,openstack/zun,contrib/nova-docker/nova/virt/zun/driver.py,467,"Other(""eventlet.timeout"")",except eventlet.timeout.Timeout:,https://opendev.org/openstack/zun/src/branch/master/contrib/nova-docker/nova/virt/zun/driver.py
zun,openstack/zun,contrib/nova-docker/nova/virt/zun/opencontrail.py,16,Import,import eventlet,https://opendev.org/openstack/zun/src/branch/master/contrib/nova-docker/nova/virt/zun/opencontrail.py
zun,openstack/zun,contrib/nova-docker/nova/virt/zun/opencontrail.py,34,"Other(""eventlet.semaphore"")",self._vrouter_semaphore = eventlet.semaphore.Semaphore(),https://opendev.org/openstack/zun/src/branch/master/contrib/nova-docker/nova/virt/zun/opencontrail.py
zun,openstack/zun,requirements.txt,10,"Other(""eventlet>=0.28.0 # MIT"")",eventlet>=0.28.0 # MIT,https://opendev.org/openstack/zun/src/branch/master/requirements.txt
zun,openstack/zun,zun/cmd/__init__.py,18,Import,import eventlet,https://opendev.org/openstack/zun/src/branch/master/zun/cmd/__init__.py
zun,openstack/zun,zun/cmd/__init__.py,20,MonkeyPatch,eventlet.monkey_patch(),https://opendev.org/openstack/zun/src/branch/master/zun/cmd/__init__.py
zun,openstack/zun,zun/common/rpc_service.py,55,Executor,"executor='eventlet',",https://opendev.org/openstack/zun/src/branch/master/zun/common/rpc_service.py
zun,openstack/zun,zun/common/utils.py,22,Import,import eventlet,https://opendev.org/openstack/zun/src/branch/master/zun/common/utils.py
zun,openstack/zun,zun/common/utils.py,194,"Other(""eventlet.spawn_n"")","""""""Passthrough method for eventlet.spawn_n.",https://opendev.org/openstack/zun/src/branch/master/zun/common/utils.py
zun,openstack/zun,zun/common/utils.py,213,"Other(""eventlet.spawn_n"")","eventlet.spawn_n(context_wrapper, *args, **kwargs)",https://opendev.org/openstack/zun/src/branch/master/zun/common/utils.py
zun,openstack/zun,zun/container/docker/driver.py,16,Import,import eventlet,https://opendev.org/openstack/zun/src/branch/master/zun/container/docker/driver.py
zun,openstack/zun,zun/container/docker/driver.py,869,"Other(""eventlet.Timeout"")",with eventlet.Timeout(CONF.docker.execute_timeout):,https://opendev.org/openstack/zun/src/branch/master/zun/container/docker/driver.py
zun,openstack/zun,zun/container/docker/driver.py,871,"Other(""eventlet.Timeout"")",except eventlet.Timeout:,https://opendev.org/openstack/zun/src/branch/master/zun/container/docker/driver.py
zun,openstack/zun,zun/websocket/websocketproxy.py,178,Import,from eventlet import hubs,https://opendev.org/openstack/zun/src/branch/master/zun/websocket/websocketproxy.py
